{"pos": [[3, 4], [4, 4], [3, 3], [4, 3], [2, 3], [5, 3], [4, 3], [5, 4], [4, 5], [5, 4], [5, 5], [6, 4], [5, 4], [7, 4], [4, 4], [7, 3], [4, 4], [7, 2], [4, 3], [6, 2], [4, 2], [6, 3], [5, 2], [6, 2], [5, 1], [5, 2], [4, 1], [4, 2], [3, 1], [3, 2], [5, 1], [2, 2], [5, 2], [2, 2], [5, 3], [3, 2], [5, 2], [3, 3], [5, 3], [4, 3], [5, 4], [4, 4], [5, 5], [7, 4], [5, 6], [7, 2], [4, 6], [6, 2], [3, 6], [5, 2], [3, 7], [5, 3], [3, 4], [4, 3], [3, 4], [3, 3], [2, 4], [2, 3], [3, 4], [1, 3], [4, 4], [0, 3], [3, 4], [1, 3], [4, 4], [2, 3], [3, 4], [2, 3], [3, 3], [0, 3], [3, 4], [0, 4], [3, 5], [0, 4], [2, 5], [1, 4], [3, 5], [0, 4], [3, 6], [2, 4]], "a_points": [1, 1, 2, 2, 3, 3, 5, 5, 7, 7, 7, 7, 7, 7, 7, 7, 11, 11, 11, 11, 11, 11, 11, 11, 12, 12, 13, 13, 14, 14, 16, 16, 16, 16, 15, 15, 15, 15, 15, 15, 15, 15, 16, 16, 17, 17, 18, 18, 19, 19, 20, 20, 24, 24, 28, 28, 28, 28, 29, 29, 29, 29, 29, 29, 29, 29, 29, 29, 29, 29, 29, 29, 29, 29, 29, 29, 30, 30, 30, 30], "b_points": [0, 1, 1, 2, 2, 3, 3, 4, 4, 8, 8, 8, 8, 9, 9, 10, 10, 11, 11, 12, 12, 12, 12, 13, 13, 12, 12, 12, 12, 13, 13, 13, 13, 17, 17, 18, 18, 18, 18, 18, 18, 18, 18, 22, 22, 24, 24, 24, 24, 25, 25, 25, 25, 25, 25, 25, 25, 25, 25, 25, 25, 25, 25, 26, 26, 27, 27, 31, 31, 33, 33, 33, 33, 37, 37, 37, 37, 38, 38, 40], "a_turns_left": [39, 39, 38, 38, 37, 37, 36, 36, 35, 35, 34, 34, 33, 33, 32, 32, 31, 31, 30, 30, 29, 29, 28, 28, 27, 27, 26, 26, 25, 25, 24, 24, 23, 23, 22, 22, 21, 21, 20, 20, 19, 19, 18, 18, 17, 17, 16, 16, 15, 15, 14, 14, 13, 13, 12, 12, 11, 11, 10, 10, 9, 9, 8, 8, 7, 7, 6, 6, 5, 5, 4, 4, 3, 3, 2, 2, 1, 1, 0, 0], "b_turns_left": [40, 39, 39, 38, 38, 37, 37, 36, 36, 35, 35, 34, 34, 33, 33, 32, 32, 31, 31, 30, 30, 29, 29, 28, 28, 27, 27, 26, 26, 25, 25, 24, 24, 23, 23, 22, 22, 21, 21, 20, 20, 19, 19, 18, 18, 17, 17, 16, 16, 15, 15, 14, 14, 13, 13, 12, 12, 11, 11, 10, 10, 9, 9, 8, 8, 7, 7, 6, 6, 5, 5, 4, 4, 3, 3, 2, 2, 1, 1, 0], "a_time_left": [235.38493920792826, 235.38493920792826, 230.77158962376416, 230.77158962376416, 226.15943787363358, 226.15943787363358, 221.54630116559565, 221.54630116559565, 216.9343265404459, 216.9343265404459, 212.32298887427896, 212.32298887427896, 207.71289329021238, 207.71289329021238, 203.1032099572476, 203.1032099572476, 198.4863833321724, 198.4863833321724, 193.83985795732588, 193.83985795732588, 189.22889424930327, 189.22889424930327, 184.61889812420122, 184.61889812420122, 180.01062741619535, 180.01062741619535, 175.40158354118466, 175.40158354118466, 170.79312462522648, 170.79312462522648, 166.18204583320767, 166.18204583320767, 161.57098375028, 161.57098375028, 156.96292454120703, 156.96292454120703, 152.35315412422642, 152.35315412422642, 147.63098949939013, 147.63098949939013, 143.01837937440723, 143.01837937440723, 138.40520054032095, 138.40520054032095, 133.78883608151227, 133.78883608151227, 129.17701412341557, 129.17701412341557, 124.5548174562864, 124.5548174562864, 119.93671062332578, 119.93671062332578, 115.29571262327954, 115.29571262327954, 110.68368645617738, 110.68368645617738, 106.06619495619088, 106.06619495619088, 101.45539366523735, 101.45539366523735, 96.85071591543965, 96.85071591543965, 92.24186095641926, 92.24186095641926, 87.63260878948495, 87.63260878948495, 83.02360378950834, 83.02360378950834, 78.33697299845517, 78.33697299845517, 73.72428329056129, 73.72428329056129, 69.11269608163275, 69.11269608163275, 64.50431858166121, 64.50431858166121, 59.896066998597234, 59.896066998597234, 55.288812540471554, 55.288812540471554], "b_time_left": [240, 235.38874408393167, 235.38874408393167, 230.77706458396278, 230.77706458396278, 226.166575249983, 226.166575249983, 221.55581100005656, 221.55581100005656, 216.9454305418767, 216.9454305418767, 212.33588670869358, 212.33588670869358, 207.7237714587245, 207.7237714587245, 203.10941729159094, 203.10941729159094, 198.49651574948803, 198.49651574948803, 193.8878605836071, 193.8878605836071, 189.2765551256016, 189.2765551256016, 184.66709104273468, 184.66709104273468, 180.05623658467084, 180.05623658467084, 175.44850320974365, 175.44850320974365, 170.8301002518274, 170.8301002518274, 166.21897825179622, 166.21897825179622, 161.60498816892505, 161.60498816892505, 156.99239362683147, 156.99239362683147, 152.35832504392602, 152.35832504392602, 147.7462972938083, 147.7462972938083, 143.13811608590186, 143.13811608590186, 138.5225705029443, 138.5225705029443, 133.91036554495804, 133.91036554495804, 129.30162712885067, 129.30162712885067, 124.6878000870347, 124.6878000870347, 120.0755616701208, 120.0755616701208, 115.46394821209833, 115.46394821209833, 110.85257808701135, 110.85257808701135, 106.23868891992606, 106.23868891992606, 101.62741100392304, 101.62741100392304, 97.01199162891135, 97.01199162891135, 92.40424071182497, 92.40424071182497, 87.78917033690959, 87.78917033690959, 83.17637542099692, 83.17637542099692, 78.56618712912314, 78.56618712912314, 73.9580574631691, 73.9580574631691, 69.34499929705635, 69.34499929705635, 64.73624013015069, 64.73624013015069, 60.124640505062416, 60.124640505062416, 55.519083129940554], "rat_caught": [false, false, false, false, false, false, false, false, false, true, false, false, false, false, false, false, true, false, false, false, false, false, false, false, false, false, false, false, false, false, false, false, false, true, false, false, false, false, false, false, false, false, false, false, false, false, false, false, false, false, false, false, false, false, true, false, false, false, false, false, false, false, false, false, false, false, false, true, false, false, false, false, false, true, false, false, false, false, false, false], "left_behind": ["prime", "prime", "prime", "prime", "prime", "prime", "carpet", "prime", "carpet", "search", "plain", "plain", "plain", "prime", "plain", "prime", "search", "prime", "plain", "prime", "plain", "plain", "plain", "prime", "prime", "carpet", "prime", "plain", "prime", "prime", "carpet", "plain", "plain", "search", "carpet", "prime", "plain", "plain", "plain", "plain", "plain", "plain", "prime", "carpet", "prime", "carpet", "prime", "plain", "prime", "prime", "prime", "plain", "carpet", "plain", "search", "plain", "plain", "plain", "prime", "plain", "plain", "plain", "plain", "prime", "plain", "prime", "plain", "search", "plain", "carpet", "plain", "plain", "plain", "search", "plain", "plain", "prime", "prime", "plain", "carpet"], "errlog_a": "turns=40, last_best_rat_prob=0.341, last_search_target=(5, 2), last_eval=-164.00, last_depth=205, search_miss_streak=0, search_gain=-999999998.00, board_gain=-58.70, opp_threat=2.00, opp_setup_threat=1.20, search_threshold=0.460", "errlog_b": "turns=40, last_best_rat_prob=0.395, last_search_target=(4, 2), last_eval=230.89, last_depth=770, search_miss_streak=0, search_gain=-1000000000.00, board_gain=87.99, opp_threat=2.00, opp_setup_threat=1.20, search_threshold=0.510", "start_time": 240, "start_moves": 80, "turn_count": 80, "result": 1, "reason": "POINTS", "trapdoors": [[5, 4], [5, 4], [6, 4], [5, 4], [5, 4], [6, 4], [6, 4], [6, 4], [5, 4], [5, 3], [4, 1], [4, 1], [4, 2], [3, 2], [3, 3], [3, 4], [3, 4], [1, 5], [1, 6], [1, 6], [1, 6], [1, 6], [2, 6], [2, 6], [2, 6], [2, 6], [2, 5], [2, 5], [2, 6], [2, 7], [2, 7], [2, 7], [3, 7], [3, 7], [1, 1], [1, 1], [1, 1], [0, 1], [0, 1], [0, 1], [1, 1], [1, 1], [1, 2], [2, 2], [2, 2], [2, 3], [2, 4], [2, 4], [2, 5], [2, 5], [2, 5], [2, 5], [2, 5], [2, 5], [3, 5], [5, 3], [5, 3], [5, 4], [5, 4], [5, 4], [5, 4], [6, 4], [5, 4], [5, 4], [6, 4], [6, 3], [6, 3], [6, 2], [4, 7], [4, 7], [4, 7], [5, 7], [5, 7], [5, 6], [5, 3], [5, 3], [5, 2], [5, 2], [5, 2], [5, 2], [4, 2]], "spawn_a": [3, 5], "spawn_b": [4, 5]}