{"pos": [[2, 3], [5, 5], [3, 3], [4, 5], [4, 3], [3, 5], [5, 3], [2, 5], [6, 3], [2, 3], [3, 3], [2, 2], [3, 2], [1, 2], [3, 1], [0, 2], [3, 0], [0, 3], [3, 1], [1, 3], [3, 2], [2, 3], [3, 2], [2, 4], [4, 2], [2, 5], [5, 2], [1, 5], [6, 2], [0, 5], [7, 2], [5, 5], [2, 2], [4, 5], [1, 2], [4, 4], [2, 2], [3, 4], [2, 1], [2, 4], [2, 2], [2, 4], [2, 3], [5, 4], [0, 3], [5, 4], [0, 4], [6, 4], [0, 5], [7, 4], [1, 5], [7, 3], [1, 5], [6, 3], [1, 4], [6, 3], [1, 3], [6, 4], [2, 3], [6, 5], [2, 3], [7, 5], [2, 3], [7, 5], [2, 2], [6, 5], [2, 3], [6, 3], [2, 3], [6, 4], [2, 2], [6, 5], [2, 3], [5, 5], [2, 2], [5, 5], [0, 2], [7, 5], [0, 3], [7, 3]], "a_points": [1, 1, 2, 2, 3, 3, 4, 4, 5, 5, 9, 9, 9, 9, 9, 9, 9, 9, 10, 10, 11, 11, 15, 15, 16, 16, 17, 17, 18, 18, 19, 19, 29, 29, 29, 29, 30, 30, 30, 30, 31, 31, 31, 31, 33, 33, 33, 33, 34, 34, 35, 35, 33, 33, 33, 33, 34, 34, 34, 34, 32, 32, 30, 30, 30, 30, 30, 30, 34, 34, 34, 34, 34, 34, 34, 34, 36, 36, 36, 36], "b_points": [0, 1, 1, 2, 2, 3, 3, 4, 4, 6, 6, 6, 6, 7, 7, 7, 7, 8, 8, 9, 9, 10, 10, 10, 10, 10, 10, 11, 11, 12, 12, 22, 22, 22, 22, 22, 22, 23, 23, 24, 24, 22, 22, 26, 26, 30, 30, 30, 30, 30, 30, 31, 31, 32, 32, 36, 36, 37, 37, 38, 38, 38, 38, 42, 42, 43, 43, 45, 45, 45, 45, 45, 45, 46, 46, 44, 44, 46, 46, 48], "a_turns_left": [39, 39, 38, 38, 37, 37, 36, 36, 35, 35, 34, 34, 33, 33, 32, 32, 31, 31, 30, 30, 29, 29, 28, 28, 27, 27, 26, 26, 25, 25, 24, 24, 23, 23, 22, 22, 21, 21, 20, 20, 19, 19, 18, 18, 17, 17, 16, 16, 15, 15, 14, 14, 13, 13, 12, 12, 11, 11, 10, 10, 9, 9, 8, 8, 7, 7, 6, 6, 5, 5, 4, 4, 3, 3, 2, 2, 1, 1, 0, 0], "b_turns_left": [40, 39, 39, 38, 38, 37, 37, 36, 36, 35, 35, 34, 34, 33, 33, 32, 32, 31, 31, 30, 30, 29, 29, 28, 28, 27, 27, 26, 26, 25, 25, 24, 24, 23, 23, 22, 22, 21, 21, 20, 20, 19, 19, 18, 18, 17, 17, 16, 16, 15, 15, 14, 14, 13, 13, 12, 12, 11, 11, 10, 10, 9, 9, 8, 8, 7, 7, 6, 6, 5, 5, 4, 4, 3, 3, 2, 2, 1, 1, 0], "a_time_left": [235.38546304102056, 235.38546304102056, 230.77432329091243, 230.77432329091243, 226.15742808301002, 226.15742808301002, 221.5430633330252, 221.5430633330252, 216.87860866589472, 216.87860866589472, 212.25880754110403, 212.25880754110403, 207.63906925008632, 207.63906925008632, 203.02525670826435, 203.02525670826435, 198.39056850015186, 198.39056850015186, 193.7576075422112, 193.7576075422112, 189.14643875020556, 189.14643875020556, 184.5181435830891, 184.5181435830891, 179.89675000007264, 179.89675000007264, 175.23846420808695, 175.23846420808695, 170.61736224987544, 170.61736224987544, 165.9639027500525, 165.9639027500525, 161.35307050007395, 161.35307050007395, 156.74020466627553, 156.74020466627553, 152.11628408310935, 152.11628408310935, 147.50083533325233, 147.50083533325233, 142.88999995822087, 142.88999995822087, 138.27628945815377, 138.27628945815377, 133.4367086661514, 133.4367086661514, 128.82195758330636, 128.82195758330636, 124.2094629581552, 124.2094629581552, 119.59528774931096, 119.59528774931096, 114.97545033227652, 114.97545033227652, 110.36502683232538, 110.36502683232538, 105.74369158246554, 105.74369158246554, 101.12739324942231, 101.12739324942231, 96.0407009164337, 96.0407009164337, 91.42369345831685, 91.42369345831685, 86.81320716626942, 86.81320716626942, 82.19445108342916, 82.19445108342916, 77.5689202924259, 77.5689202924259, 72.95838250033557, 72.95838250033557, 68.33725962531753, 68.33725962531753, 63.7171090003103, 63.7171090003103, 59.10160429216921, 59.10160429216921, 54.48499520914629, 54.48499520914629], "b_time_left": [240, 235.38689866708592, 235.38689866708592, 230.77282404201105, 230.77282404201105, 226.16059987596236, 226.16059987596236, 221.54440166708082, 221.54440166708082, 216.88375991699286, 216.88375991699286, 212.2637160839513, 212.2637160839513, 207.6487061260268, 207.6487061260268, 203.02808537590317, 203.02808537590317, 198.40408683405258, 198.40408683405258, 193.78484004200436, 193.78484004200436, 189.1712862921413, 189.1712862921413, 184.55210291710682, 184.55210291710682, 179.93706041714177, 179.93706041714177, 175.30486712534912, 175.30486712534912, 170.67968579242006, 170.67968579242006, 166.054321376374, 166.054321376374, 161.43792541744187, 161.43792541744187, 156.81758766737767, 156.81758766737767, 152.19016612530686, 152.19016612530686, 147.57701454218477, 147.57701454218477, 142.9496916672215, 142.9496916672215, 138.33425354235806, 138.33425354235806, 133.7098350834567, 133.7098350834567, 129.08460295852274, 129.08460295852274, 124.44734545866959, 124.44734545866959, 119.83463433384895, 119.83463433384895, 115.22102633374743, 115.22102633374743, 110.60141437477432, 110.60141437477432, 105.98513179086149, 105.98513179086149, 101.36660779081285, 101.36660779081285, 96.73216895759106, 96.73216895759106, 92.09970083250664, 92.09970083250664, 87.48800466558896, 87.48800466558896, 82.87115483148955, 82.87115483148955, 78.22256658156402, 78.22256658156402, 73.59866212354973, 73.59866212354973, 68.97739083156921, 68.97739083156921, 64.35364849749021, 64.35364849749021, 59.715279122581705, 59.715279122581705, 55.11022495571524], "rat_caught": [false, false, false, false, false, false, false, false, false, false, false, false, false, false, false, false, false, false, false, false, false, false, true, false, false, false, false, false, false, false, false, false, false, false, false, false, false, false, false, false, false, false, false, false, false, true, false, false, false, false, false, false, false, false, false, true, false, false, false, false, false, false, false, true, false, false, false, false, true, false, false, false, false, false, false, false, false, false, false, false], "left_behind": ["prime", "prime", "prime", "prime", "prime", "prime", "prime", "prime", "prime", "carpet", "carpet", "plain", "plain", "prime", "plain", "plain", "plain", "prime", "prime", "prime", "prime", "prime", "search", "plain", "prime", "plain", "prime", "prime", "prime", "prime", "prime", "carpet", "carpet", "plain", "plain", "plain", "prime", "prime", "plain", "prime", "prime", "search", "plain", "carpet", "carpet", "search", "plain", "plain", "prime", "plain", "prime", "prime", "search", "prime", "plain", "search", "prime", "prime", "plain", "prime", "search", "plain", "search", "search", "plain", "prime", "plain", "carpet", "search", "plain", "plain", "plain", "plain", "prime", "plain", "search", "carpet", "carpet", "plain", "carpet"], "errlog_a": "turns=40, last_best_rat_prob=0.399, last_search_target=(5, 1), last_eval=-193.36, last_depth=199, search_miss_streak=0, search_gain=-999999998.00, board_gain=-21.16, opp_threat=2.00, opp_setup_threat=2.00, search_threshold=0.460", "errlog_b": "turns=40, last_best_rat_prob=0.252, last_search_target=(4, 3), last_eval=252.54, last_depth=917, search_miss_streak=1, search_gain=-1000000000.00, board_gain=-13.96, opp_threat=2.00, opp_setup_threat=2.00, search_threshold=0.580", "start_time": 240, "start_moves": 80, "turn_count": 80, "result": 1, "reason": "POINTS", "trapdoors": [[5, 1], [5, 1], [5, 0], [5, 0], [5, 0], [4, 0], [3, 0], [3, 0], [4, 0], [4, 0], [3, 0], [3, 1], [3, 0], [2, 0], [2, 0], [2, 0], [2, 1], [2, 1], [3, 1], [3, 1], [3, 1], [3, 1], [3, 2], [1, 6], [1, 6], [1, 6], [1, 7], [1, 7], [1, 7], [2, 7], [2, 7], [3, 7], [3, 7], [3, 7], [3, 7], [3, 7], [3, 7], [3, 7], [2, 7], [2, 7], [2, 6], [2, 6], [3, 6], [3, 6], [3, 6], [3, 6], [2, 4], [1, 4], [1, 5], [0, 5], [1, 5], [1, 5], [1, 5], [0, 5], [0, 5], [0, 6], [2, 4], [2, 4], [1, 4], [2, 4], [2, 4], [3, 4], [2, 4], [2, 4], [3, 2], [2, 2], [2, 2], [2, 2], [2, 3], [4, 2], [4, 3], [5, 3], [5, 3], [5, 4], [5, 4], [5, 4], [4, 4], [4, 4], [4, 4], [4, 4], [4, 3]], "spawn_a": [2, 4], "spawn_b": [5, 4]}