{"pos": [[2, 4], [5, 4], [2, 3], [5, 3], [2, 2], [5, 2], [2, 1], [5, 1], [2, 0], [5, 0], [2, 5], [5, 5], [2, 5], [5, 5], [3, 5], [4, 5], [3, 4], [4, 4], [3, 3], [4, 3], [2, 3], [4, 2], [2, 4], [4, 3], [4, 4], [4, 3], [5, 4], [4, 2], [5, 3], [4, 3], [6, 3], [5, 3], [6, 4], [3, 3], [6, 5], [3, 2], [7, 5], [3, 2], [7, 4], [3, 1], [7, 3], [3, 0], [7, 2], [3, 1], [6, 2], [4, 1], [6, 5], [3, 1], [6, 5], [3, 2], [5, 5], [3, 3], [3, 5], [3, 0], [2, 5], [4, 0], [1, 5], [5, 0], [0, 5], [5, 1], [0, 5], [5, 2], [0, 4], [6, 2], [0, 3], [5, 2], [1, 3], [7, 2], [2, 3], [7, 2], [0, 3], [7, 2], [0, 5], [7, 5], [0, 4], [7, 5], [1, 4], [6, 5], [1, 4], [5, 5]], "a_points": [1, 1, 2, 2, 3, 3, 4, 4, 5, 5, 15, 15, 13, 13, 13, 13, 14, 14, 15, 15, 16, 16, 16, 16, 18, 18, 18, 18, 18, 18, 18, 18, 19, 19, 20, 20, 21, 21, 22, 22, 23, 23, 24, 24, 25, 25, 29, 29, 27, 27, 27, 27, 29, 29, 29, 29, 29, 29, 30, 30, 34, 34, 35, 35, 36, 36, 37, 37, 38, 38, 40, 40, 42, 42, 42, 42, 42, 42, 46, 46], "b_points": [0, 1, 1, 2, 2, 3, 3, 4, 4, 5, 5, 15, 15, 13, 13, 13, 13, 14, 14, 15, 15, 15, 15, 15, 15, 19, 19, 19, 19, 20, 20, 21, 21, 23, 23, 23, 23, 27, 27, 27, 27, 27, 27, 28, 28, 28, 28, 29, 29, 30, 30, 31, 31, 35, 35, 35, 35, 35, 35, 36, 36, 36, 36, 36, 36, 37, 37, 39, 39, 43, 43, 47, 47, 51, 51, 49, 49, 49, 49, 49], "a_turns_left": [39, 39, 38, 38, 37, 37, 36, 36, 35, 35, 34, 34, 33, 33, 32, 32, 31, 31, 30, 30, 29, 29, 28, 28, 27, 27, 26, 26, 25, 25, 24, 24, 23, 23, 22, 22, 21, 21, 20, 20, 19, 19, 18, 18, 17, 17, 16, 16, 15, 15, 14, 14, 13, 13, 12, 12, 11, 11, 10, 10, 9, 9, 8, 8, 7, 7, 6, 6, 5, 5, 4, 4, 3, 3, 2, 2, 1, 1, 0, 0], "b_turns_left": [40, 39, 39, 38, 38, 37, 37, 36, 36, 35, 35, 34, 34, 33, 33, 32, 32, 31, 31, 30, 30, 29, 29, 28, 28, 27, 27, 26, 26, 25, 25, 24, 24, 23, 23, 22, 22, 21, 21, 20, 20, 19, 19, 18, 18, 17, 17, 16, 16, 15, 15, 14, 14, 13, 13, 12, 12, 11, 11, 10, 10, 9, 9, 8, 8, 7, 7, 6, 6, 5, 5, 4, 4, 3, 3, 2, 2, 1, 1, 0], "a_time_left": [235.3849845000077, 235.3849845000077, 230.76481149997562, 230.76481149997562, 226.15397916710936, 226.15397916710936, 221.53872912516817, 221.53872912516817, 216.89505900023505, 216.89505900023505, 212.25656108325347, 212.25656108325347, 207.5847495412454, 207.5847495412454, 202.97126979124732, 202.97126979124732, 198.21850395738147, 198.21850395738147, 193.5969667902682, 193.5969667902682, 188.96821070625447, 188.96821070625447, 184.3457002483774, 184.3457002483774, 179.73014479060657, 179.73014479060657, 175.11660808254965, 175.11660808254965, 170.50548666645773, 170.50548666645773, 165.88832483324222, 165.88832483324222, 161.26388520840555, 161.26388520840555, 156.64623941644095, 156.64623941644095, 152.03249245742336, 152.03249245742336, 147.41528462339193, 147.41528462339193, 142.7966123733204, 142.7966123733204, 138.18326478917152, 138.18326478917152, 133.56403570529073, 133.56403570529073, 128.9535213301424, 128.9535213301424, 124.32970145507716, 124.32970145507716, 119.71663532988168, 119.71663532988168, 115.09848403790966, 115.09848403790966, 110.48788245487958, 110.48788245487958, 105.87912699696608, 105.87912699696608, 101.2620426218491, 101.2620426218491, 96.64549616281874, 96.64549616281874, 92.03629895462655, 92.03629895462655, 87.41843887162395, 87.41843887162395, 82.79816503776237, 82.79816503776237, 78.18986078794114, 78.18986078794114, 73.57797191292048, 73.57797191292048, 68.96732474607415, 68.96732474607415, 64.363745162962, 64.363745162962, 59.75592499598861, 59.75592499598861, 55.14563824608922, 55.14563824608922], "b_time_left": [240, 235.36280150013044, 235.36280150013044, 230.7391097501386, 230.7391097501386, 226.1130683752708, 226.1130683752708, 221.4748530832585, 221.4748530832585, 216.8555819161702, 216.8555819161702, 212.1674930411391, 212.1674930411391, 207.53965674922802, 207.53965674922802, 202.9220694573596, 202.9220694573596, 198.28775524836965, 198.28775524836965, 193.64141820627265, 193.64141820627265, 189.02592891431414, 189.02592891431414, 184.39888012222946, 184.39888012222946, 179.7715537471231, 179.7715537471231, 175.1458129552193, 175.1458129552193, 170.5294921642635, 170.5294921642635, 165.9032176642213, 165.9032176642213, 161.2907596642617, 161.2907596642617, 156.6751532892231, 156.6751532892231, 152.0500519971829, 152.0500519971829, 147.43426220514812, 147.43426220514812, 142.8151815382298, 142.8151815382298, 138.06579433032311, 138.06579433032311, 133.44462828920223, 133.44462828920223, 128.83630203921348, 128.83630203921348, 124.22397628915496, 124.22397628915496, 119.60391937219538, 119.60391937219538, 114.98904462205246, 114.98904462205246, 110.3713314968627, 110.3713314968627, 105.75751716387458, 105.75751716387458, 101.14752224693075, 101.14752224693075, 96.53503366396762, 96.53503366396762, 91.91043645492755, 91.91043645492755, 87.29729645489715, 87.29729645489715, 82.68623212189414, 82.68623212189414, 78.06831303867511, 78.06831303867511, 73.45309591386467, 73.45309591386467, 68.84451095596887, 68.84451095596887, 64.23314508097246, 64.23314508097246, 59.6241662891116, 59.6241662891116, 55.01812208117917], "rat_caught": [false, false, false, false, false, false, false, false, false, false, false, false, false, false, false, false, false, false, false, false, false, false, false, false, false, true, false, false, false, false, false, false, false, false, false, false, false, true, false, false, false, false, false, false, false, false, false, false, false, false, false, false, false, false, false, false, false, false, false, false, true, false, false, false, false, false, false, false, false, true, false, true, false, false, false, false, false, false, true, false], "left_behind": ["prime", "prime", "prime", "prime", "prime", "prime", "prime", "prime", "prime", "prime", "carpet", "carpet", "search", "search", "plain", "plain", "prime", "prime", "prime", "prime", "prime", "plain", "plain", "plain", "carpet", "search", "plain", "plain", "plain", "prime", "plain", "prime", "prime", "carpet", "prime", "plain", "prime", "search", "prime", "plain", "prime", "plain", "prime", "prime", "prime", "plain", "carpet", "prime", "search", "prime", "plain", "prime", "carpet", "carpet", "plain", "plain", "plain", "plain", "prime", "prime", "search", "plain", "prime", "plain", "prime", "prime", "prime", "carpet", "prime", "search", "carpet", "search", "carpet", "carpet", "plain", "search", "plain", "plain", "search", "plain"], "errlog_a": "turns=40, last_best_rat_prob=0.556, last_search_target=(5, 6), last_eval=52.01, last_depth=174, search_miss_streak=0, search_gain=52.01, board_gain=-40.95, opp_threat=0.00, opp_setup_threat=0.00, search_threshold=0.480", "errlog_b": "turns=40, last_best_rat_prob=0.222, last_search_target=(0, 4), last_eval=48.02, last_depth=1360, search_miss_streak=1, search_gain=-1000000000.00, board_gain=60.82, opp_threat=1.00, opp_setup_threat=3.70, search_threshold=0.610", "start_time": 240, "start_moves": 80, "turn_count": 80, "result": 1, "reason": "POINTS", "trapdoors": [[6, 0], [5, 0], [6, 0], [6, 0], [7, 0], [6, 0], [6, 0], [7, 0], [7, 0], [7, 0], [6, 0], [5, 0], [5, 0], [6, 0], [6, 0], [6, 0], [5, 0], [4, 0], [5, 0], [5, 0], [5, 0], [5, 0], [5, 0], [5, 0], [6, 0], [6, 0], [7, 2], [7, 2], [7, 3], [7, 3], [7, 3], [7, 4], [6, 4], [6, 3], [6, 2], [6, 2], [6, 3], [6, 3], [4, 6], [4, 6], [4, 6], [4, 6], [3, 6], [3, 6], [4, 6], [4, 6], [3, 6], [3, 6], [3, 6], [3, 6], [3, 6], [3, 6], [2, 6], [1, 6], [0, 6], [0, 6], [0, 5], [0, 6], [0, 6], [0, 5], [0, 5], [7, 1], [7, 1], [7, 1], [7, 1], [6, 1], [6, 1], [6, 2], [6, 2], [6, 2], [7, 3], [7, 3], [6, 4], [6, 5], [6, 5], [5, 5], [5, 5], [5, 5], [5, 6], [2, 1], [2, 1]], "spawn_a": [2, 5], "spawn_b": [5, 5]}