{"pos": [[2, 4], [4, 5], [2, 3], [4, 4], [2, 4], [4, 3], [2, 5], [4, 4], [2, 5], [5, 4], [2, 3], [6, 4], [2, 2], [7, 4], [3, 2], [3, 4], [3, 2], [3, 3], [4, 2], [3, 4], [2, 2], [4, 4], [2, 3], [4, 3], [2, 2], [4, 2], [1, 2], [5, 2], [0, 2], [6, 2], [0, 3], [6, 3], [0, 4], [7, 3], [1, 4], [7, 2], [1, 4], [4, 2], [2, 4], [4, 3], [0, 4], [4, 3]], "a_points": [1, 1, 1, 1, 2, 2, 3, 3, 7, 7, 9, 9, 9, 9, 10, 10, 14, 14, 15, 15, 17, 17, 17, 17, 17, 17, 17, 17, 18, 18, 19, 19, 20, 20, 21, 21, 19, 19, 20, 20, 22, 22], "b_points": [0, 0, 0, 1, 1, 1, 1, 2, 2, 3, 3, 4, 4, 5, 5, 11, 11, 11, 11, 12, 12, 12, 12, 11, 11, 11, 11, 12, 12, 13, 13, 14, 14, 15, 15, 16, 16, 20, 20, 20, 20, 24], "a_turns_left": [39, 39, 38, 38, 37, 37, 36, 36, 35, 35, 34, 34, 33, 33, 32, 32, 31, 31, 30, 30, 29, 29, 28, 28, 27, 27, 26, 26, 25, 25, 24, 24, 23, 23, 22, 22, 21, 21, 20, 20, 19, 19], "b_turns_left": [40, 39, 39, 38, 38, 37, 37, 36, 36, 35, 35, 34, 34, 33, 33, 32, 32, 31, 31, 30, 30, 29, 29, 28, 28, 27, 27, 26, 26, 25, 25, 24, 24, 23, 23, 22, 22, 21, 21, 20, 20, 19], "a_time_left": [235.39037970802747, 235.39037970802747, 230.7778465829324, 230.7778465829324, 226.1631565829739, 226.1631565829739, 221.55206599994563, 221.55206599994563, 216.93241849984042, 216.93241849984042, 212.32046437473036, 212.32046437473036, 207.70403766678646, 207.70403766678646, 203.09286220860668, 203.09286220860668, 198.47604995872825, 198.47604995872825, 193.86064579174854, 193.86064579174854, 189.25037120771594, 189.25037120771594, 184.6340663745068, 184.6340663745068, 180.02558266557753, 180.02558266557753, 175.41132049937733, 175.41132049937733, 170.7866357904859, 170.7866357904859, 166.1789639154449, 166.1789639154449, 161.5704723733943, 161.5704723733943, 156.95865124836564, 156.95865124836564, 152.3368318732828, 152.3368318732828, 147.71288183121942, 147.71288183121942, 143.09241099725477, 143.09241099725477], "b_time_left": [240, 235.38940408290364, 235.38940408290364, 230.78004008275457, 230.78004008275457, 226.16880658268929, 226.16880658268929, 221.55211187456734, 221.55211187456734, 216.9393789996393, 216.9393789996393, 212.31647666567005, 212.31647666567005, 207.69631591555662, 207.69631591555662, 203.08360904059373, 203.08360904059373, 198.4724409985356, 198.4724409985356, 193.86317399865948, 193.86317399865948, 189.25457095657475, 189.25457095657475, 184.63045899849385, 184.63045899849385, 180.01420841459185, 180.01420841459185, 175.4005318316631, 175.4005318316631, 170.7839561237488, 170.7839561237488, 166.1713455405552, 166.1713455405552, 161.5593412485905, 161.5593412485905, 156.9497074985411, 156.9497074985411, 152.33570995670743, 152.33570995670743, 147.69889970659278, 147.69889970659278, 143.08199633168988], "rat_caught": [false, false, false, false, false, false, false, false, true, false, false, false, false, false, false, false, true, false, false, false, false, false, false, false, false, false, false, false, false, false, false, false, false, false, false, false, false, false, false, false, false, true], "left_behind": ["prime", "plain", "plain", "prime", "prime", "plain", "prime", "prime", "search", "prime", "carpet", "prime", "plain", "prime", "prime", "carpet", "search", "plain", "prime", "prime", "carpet", "plain", "plain", "carpet", "plain", "plain", "plain", "prime", "prime", "prime", "prime", "prime", "prime", "prime", "prime", "prime", "search", "carpet", "prime", "plain", "carpet", "search"], "errlog_a": "Traceback (most recent call last):\n  File \"/Users/aryanpatel/CS3600/dist 3/engine/player_process.py\", line 280, in run_player_process\n    player_move = player.play(\n        temp_board, rat_samples, time_left_func\n    )\n  File \"/Users/aryanpatel/CS3600/dist 3/3600-agents/fastcopy/agent.py\", line 163, in play\n    move_at_depth, value_at_depth, completed = self._search_root_to_depth(\n                                               ~~~~~~~~~~~~~~~~~~~~~~~~~~^\n        board,\n        ^^^^^^\n    ...<5 lines>...\n        self.belief,\n        ^^^^^^^^^^^^\n    )\n    ^\n  File \"/Users/aryanpatel/CS3600/dist 3/3600-agents/fastcopy/agent.py\", line 340, in _search_root_to_depth\n    val = -self._negamax(\n           ~~~~~~~~~~~~~^\n        next_board,\n        ^^^^^^^^^^^\n    ...<6 lines>...\n        future_belief,\n        ^^^^^^^^^^^^^^\n    )\n    ^\n  File \"/Users/aryanpatel/CS3600/dist 3/3600-agents/fastcopy/agent.py\", line 466, in _negamax\n    score = -self._negamax(\n             ~~~~~~~~~~~~~^\n        next_board,\n        ^^^^^^^^^^^\n    ...<6 lines>...\n        next_belief,\n        ^^^^^^^^^^^^\n    )\n    ^\n  File \"/Users/aryanpatel/CS3600/dist 3/3600-agents/fastcopy/agent.py\", line 466, in _negamax\n    score = -self._negamax(\n             ~~~~~~~~~~~~~^\n        next_board,\n        ^^^^^^^^^^^\n    ...<6 lines>...\n        next_belief,\n        ^^^^^^^^^^^^\n    )\n    ^\n  File \"/Users/aryanpatel/CS3600/dist 3/3600-agents/fastcopy/agent.py\", line 466, in _negamax\n    score = -self._negamax(\n             ~~~~~~~~~~~~~^\n        next_board,\n        ^^^^^^^^^^^\n    ...<6 lines>...\n        next_belief,\n        ^^^^^^^^^^^^\n    )\n    ^\n  [Previous line repeated 2 more times]\n  File \"/Users/aryanpatel/CS3600/dist 3/3600-agents/fastcopy/agent.py\", line 452, in _negamax\n    valid_moves = self._order_moves(board_obj, valid_moves, belief_vec)\n  File \"/Users/aryanpatel/CS3600/dist 3/3600-agents/fastcopy/agent.py\", line 761, in _order_moves\n    return sorted(moves, key=move_key, reverse=True)\n  File \"/Users/aryanpatel/CS3600/dist 3/3600-agents/fastcopy/agent.py\", line 749, in move_key\n    score -= 35.0\n    ^^^^^^^^\nUnboundLocalError: cannot access local variable 'low_value' where it is not associated with a value\n", "errlog_b": "turns=21, last_best_rat_prob=0.890, last_search_target=(0, 3), last_eval=63.84, last_depth=6, search_miss_streak=0, search_gain=63.84, board_gain=-28.58, opp_threat=2.00, opp_setup_threat=1.20, search_threshold=0.500", "start_time": 240, "start_moves": 80, "turn_count": 42, "result": 1, "reason": "CODE_CRASH", "trapdoors": [[3, 2], [3, 2], [2, 2], [2, 2], [2, 2], [2, 3], [2, 3], [2, 4], [2, 5], [4, 4], [4, 5], [4, 5], [4, 5], [4, 4], [4, 4], [3, 4], [3, 4], [1, 6], [1, 6], [1, 6], [1, 6], [2, 6], [2, 5], [2, 5], [2, 4], [3, 4], [3, 4], [3, 4], [3, 5], [3, 6], [2, 6], [2, 6], [2, 6], [2, 6], [1, 6], [1, 5], [0, 5], [0, 4], [0, 3], [0, 3], [0, 3], [0, 3], [4, 3], [4, 3]], "spawn_a": [3, 4], "spawn_b": [4, 4]}