{"pos": [[2, 4], [5, 4], [2, 3], [5, 3], [2, 2], [4, 3], [2, 1], [3, 3], [2, 5], [2, 3], [3, 5], [5, 3], [4, 5], [5, 5], [4, 4], [3, 5], [3, 4], [4, 5], [2, 4], [4, 4], [2, 3], [4, 4], [1, 3], [4, 3], [0, 3], [3, 3], [0, 4], [3, 2], [0, 3], [4, 2], [0, 2], [5, 2], [1, 2], [6, 2], [2, 2], [3, 2], [0, 2], [3, 1], [0, 4], [3, 0], [1, 4], [4, 0], [2, 4], [4, 1], [2, 4], [3, 1], [2, 4], [2, 1], [2, 3], [4, 1], [3, 3], [3, 1], [3, 2], [2, 1], [3, 3], [2, 2], [2, 3], [1, 2], [2, 4], [1, 4], [2, 5], [1, 4], [2, 4], [1, 3], [2, 5], [1, 3], [2, 6], [2, 3], [3, 6], [2, 4], [3, 7], [2, 4], [4, 7], [2, 5], [5, 7], [3, 5], [5, 6], [3, 7], [5, 5], [3, 6]], "a_points": [1, 1, 2, 2, 3, 3, 4, 4, 10, 10, 10, 10, 11, 11, 12, 12, 13, 13, 14, 14, 14, 14, 14, 14, 15, 15, 15, 15, 16, 16, 17, 17, 18, 18, 19, 19, 21, 21, 23, 23, 23, 23, 24, 24, 22, 22, 26, 26, 26, 26, 26, 26, 26, 26, 26, 26, 26, 26, 26, 26, 26, 26, 26, 26, 26, 26, 26, 26, 27, 27, 28, 28, 29, 29, 29, 29, 30, 30, 31, 31], "b_points": [0, 1, 1, 2, 2, 3, 3, 4, 4, 5, 5, 9, 9, 11, 11, 13, 13, 13, 13, 12, 12, 16, 16, 16, 16, 16, 16, 16, 16, 17, 17, 18, 18, 19, 19, 23, 23, 23, 23, 23, 23, 24, 24, 25, 25, 26, 26, 27, 27, 29, 29, 29, 29, 29, 29, 30, 30, 30, 30, 32, 32, 30, 30, 30, 30, 34, 34, 34, 34, 34, 34, 32, 32, 32, 32, 32, 32, 34, 34, 34], "a_turns_left": [39, 39, 38, 38, 37, 37, 36, 36, 35, 35, 34, 34, 33, 33, 32, 32, 31, 31, 30, 30, 29, 29, 28, 28, 27, 27, 26, 26, 25, 25, 24, 24, 23, 23, 22, 22, 21, 21, 20, 20, 19, 19, 18, 18, 17, 17, 16, 16, 15, 15, 14, 14, 13, 13, 12, 12, 11, 11, 10, 10, 9, 9, 8, 8, 7, 7, 6, 6, 5, 5, 4, 4, 3, 3, 2, 2, 1, 1, 0, 0], "b_turns_left": [40, 39, 39, 38, 38, 37, 37, 36, 36, 35, 35, 34, 34, 33, 33, 32, 32, 31, 31, 30, 30, 29, 29, 28, 28, 27, 27, 26, 26, 25, 25, 24, 24, 23, 23, 22, 22, 21, 21, 20, 20, 19, 19, 18, 18, 17, 17, 16, 16, 15, 15, 14, 14, 13, 13, 12, 12, 11, 11, 10, 10, 9, 9, 8, 8, 7, 7, 6, 6, 5, 5, 4, 4, 3, 3, 2, 2, 1, 1, 0], "a_time_left": [236.30441870796494, 236.30441870796494, 232.60839958302677, 232.60839958302677, 228.90613933303393, 228.90613933303393, 225.20646062423475, 225.20646062423475, 221.4861791653093, 221.4861791653093, 217.79579804022796, 217.79579804022796, 214.08608883130364, 214.08608883130364, 210.38635403919034, 210.38635403919034, 206.69606837211177, 206.69606837211177, 202.98834641324356, 202.98834641324356, 199.2974120802246, 199.2974120802246, 195.59829762228765, 195.59829762228765, 191.89601812232286, 191.89601812232286, 188.2021179131698, 188.2021179131698, 184.51347266323864, 184.51347266323864, 180.8023686632514, 180.8023686632514, 177.11356633040123, 177.11356633040123, 173.41838470543735, 173.41838470543735, 169.72583278850652, 169.72583278850652, 166.03163328859955, 166.03163328859955, 162.34235478867777, 162.34235478867777, 158.6488302045036, 158.6488302045036, 154.9565123715438, 154.9565123715438, 151.26023241365328, 151.26023241365328, 147.55981037253514, 147.55981037253514, 143.86051003960893, 143.86051003960893, 140.1666434565559, 140.1666434565559, 136.47268270654604, 136.47268270654604, 132.7763407905586, 132.7763407905586, 129.08438033261336, 129.08438033261336, 125.38741529081017, 125.38741529081017, 121.69336491590366, 121.69336491590366, 118.0034233329352, 118.0034233329352, 114.31328050000593, 114.31328050000593, 110.61849654093385, 110.61849654093385, 106.92388737387955, 106.92388737387955, 103.22585224895738, 103.22585224895738, 99.47019399888813, 99.47019399888813, 95.78014862374403, 95.78014862374403, 92.09469845774584, 92.09469845774584], "b_time_left": [240, 236.29342341679148, 236.29342341679148, 232.5977586666122, 232.5977586666122, 228.89100495772436, 228.89100495772436, 225.19676362466998, 225.19676362466998, 221.5050000406336, 221.5050000406336, 217.80658308253624, 217.80658308253624, 214.08444429049268, 214.08444429049268, 210.39476279052906, 210.39476279052906, 206.6964075404685, 206.6964075404685, 202.99208512343466, 202.99208512343466, 199.28705291543156, 199.28705291543156, 195.55521008255892, 195.55521008255892, 191.85303849959746, 191.85303849959746, 188.15611183270812, 188.15611183270812, 184.44875462469645, 184.44875462469645, 180.75434470758773, 180.75434470758773, 177.05771712353453, 177.05771712353453, 173.35942654055543, 173.35942654055543, 169.66744054062292, 169.66744054062292, 165.9683873327449, 165.9683873327449, 162.27486333274283, 162.27486333274283, 158.58526216680184, 158.58526216680184, 154.89293395890854, 154.89293395890854, 151.19634137582034, 151.19634137582034, 147.49737104284577, 147.49737104284577, 143.7992103768047, 143.7992103768047, 140.1019745846279, 140.1019745846279, 136.4080993756652, 136.4080993756652, 132.65787941776216, 132.65787941776216, 128.96444912580773, 128.96444912580773, 125.26783004263416, 125.26783004263416, 121.5739984177053, 121.5739984177053, 117.87293750164099, 117.87293750164099, 114.17549837660044, 114.17549837660044, 110.48696508468129, 110.48696508468129, 106.78404791769572, 106.78404791769572, 103.09344445867464, 103.09344445867464, 99.38229495869018, 99.38229495869018, 95.69750341656618, 95.69750341656618, 92.01342404168099], "rat_caught": [false, false, false, false, false, false, false, false, false, false, false, false, false, false, false, false, false, false, false, false, false, true, false, false, false, false, false, false, false, false, false, false, false, false, false, false, false, false, false, false, false, false, false, false, false, false, true, false, false, false, false, false, false, false, false, false, false, false, false, false, false, false, false, false, false, true, false, false, false, false, false, false, false, false, false, false, false, false, false, false], "left_behind": ["prime", "prime", "prime", "prime", "prime", "prime", "prime", "prime", "carpet", "prime", "plain", "carpet", "prime", "carpet", "prime", "carpet", "prime", "plain", "prime", "carpet", "plain", "search", "plain", "plain", "prime", "plain", "plain", "plain", "prime", "prime", "prime", "prime", "prime", "prime", "prime", "carpet", "carpet", "plain", "carpet", "plain", "plain", "prime", "prime", "prime", "search", "prime", "search", "prime", "plain", "carpet", "plain", "plain", "plain", "plain", "plain", "prime", "plain", "plain", "plain", "carpet", "plain", "search", "plain", "plain", "plain", "search", "plain", "plain", "prime", "plain", "prime", "search", "prime", "plain", "plain", "plain", "prime", "carpet", "prime", "plain"], "errlog_a": "turns=40, last_best_rat_prob=0.412, last_search_target=(6, 3), last_eval=-10.65, last_depth=198, search_miss_streak=0, search_gain=-999999998.00, board_gain=-15.90, opp_threat=0.00, opp_setup_threat=0.00, search_threshold=0.480", "errlog_b": "turns=40, last_best_rat_prob=0.429, last_search_target=(4, 1), last_eval=12.19, last_depth=1188, search_miss_streak=1, search_gain=-1000000012.00, board_gain=-9.29, opp_threat=2.00, opp_setup_threat=2.00, search_threshold=0.560", "start_time": 240, "start_moves": 80, "turn_count": 80, "result": 1, "reason": "POINTS", "trapdoors": [[6, 4], [6, 5], [6, 4], [6, 4], [6, 4], [6, 4], [6, 4], [5, 4], [4, 4], [4, 4], [4, 4], [4, 4], [4, 4], [4, 4], [4, 4], [5, 4], [5, 4], [5, 5], [5, 5], [5, 5], [5, 5], [5, 4], [3, 2], [3, 2], [3, 1], [3, 2], [3, 3], [2, 3], [2, 3], [2, 3], [2, 3], [2, 3], [2, 4], [2, 4], [2, 4], [2, 4], [2, 5], [2, 6], [1, 6], [1, 6], [1, 6], [0, 6], [0, 6], [0, 7], [1, 7], [1, 7], [1, 7], [2, 7], [3, 7], [4, 7], [4, 7], [4, 7], [4, 7], [4, 7], [4, 7], [4, 7], [4, 7], [4, 7], [4, 7], [3, 7], [4, 7], [4, 6], [4, 6], [4, 6], [4, 6], [4, 6], [3, 3], [3, 3], [4, 3], [4, 3], [5, 3], [6, 3], [6, 2], [5, 2], [5, 2], [4, 2], [5, 2], [5, 2], [5, 2], [5, 2], [5, 2]], "spawn_a": [2, 5], "spawn_b": [5, 5]}