{"pos": [[3, 3], [4, 3], [3, 4], [5, 3], [4, 4], [3, 3], [5, 4], [2, 3], [6, 4], [2, 4], [3, 4], [2, 5], [3, 5], [2, 6], [4, 5], [2, 3], [5, 5], [2, 2], [5, 5], [1, 2], [6, 5], [0, 2], [6, 4], [4, 2], [7, 4], [5, 2], [7, 5], [5, 1], [7, 5], [5, 2], [7, 5], [5, 3], [3, 5], [6, 3], [3, 6], [6, 3], [3, 7], [7, 3], [4, 7], [5, 3], [5, 7], [4, 3], [5, 6], [4, 4], [5, 5], [4, 4], [5, 7], [4, 5], [3, 7], [4, 6], [2, 7], [5, 6], [2, 6], [3, 6], [2, 6], [3, 5], [2, 5], [3, 4], [2, 4], [3, 4], [1, 4], [3, 3], [0, 4], [2, 3], [0, 3], [1, 3], [0, 2], [1, 2], [0, 2], [1, 2], [0, 2], [1, 4], [0, 4], [2, 4], [1, 4], [2, 5], [1, 4], [2, 4], [0, 4], [2, 5]], "a_points": [1, 1, 2, 2, 3, 3, 4, 4, 5, 5, 9, 9, 9, 9, 10, 10, 11, 11, 15, 15, 16, 16, 17, 17, 18, 18, 19, 19, 17, 17, 21, 21, 27, 27, 27, 27, 28, 28, 29, 29, 30, 30, 31, 31, 32, 32, 34, 34, 36, 36, 36, 36, 37, 37, 35, 35, 36, 36, 36, 36, 36, 36, 37, 37, 38, 38, 39, 39, 37, 37, 41, 41, 43, 43, 43, 43, 47, 47, 47, 47], "b_points": [0, 1, 1, 2, 2, 4, 4, 4, 4, 5, 5, 6, 6, 7, 7, 11, 11, 11, 11, 12, 12, 13, 13, 19, 19, 19, 19, 19, 19, 20, 20, 21, 21, 22, 22, 26, 26, 27, 27, 29, 29, 29, 29, 29, 29, 33, 33, 33, 33, 33, 33, 34, 34, 36, 36, 36, 36, 36, 36, 40, 40, 40, 40, 40, 40, 40, 40, 41, 41, 45, 45, 47, 47, 47, 47, 47, 47, 47, 47, 47], "a_turns_left": [39, 39, 38, 38, 37, 37, 36, 36, 35, 35, 34, 34, 33, 33, 32, 32, 31, 31, 30, 30, 29, 29, 28, 28, 27, 27, 26, 26, 25, 25, 24, 24, 23, 23, 22, 22, 21, 21, 20, 20, 19, 19, 18, 18, 17, 17, 16, 16, 15, 15, 14, 14, 13, 13, 12, 12, 11, 11, 10, 10, 9, 9, 8, 8, 7, 7, 6, 6, 5, 5, 4, 4, 3, 3, 2, 2, 1, 1, 0, 0], "b_turns_left": [40, 39, 39, 38, 38, 37, 37, 36, 36, 35, 35, 34, 34, 33, 33, 32, 32, 31, 31, 30, 30, 29, 29, 28, 28, 27, 27, 26, 26, 25, 25, 24, 24, 23, 23, 22, 22, 21, 21, 20, 20, 19, 19, 18, 18, 17, 17, 16, 16, 15, 15, 14, 14, 13, 13, 12, 12, 11, 11, 10, 10, 9, 9, 8, 8, 7, 7, 6, 6, 5, 5, 4, 4, 3, 3, 2, 2, 1, 1, 0], "a_time_left": [235.3898117078934, 235.3898117078934, 230.78091266588308, 230.78091266588308, 226.1666890408378, 226.1666890408378, 221.5570118748583, 221.5570118748583, 216.94512708298862, 216.94512708298862, 212.33360483287834, 212.33360483287834, 207.72489245794713, 207.72489245794713, 203.1150080829393, 203.1150080829393, 198.50645266706124, 198.50645266706124, 193.87206383422017, 193.87206383422017, 189.25982050108723, 189.25982050108723, 184.64818504219875, 184.64818504219875, 180.03818820836022, 180.03818820836022, 175.42910187551752, 175.42910187551752, 170.8172547915019, 170.8172547915019, 166.20914087444544, 166.20914087444544, 161.59953483357094, 161.59953483357094, 156.9937614996452, 156.9937614996452, 152.3830855404958, 152.3830855404958, 147.77186308265664, 147.77186308265664, 143.15087270759977, 143.15087270759977, 138.53936124942265, 138.53936124942265, 133.93078091624193, 133.93078091624193, 129.3193348334171, 129.3193348334171, 124.71144729154184, 124.71144729154184, 120.10466387448832, 120.10466387448832, 115.49560741637833, 115.49560741637833, 110.88705525035039, 110.88705525035039, 106.20218937541358, 106.20218937541358, 101.59298666752875, 101.59298666752875, 96.9833062083926, 96.9833062083926, 92.37441574945115, 92.37441574945115, 87.7680578744039, 87.7680578744039, 83.16108929156326, 83.16108929156326, 78.55619129142724, 78.55619129142724, 73.95024149934761, 73.95024149934761, 69.33791612414643, 69.33791612414643, 64.7317051240243, 64.7317051240243, 60.128111666068435, 60.128111666068435, 55.52337558288127, 55.52337558288127], "b_time_left": [240, 235.39050545892678, 235.39050545892678, 230.77546012587845, 230.77546012587845, 226.1666984600015, 226.1666984600015, 221.5589527520351, 221.5589527520351, 216.9471247100737, 216.9471247100737, 212.33837625104934, 212.33837625104934, 207.73155966820195, 207.73155966820195, 203.1215117101092, 203.1215117101092, 198.50849825213663, 198.50849825213663, 193.8967881691642, 193.8967881691642, 189.28389641921967, 189.28389641921967, 184.67453912715428, 184.67453912715428, 180.06760908523574, 180.06760908523574, 175.4601382522378, 175.4601382522378, 170.84940675226972, 170.84940675226972, 166.23810846032575, 166.23810846032575, 161.62639937642962, 161.62639937642962, 157.01880929339677, 157.01880929339677, 152.40594296040945, 152.40594296040945, 147.7923859602306, 147.7923859602306, 143.18434358527884, 143.18434358527884, 138.57560550235212, 138.57560550235212, 133.96864904323593, 133.96864904323593, 129.35758633515798, 129.35758633515798, 124.74971275124699, 124.74971275124699, 120.1413537512999, 120.1413537512999, 115.53429320920259, 115.53429320920259, 110.92014500126243, 110.92014500126243, 106.30877333530225, 106.30877333530225, 101.70077904313803, 101.70077904313803, 97.08990996005014, 97.08990996005014, 92.48127021011896, 92.48127021011896, 87.87222046009265, 87.87222046009265, 83.26166212698445, 83.26166212698445, 78.65430933586322, 78.65430933586322, 74.04404596076347, 74.04404596076347, 69.42576829367317, 69.42576829367317, 64.81421962659806, 64.81421962659806, 60.20905296062119, 60.20905296062119, 55.6054720855318], "rat_caught": [false, false, false, false, false, false, false, false, false, false, false, false, false, false, false, false, false, false, true, false, false, false, false, false, false, false, false, false, false, false, true, false, false, false, false, true, false, false, false, false, false, false, false, false, false, true, false, false, false, false, false, false, false, false, false, false, false, false, false, true, false, false, false, false, false, false, false, false, false, true, true, false, false, false, false, false, true, false, false, false], "left_behind": ["prime", "prime", "prime", "prime", "prime", "carpet", "prime", "plain", "prime", "prime", "carpet", "prime", "plain", "prime", "prime", "carpet", "prime", "plain", "search", "prime", "prime", "prime", "prime", "carpet", "prime", "plain", "prime", "plain", "search", "prime", "search", "prime", "carpet", "prime", "plain", "search", "prime", "prime", "prime", "carpet", "prime", "plain", "prime", "plain", "prime", "search", "carpet", "plain", "carpet", "plain", "plain", "prime", "prime", "carpet", "search", "plain", "prime", "plain", "plain", "search", "plain", "plain", "prime", "plain", "prime", "plain", "prime", "prime", "search", "search", "search", "carpet", "carpet", "plain", "plain", "plain", "search", "plain", "plain", "plain"], "errlog_a": "turns=40, last_best_rat_prob=0.203, last_search_target=(7, 3), last_eval=-11.00, last_depth=432, search_miss_streak=0, search_gain=-1026.25, board_gain=19.80, opp_threat=0.00, opp_setup_threat=2.30", "errlog_b": "turns=40, last_best_rat_prob=0.313, last_search_target=(5, 7), last_eval=89.23, last_depth=1314, search_miss_streak=0, search_gain=-1043.99, board_gain=-18.45, opp_threat=0.00, opp_setup_threat=0.00", "start_time": 240, "start_moves": 80, "turn_count": 80, "result": 2, "reason": "POINTS", "trapdoors": [[0, 5], [1, 5], [2, 5], [2, 5], [2, 5], [2, 5], [2, 5], [2, 5], [3, 5], [3, 6], [3, 6], [4, 6], [4, 6], [4, 7], [4, 7], [5, 7], [5, 7], [5, 7], [5, 7], [6, 3], [7, 3], [7, 3], [7, 3], [7, 2], [7, 2], [7, 3], [7, 3], [7, 3], [7, 3], [7, 2], [7, 1], [6, 7], [6, 7], [7, 7], [7, 6], [7, 6], [5, 0], [5, 0], [5, 0], [4, 0], [4, 0], [4, 1], [4, 1], [4, 1], [4, 2], [4, 2], [3, 7], [3, 7], [2, 7], [2, 7], [2, 7], [2, 7], [1, 7], [0, 7], [0, 6], [0, 6], [0, 6], [0, 5], [0, 5], [0, 4], [2, 0], [2, 0], [2, 0], [3, 0], [3, 0], [3, 1], [3, 2], [3, 2], [3, 3], [3, 3], [1, 4], [6, 3], [6, 3], [7, 3], [7, 2], [7, 2], [7, 2], [7, 5], [7, 5], [7, 5], [7, 5]], "spawn_a": [3, 2], "spawn_b": [4, 2]}