{"pos": [[3, 2], [5, 3], [3, 3], [4, 3], [3, 4], [4, 4], [2, 4], [5, 4], [2, 3], [6, 4], [1, 3], [2, 4], [4, 3], [2, 5], [4, 4], [3, 5], [4, 5], [2, 5], [4, 6], [2, 4], [4, 5], [2, 5], [5, 5], [2, 4], [5, 4], [2, 5], [5, 2], [1, 5], [5, 1], [3, 5], [4, 1], [4, 5], [4, 0], [4, 5], [4, 1], [4, 4], [4, 2], [4, 3], [4, 1], [3, 3], [3, 1], [3, 3], [3, 1], [4, 3], [5, 1], [4, 2], [5, 2], [2, 2], [4, 2], [2, 3], [4, 3], [1, 3], [3, 3], [0, 3], [2, 3], [0, 4], [3, 3], [1, 4], [3, 4], [1, 5], [3, 5], [1, 5], [5, 5], [0, 5], [6, 5], [0, 3], [7, 5], [0, 3], [7, 4], [1, 3], [7, 3], [2, 3], [6, 3], [2, 2], [6, 4], [2, 2], [5, 4], [2, 1], [5, 3], [3, 1]], "a_points": [1, 1, 2, 2, 3, 3, 4, 4, 5, 5, 6, 6, 10, 10, 10, 10, 10, 10, 10, 10, 11, 11, 11, 11, 12, 12, 14, 14, 14, 14, 15, 15, 15, 15, 16, 16, 16, 16, 17, 17, 18, 18, 22, 22, 24, 24, 24, 24, 24, 24, 24, 24, 24, 24, 24, 24, 24, 24, 24, 24, 24, 24, 26, 26, 26, 26, 27, 27, 28, 28, 29, 29, 30, 30, 31, 31, 32, 32, 32, 32], "b_points": [0, 1, 1, 2, 2, 3, 3, 4, 4, 5, 5, 11, 11, 11, 11, 11, 11, 12, 12, 12, 12, 12, 12, 12, 12, 12, 12, 13, 13, 15, 15, 15, 15, 13, 13, 14, 14, 14, 14, 14, 14, 18, 18, 18, 18, 17, 17, 19, 19, 19, 19, 19, 19, 19, 19, 20, 20, 21, 21, 22, 22, 26, 26, 27, 27, 29, 29, 27, 27, 27, 27, 28, 28, 28, 28, 32, 32, 32, 32, 33], "a_turns_left": [39, 39, 38, 38, 37, 37, 36, 36, 35, 35, 34, 34, 33, 33, 32, 32, 31, 31, 30, 30, 29, 29, 28, 28, 27, 27, 26, 26, 25, 25, 24, 24, 23, 23, 22, 22, 21, 21, 20, 20, 19, 19, 18, 18, 17, 17, 16, 16, 15, 15, 14, 14, 13, 13, 12, 12, 11, 11, 10, 10, 9, 9, 8, 8, 7, 7, 6, 6, 5, 5, 4, 4, 3, 3, 2, 2, 1, 1, 0, 0], "b_turns_left": [40, 39, 39, 38, 38, 37, 37, 36, 36, 35, 35, 34, 34, 33, 33, 32, 32, 31, 31, 30, 30, 29, 29, 28, 28, 27, 27, 26, 26, 25, 25, 24, 24, 23, 23, 22, 22, 21, 21, 20, 20, 19, 19, 18, 18, 17, 17, 16, 16, 15, 15, 14, 14, 13, 13, 12, 12, 11, 11, 10, 10, 9, 9, 8, 8, 7, 7, 6, 6, 5, 5, 4, 4, 3, 3, 2, 2, 1, 1, 0], "a_time_left": [235.39076904091053, 235.39076904091053, 230.7794702500105, 230.7794702500105, 226.16754616703838, 226.16754616703838, 221.55539537617005, 221.55539537617005, 216.84042125125416, 216.84042125125416, 212.22770520928316, 212.22770520928316, 207.6171984593384, 207.6171984593384, 203.00829283427447, 203.00829283427447, 198.39705375116318, 198.39705375116318, 193.78034966811538, 193.78034966811538, 189.1451729591936, 189.1451729591936, 184.53178650001064, 184.53178650001064, 179.91996650001965, 179.91996650001965, 175.3087277081795, 175.3087277081795, 170.7009133331012, 170.7009133331012, 166.09134462405927, 166.09134462405927, 161.478037832072, 161.478037832072, 156.86751858214848, 156.86751858214848, 152.2575849990826, 152.2575849990826, 147.64767366624437, 147.64767366624437, 143.03384354128502, 143.03384354128502, 138.40912425029092, 138.40912425029092, 133.79680854128674, 133.79680854128674, 129.18485529115424, 129.18485529115424, 124.57708608335815, 124.57708608335815, 119.96029787417501, 119.96029787417501, 115.33627445716411, 115.33627445716411, 110.72636716510169, 110.72636716510169, 106.10489508230239, 106.10489508230239, 101.49573637428693, 101.49573637428693, 96.88255958328955, 96.88255958328955, 92.27515616640449, 92.27515616640449, 87.66587437549606, 87.66587437549606, 83.05828058440238, 83.05828058440238, 78.44457541732118, 78.44457541732118, 73.83268908434547, 73.83268908434547, 69.22372170933522, 69.22372170933522, 64.615586375352, 64.615586375352, 60.00678983423859, 60.00678983423859, 55.40065154223703, 55.40065154223703], "b_time_left": [240, 235.38860025000758, 235.38860025000758, 230.77537091705017, 230.77537091705017, 226.1662274170667, 226.1662274170667, 221.55196829210036, 221.55196829210036, 216.91628245823085, 216.91628245823085, 212.29742012522183, 212.29742012522183, 207.68523516622372, 207.68523516622372, 203.07426729123108, 203.07426729123108, 198.46388404117897, 198.46388404117897, 193.8526968753431, 193.8526968753431, 189.2291462502908, 189.2291462502908, 184.60994770843536, 184.60994770843536, 180.00182616664097, 180.00182616664097, 175.39442454162054, 175.39442454162054, 170.78454895876348, 170.78454895876348, 166.17272054287605, 166.17272054287605, 161.54961145995185, 161.54961145995185, 156.93858958478086, 156.93858958478086, 152.32868445990607, 152.32868445990607, 147.7070917938836, 147.7070917938836, 143.03828983590938, 143.03828983590938, 138.41440758598037, 138.41440758598037, 133.80172679387033, 133.80172679387033, 129.19327391893603, 129.19327391893603, 124.57939321082085, 124.57939321082085, 119.96222433587536, 119.96222433587536, 115.35056671104394, 115.35056671104394, 110.73560996120796, 110.73560996120796, 106.12518625310622, 106.12518625310622, 101.51281533599831, 101.51281533599831, 96.89681996102445, 96.89681996102445, 92.28677329514176, 92.28677329514176, 87.67926521110348, 87.67926521110348, 83.06562108593062, 83.06562108593062, 78.45879008597694, 78.45879008597694, 73.85012762690894, 73.85012762690894, 69.23995800199918, 69.23995800199918, 64.6222188770771, 64.6222188770771, 60.01617858512327, 60.01617858512327, 55.406776044284925], "rat_caught": [false, false, false, false, false, false, false, false, false, false, false, false, false, false, false, false, false, false, false, false, false, false, false, false, false, false, false, false, false, false, false, false, false, false, false, false, false, false, false, false, false, true, true, false, false, false, false, false, false, false, false, false, false, false, false, false, false, false, false, false, false, true, false, false, false, false, false, false, false, false, false, false, false, false, false, true, false, false, false, false], "left_behind": ["prime", "prime", "prime", "prime", "prime", "prime", "prime", "prime", "prime", "prime", "prime", "carpet", "carpet", "plain", "plain", "plain", "plain", "prime", "plain", "plain", "prime", "plain", "plain", "plain", "prime", "plain", "carpet", "prime", "plain", "carpet", "prime", "plain", "plain", "search", "prime", "prime", "plain", "plain", "prime", "plain", "prime", "search", "search", "plain", "carpet", "carpet", "plain", "carpet", "plain", "plain", "plain", "plain", "plain", "plain", "plain", "prime", "plain", "prime", "plain", "prime", "plain", "search", "carpet", "prime", "plain", "carpet", "prime", "search", "prime", "plain", "prime", "prime", "prime", "plain", "prime", "search", "prime", "plain", "plain", "prime"], "errlog_a": "turns=40, last_best_rat_prob=0.269, last_search_target=(2, 3), last_eval=0.78, last_depth=114, search_miss_streak=0, search_gain=-1000000006.00, board_gain=-101.45, opp_threat=1.00, opp_setup_threat=0.55, search_threshold=0.500", "errlog_b": "turns=40, last_best_rat_prob=0.205, last_search_target=(1, 4), last_eval=2.61, last_depth=709, search_miss_streak=0, search_gain=-1000000000.00, board_gain=34.99, opp_threat=2.00, opp_setup_threat=4.70, search_threshold=0.610", "start_time": 240, "start_moves": 80, "turn_count": 80, "result": 1, "reason": "POINTS", "trapdoors": [[4, 4], [4, 5], [4, 5], [4, 5], [4, 5], [4, 5], [4, 4], [4, 5], [5, 5], [5, 5], [5, 6], [5, 6], [5, 6], [5, 6], [5, 6], [5, 7], [5, 7], [5, 7], [5, 7], [4, 7], [4, 7], [4, 7], [4, 7], [4, 7], [4, 7], [5, 7], [5, 6], [5, 6], [6, 6], [6, 6], [5, 6], [5, 7], [5, 7], [5, 7], [5, 7], [6, 7], [7, 7], [7, 7], [7, 7], [7, 7], [7, 6], [7, 6], [3, 1], [0, 5], [0, 6], [0, 6], [0, 6], [0, 5], [0, 5], [0, 4], [0, 3], [1, 3], [1, 3], [1, 4], [1, 3], [1, 2], [2, 2], [2, 2], [2, 3], [2, 3], [2, 3], [2, 3], [7, 4], [7, 3], [7, 3], [7, 2], [7, 2], [7, 3], [7, 3], [7, 3], [7, 3], [7, 3], [7, 2], [6, 2], [6, 2], [6, 2], [2, 4], [2, 5], [2, 5], [2, 5], [2, 5]], "spawn_a": [2, 2], "spawn_b": [5, 2]}