{"pos": [[2, 3], [4, 4], [2, 2], [4, 3], [2, 1], [5, 3], [2, 0], [5, 2], [2, 4], [5, 1], [2, 5], [5, 1], [3, 5], [5, 4], [3, 4], [4, 4], [3, 3], [4, 4], [3, 2], [3, 4], [3, 2], [4, 4], [3, 1], [4, 5], [3, 0], [5, 5], [3, 3], [6, 5], [3, 4], [7, 5], [3, 5], [4, 5], [3, 6], [4, 6], [2, 6], [4, 7], [2, 7], [4, 6], [2, 5], [4, 5], [2, 4], [4, 5], [1, 4], [4, 7], [0, 4], [3, 7], [0, 3], [2, 7], [1, 3], [3, 7], [1, 4], [4, 7], [2, 4], [2, 7], [0, 4], [3, 7], [1, 4], [3, 7], [2, 4], [3, 6], [2, 3], [3, 5], [0, 3], [3, 6], [0, 2], [3, 5], [1, 2], [3, 4], [2, 2], [3, 4], [3, 2], [3, 3], [4, 2], [3, 2], [4, 2], [3, 3], [4, 1], [4, 3], [5, 1], [4, 3]], "a_points": [1, 1, 2, 2, 3, 3, 4, 4, 10, 10, 10, 10, 11, 11, 12, 12, 13, 13, 14, 14, 18, 18, 19, 19, 20, 20, 24, 24, 24, 24, 23, 23, 23, 23, 24, 24, 25, 25, 27, 27, 27, 27, 27, 27, 27, 27, 28, 28, 29, 29, 30, 30, 31, 31, 33, 33, 33, 33, 33, 33, 33, 33, 35, 35, 35, 35, 36, 36, 37, 37, 37, 37, 37, 37, 41, 41, 42, 42, 42, 42], "b_points": [0, 1, 1, 2, 2, 3, 3, 4, 4, 5, 5, 3, 3, 7, 7, 6, 6, 4, 4, 3, 3, 3, 3, 3, 3, 4, 4, 5, 5, 6, 6, 10, 10, 10, 10, 10, 10, 11, 11, 12, 12, 16, 16, 18, 18, 18, 18, 18, 18, 19, 19, 20, 20, 22, 22, 22, 22, 26, 26, 25, 25, 25, 25, 25, 25, 25, 25, 25, 25, 29, 29, 29, 29, 29, 29, 29, 29, 28, 28, 32], "a_turns_left": [39, 39, 38, 38, 37, 37, 36, 36, 35, 35, 34, 34, 33, 33, 32, 32, 31, 31, 30, 30, 29, 29, 28, 28, 27, 27, 26, 26, 25, 25, 24, 24, 23, 23, 22, 22, 21, 21, 20, 20, 19, 19, 18, 18, 17, 17, 16, 16, 15, 15, 14, 14, 13, 13, 12, 12, 11, 11, 10, 10, 9, 9, 8, 8, 7, 7, 6, 6, 5, 5, 4, 4, 3, 3, 2, 2, 1, 1, 0, 0], "b_turns_left": [40, 39, 39, 38, 38, 37, 37, 36, 36, 35, 35, 34, 34, 33, 33, 32, 32, 31, 31, 30, 30, 29, 29, 28, 28, 27, 27, 26, 26, 25, 25, 24, 24, 23, 23, 22, 22, 21, 21, 20, 20, 19, 19, 18, 18, 17, 17, 16, 16, 15, 15, 14, 14, 13, 13, 12, 12, 11, 11, 10, 10, 9, 9, 8, 8, 7, 7, 6, 6, 5, 5, 4, 4, 3, 3, 2, 2, 1, 1, 0], "a_time_left": [236.300747375004, 236.300747375004, 232.5997430831194, 232.5997430831194, 228.90428462508135, 228.90428462508135, 225.19548708293587, 225.19548708293587, 221.50184399983846, 221.50184399983846, 217.80390683398582, 217.80390683398582, 214.1155313749332, 214.1155313749332, 210.41546633280814, 210.41546633280814, 206.71987116569653, 206.71987116569653, 203.02608399861492, 203.02608399861492, 199.31943637342192, 199.31943637342192, 195.61316270637326, 195.61316270637326, 191.91263591544703, 191.91263591544703, 188.21856724843383, 188.21856724843383, 184.5234532484319, 184.5234532484319, 180.81168520636857, 180.81168520636857, 177.11442583147436, 177.11442583147436, 173.4188964564819, 173.4188964564819, 169.7020035814494, 169.7020035814494, 166.00030962238088, 166.00030962238088, 162.29484178847633, 162.29484178847633, 158.60408253851347, 158.60408253851347, 154.91259978851303, 154.91259978851303, 151.22164333052933, 151.22164333052933, 147.52375399763696, 147.52375399763696, 143.8341662066523, 143.8341662066523, 140.14644333184697, 140.14644333184697, 136.4556522066705, 136.4556522066705, 132.7683498726692, 132.7683498726692, 129.06257533072494, 129.06257533072494, 125.37042862270027, 125.37042862270027, 121.67979312269017, 121.67979312269017, 117.98580753966235, 117.98580753966235, 114.29690978955477, 114.29690978955477, 110.60192083055153, 110.60192083055153, 106.91214820556343, 106.91214820556343, 103.21963366353884, 103.21963366353884, 99.52522028842941, 99.52522028842941, 95.83488908037543, 95.83488908037543, 92.14345958037302, 92.14345958037302], "b_time_left": [240, 235.3779850830324, 235.3779850830324, 230.75233179097995, 230.75233179097995, 226.13628108194098, 226.13628108194098, 221.52555724885315, 221.52555724885315, 216.90967395692132, 216.90967395692132, 212.28641137387604, 212.28641137387604, 207.66778274881653, 207.66778274881653, 203.057810831815, 203.057810831815, 198.43004412390292, 198.43004412390292, 193.81159279076383, 193.81159279076383, 189.19238837482408, 189.19238837482408, 184.5758393749129, 184.5758393749129, 179.95861658407375, 179.95861658407375, 175.33980466797948, 175.33980466797948, 170.72345508495346, 170.72345508495346, 166.10792233492248, 166.10792233492248, 161.4829020430334, 161.4829020430334, 156.87162783415988, 156.87162783415988, 152.23554845922627, 152.23554845922627, 147.61451754323207, 147.61451754323207, 142.97855408512987, 142.97855408512987, 138.3623061273247, 138.3623061273247, 133.74954016832635, 133.74954016832635, 129.13781862636097, 129.13781862636097, 124.5198072923813, 124.5198072923813, 119.90616729250178, 119.90616729250178, 115.29177341749892, 115.29177341749892, 110.67126916744746, 110.67126916744746, 106.05829316726886, 106.05829316726886, 101.44731291709468, 101.44731291709468, 96.82383933407255, 96.82383933407255, 92.20931600104086, 92.20931600104086, 87.59541145921685, 87.59541145921685, 82.96748533425853, 82.96748533425853, 78.34852304216474, 78.34852304216474, 73.73140333313495, 73.73140333313495, 69.10714137530886, 69.10714137530886, 64.49768204218708, 64.49768204218708, 59.885505750309676, 59.885505750309676, 55.277881500311196], "rat_caught": [false, false, false, false, false, false, false, false, false, false, false, false, false, false, false, false, false, false, false, false, true, false, false, false, false, false, false, false, false, false, false, false, false, false, false, false, false, false, false, false, false, true, false, false, false, false, false, false, false, false, false, false, false, false, false, false, false, true, false, false, false, false, false, false, false, false, false, false, false, true, false, false, false, false, true, false, false, false, false, true], "left_behind": ["prime", "prime", "prime", "prime", "prime", "prime", "prime", "prime", "carpet", "prime", "plain", "search", "prime", "carpet", "prime", "carpet", "prime", "search", "prime", "carpet", "search", "plain", "prime", "plain", "prime", "prime", "carpet", "prime", "plain", "prime", "carpet", "carpet", "plain", "plain", "prime", "plain", "prime", "prime", "carpet", "prime", "plain", "search", "plain", "carpet", "plain", "plain", "prime", "plain", "prime", "prime", "prime", "prime", "prime", "carpet", "carpet", "plain", "plain", "search", "plain", "carpet", "plain", "plain", "carpet", "plain", "plain", "plain", "prime", "plain", "prime", "search", "plain", "plain", "plain", "plain", "search", "plain", "prime", "carpet", "plain", "search"], "errlog_a": "turns=40, last_best_rat_prob=0.330, last_search_target=(2, 4), last_eval=233.62, last_depth=80, search_miss_streak=0, search_gain=-1000000006.00, board_gain=-67.78, opp_threat=0.00, opp_setup_threat=0.00, search_threshold=0.560", "errlog_b": "turns=40, last_best_rat_prob=0.412, last_search_target=(2, 4), last_eval=14.18, last_depth=740, search_miss_streak=0, search_gain=14.18, board_gain=-48.47, opp_threat=1.00, opp_setup_threat=0.55, search_threshold=0.380", "start_time": 240, "start_moves": 80, "turn_count": 80, "result": 0, "reason": "POINTS", "trapdoors": [[4, 4], [4, 4], [4, 4], [4, 4], [4, 4], [4, 4], [4, 5], [4, 5], [4, 4], [4, 4], [4, 4], [4, 3], [4, 3], [4, 4], [4, 3], [5, 3], [5, 3], [5, 2], [4, 2], [4, 2], [4, 2], [1, 3], [1, 3], [1, 2], [1, 2], [1, 2], [1, 3], [1, 3], [2, 3], [3, 3], [3, 3], [3, 3], [3, 3], [3, 4], [3, 4], [3, 4], [3, 4], [2, 4], [2, 4], [2, 4], [2, 4], [2, 4], [5, 1], [5, 1], [5, 1], [5, 0], [5, 0], [4, 0], [3, 0], [3, 0], [2, 0], [3, 0], [3, 0], [3, 0], [2, 0], [2, 0], [2, 0], [1, 0], [3, 3], [3, 3], [3, 4], [3, 4], [3, 4], [3, 4], [3, 4], [3, 4], [3, 4], [3, 4], [3, 4], [3, 4], [2, 7], [2, 7], [3, 7], [2, 7], [2, 7], [3, 4], [3, 4], [3, 4], [3, 4], [2, 4], [2, 5]], "spawn_a": [2, 4], "spawn_b": [5, 4]}