{"pos": [[2, 4], [4, 3], [2, 5], [4, 2], [2, 3], [4, 1], [3, 3], [4, 3], [3, 4], [4, 4], [3, 5], [5, 4], [3, 6], [3, 4], [4, 6], [4, 4], [5, 6], [5, 4], [5, 5], [6, 4], [5, 3], [6, 3], [5, 2], [7, 3], [5, 2], [6, 3], [5, 1], [6, 2], [4, 1], [6, 2], [3, 1], [7, 2], [3, 0], [5, 2], [2, 0], [4, 2], [2, 1], [4, 1], [2, 2], [2, 1], [1, 2], [2, 1], [0, 2], [3, 1], [2, 2], [3, 2], [2, 3], [3, 1], [2, 3], [3, 0], [2, 2], [3, 1], [3, 2], [4, 1], [2, 2], [4, 0], [2, 3], [4, 1], [2, 4], [4, 0], [1, 4], [5, 0], [0, 4], [2, 0], [0, 4], [2, 1], [0, 3], [2, 2], [0, 2], [2, 2], [1, 2], [2, 1], [1, 3], [2, 2], [1, 4], [2, 2], [2, 4], [2, 3], [2, 4], [1, 3]], "a_points": [1, 1, 2, 2, 4, 4, 4, 4, 5, 5, 6, 6, 7, 7, 7, 7, 8, 8, 9, 9, 11, 11, 11, 11, 15, 15, 16, 16, 17, 17, 18, 18, 19, 19, 19, 19, 20, 20, 21, 21, 22, 22, 23, 23, 25, 25, 25, 25, 29, 29, 29, 29, 28, 28, 28, 28, 28, 28, 28, 28, 28, 28, 28, 28, 32, 32, 33, 33, 34, 34, 35, 35, 35, 35, 35, 35, 36, 36, 34, 34], "b_points": [0, 1, 1, 2, 2, 3, 3, 5, 5, 5, 5, 6, 6, 8, 8, 8, 8, 8, 8, 9, 9, 10, 10, 10, 10, 11, 11, 11, 11, 15, 15, 16, 16, 18, 18, 18, 18, 17, 17, 19, 19, 17, 17, 17, 17, 17, 17, 18, 18, 18, 18, 19, 19, 19, 19, 19, 19, 19, 19, 19, 19, 20, 20, 24, 24, 24, 24, 24, 24, 28, 28, 28, 28, 28, 28, 32, 32, 32, 32, 32], "a_turns_left": [39, 39, 38, 38, 37, 37, 36, 36, 35, 35, 34, 34, 33, 33, 32, 32, 31, 31, 30, 30, 29, 29, 28, 28, 27, 27, 26, 26, 25, 25, 24, 24, 23, 23, 22, 22, 21, 21, 20, 20, 19, 19, 18, 18, 17, 17, 16, 16, 15, 15, 14, 14, 13, 13, 12, 12, 11, 11, 10, 10, 9, 9, 8, 8, 7, 7, 6, 6, 5, 5, 4, 4, 3, 3, 2, 2, 1, 1, 0, 0], "b_turns_left": [40, 39, 39, 38, 38, 37, 37, 36, 36, 35, 35, 34, 34, 33, 33, 32, 32, 31, 31, 30, 30, 29, 29, 28, 28, 27, 27, 26, 26, 25, 25, 24, 24, 23, 23, 22, 22, 21, 21, 20, 20, 19, 19, 18, 18, 17, 17, 16, 16, 15, 15, 14, 14, 13, 13, 12, 12, 11, 11, 10, 10, 9, 9, 8, 8, 7, 7, 6, 6, 5, 5, 4, 4, 3, 3, 2, 2, 1, 1, 0], "a_time_left": [236.30280725006014, 236.30280725006014, 232.6068341252394, 232.6068341252394, 228.91370791615918, 228.91370791615918, 225.21675654128194, 225.21675654128194, 221.5144385411404, 221.5144385411404, 217.82138804113492, 217.82138804113492, 214.12079016608186, 214.12079016608186, 210.4162855411414, 210.4162855411414, 206.72112024901435, 206.72112024901435, 203.02310745720752, 203.02310745720752, 199.32424195716158, 199.32424195716158, 195.63495470723137, 195.63495470723137, 191.93116429029033, 191.93116429029033, 188.232486581197, 188.232486581197, 184.534877540078, 184.534877540078, 180.83767216512933, 180.83767216512933, 177.13013595715165, 177.13013595715165, 173.43996762414463, 173.43996762414463, 169.7448797491379, 169.7448797491379, 166.04659637412988, 166.04659637412988, 162.34343895711936, 162.34343895711936, 158.64273762400262, 158.64273762400262, 154.94190166611224, 154.94190166611224, 151.25126050016843, 151.25126050016843, 147.5470870421268, 147.5470870421268, 143.83089925115928, 143.83089925115928, 140.12915462604724, 140.12915462604724, 136.43532746005803, 136.43532746005803, 132.74216737714596, 132.74216737714596, 129.05076400213875, 129.05076400213875, 125.35841396008618, 125.35841396008618, 121.66607579309493, 121.66607579309493, 117.96741037606262, 117.96741037606262, 114.27396325091831, 114.27396325091831, 110.58121195877902, 110.58121195877902, 106.8850070007611, 106.8850070007611, 103.19316079188138, 103.19316079188138, 99.48941712500528, 99.48941712500528, 95.80013212491758, 95.80013212491758, 92.09961954178289, 92.09961954178289], "b_time_left": [240, 235.38361725001596, 235.38361725001596, 230.77461929107085, 230.77461929107085, 226.1506542491261, 226.1506542491261, 221.52346116513945, 221.52346116513945, 216.9069047481753, 216.9069047481753, 212.28648824826814, 212.28648824826814, 207.6696135404054, 207.6696135404054, 203.0601912064012, 203.0601912064012, 198.44335708138533, 198.44335708138533, 193.81804479053244, 193.81804479053244, 189.20701754046604, 189.20701754046604, 184.59119629045017, 184.59119629045017, 179.9737921655178, 179.9737921655178, 175.35167933162302, 175.35167933162302, 170.71739695663564, 170.71739695663564, 166.0904011647217, 166.0904011647217, 161.47408599872142, 161.47408599872142, 156.84966983180493, 156.84966983180493, 152.235095331911, 152.235095331911, 147.6135634148959, 147.6135634148959, 142.99047045689076, 142.99047045689076, 138.36806049803272, 138.36806049803272, 133.75189645704813, 133.75189645704813, 129.13811429101042, 129.13811429101042, 124.52300591603853, 124.52300591603853, 119.91294658300467, 119.91294658300467, 115.29408545792103, 115.29408545792103, 110.67672162503004, 110.67672162503004, 106.06095016701147, 106.06095016701147, 101.44995108409785, 101.44995108409785, 96.82860795897432, 96.82860795897432, 92.21188637590967, 92.21188637590967, 87.59932812582701, 87.59932812582701, 82.99071579263546, 82.99071579263546, 78.37078162562102, 78.37078162562102, 73.75434100069106, 73.75434100069106, 69.06301045860164, 69.06301045860164, 64.44597466778941, 64.44597466778941, 59.8394642516505, 59.8394642516505, 55.228303376818076], "rat_caught": [false, false, false, false, false, false, false, false, false, false, false, false, false, false, false, false, false, false, false, false, false, false, false, false, true, false, false, false, false, true, false, false, false, false, false, false, false, false, false, false, false, false, false, false, false, false, false, false, true, false, false, false, false, false, false, false, false, false, false, false, false, false, false, false, true, false, false, false, false, true, false, false, false, false, false, true, false, false, false, false], "left_behind": ["prime", "prime", "prime", "prime", "carpet", "prime", "plain", "carpet", "prime", "plain", "prime", "prime", "prime", "carpet", "plain", "plain", "prime", "plain", "prime", "prime", "carpet", "prime", "plain", "plain", "search", "prime", "prime", "plain", "prime", "search", "prime", "prime", "prime", "carpet", "plain", "plain", "prime", "carpet", "prime", "carpet", "prime", "search", "prime", "plain", "carpet", "plain", "plain", "prime", "search", "plain", "plain", "prime", "carpet", "plain", "plain", "plain", "plain", "plain", "plain", "plain", "plain", "prime", "plain", "carpet", "search", "plain", "prime", "plain", "prime", "search", "prime", "plain", "plain", "plain", "plain", "search", "prime", "plain", "search", "plain"], "errlog_a": "turns=40, last_best_rat_prob=0.593, last_search_target=(6, 4), last_eval=30.65, last_depth=125, search_miss_streak=0, search_gain=30.65, board_gain=-97.16, opp_threat=0.00, opp_setup_threat=0.00, search_threshold=0.580", "errlog_b": "turns=40, last_best_rat_prob=0.323, last_search_target=(5, 6), last_eval=-88.49, last_depth=1280, search_miss_streak=0, search_gain=-1000000000.00, board_gain=-11.01, opp_threat=2.00, opp_setup_threat=4.70, search_threshold=0.460", "start_time": 240, "start_moves": 80, "turn_count": 80, "result": 0, "reason": "POINTS", "trapdoors": [[7, 5], [7, 5], [7, 5], [7, 4], [7, 4], [7, 4], [7, 4], [7, 4], [7, 4], [6, 4], [6, 4], [6, 4], [6, 4], [7, 4], [7, 4], [7, 3], [7, 3], [7, 3], [7, 3], [7, 2], [6, 2], [5, 2], [5, 2], [6, 2], [6, 2], [0, 4], [1, 4], [1, 3], [1, 3], [1, 3], [1, 5], [1, 5], [1, 4], [1, 4], [1, 4], [1, 3], [1, 3], [1, 3], [1, 4], [1, 4], [1, 4], [1, 4], [1, 3], [1, 3], [1, 3], [1, 4], [1, 4], [1, 4], [1, 4], [0, 4], [0, 3], [0, 4], [0, 4], [0, 4], [0, 4], [0, 4], [0, 4], [0, 5], [0, 6], [0, 6], [0, 6], [0, 6], [0, 6], [0, 5], [0, 5], [1, 4], [1, 4], [1, 4], [0, 4], [0, 4], [6, 4], [6, 4], [6, 3], [6, 3], [6, 3], [6, 2], [4, 6], [4, 6], [4, 6], [4, 6], [4, 6]], "spawn_a": [2, 3], "spawn_b": [5, 3]}