{"pos": [[3, 4], [4, 4], [3, 3], [5, 4], [4, 3], [2, 4], [5, 3], [2, 3], [3, 3], [2, 2], [3, 2], [1, 2], [2, 2], [1, 2], [3, 2], [0, 2], [3, 1], [1, 2], [3, 2], [0, 2], [1, 2], [0, 3], [1, 3], [0, 4], [1, 4], [0, 4], [1, 5], [0, 5], [2, 5], [0, 2], [2, 6], [1, 2], [3, 6], [1, 5], [4, 6], [1, 5], [4, 5], [1, 4], [5, 5], [2, 4], [5, 4], [2, 6], [6, 4], [2, 6], [6, 3], [4, 6], [5, 3], [4, 5], [5, 2], [5, 5], [4, 2], [5, 3], [5, 2], [5, 3], [4, 2], [4, 3], [3, 2], [3, 3], [5, 2], [3, 2], [4, 2], [3, 3], [4, 3], [3, 1], [4, 4], [3, 0], [4, 4], [3, 0], [3, 4], [4, 0], [3, 5], [4, 1], [4, 5], [4, 1], [5, 5], [4, 1], [5, 5], [4, 2], [3, 5], [4, 3]], "a_points": [1, 1, 2, 2, 3, 3, 4, 4, 6, 6, 6, 6, 6, 6, 7, 7, 7, 7, 8, 8, 10, 10, 10, 10, 11, 11, 12, 12, 13, 13, 14, 14, 15, 15, 16, 16, 17, 17, 17, 17, 18, 18, 19, 19, 20, 20, 21, 21, 22, 22, 22, 22, 22, 22, 23, 23, 24, 24, 26, 26, 26, 26, 26, 26, 26, 26, 24, 24, 24, 24, 24, 24, 25, 25, 26, 26, 30, 30, 32, 32], "b_points": [0, 0, 0, 1, 1, 5, 5, 5, 5, 6, 6, 6, 6, 4, 4, 4, 4, 4, 4, 5, 5, 6, 6, 7, 7, 5, 5, 6, 6, 10, 10, 10, 10, 14, 14, 18, 18, 18, 18, 18, 18, 20, 20, 18, 18, 20, 20, 20, 20, 19, 19, 21, 21, 19, 19, 19, 19, 19, 19, 19, 19, 20, 20, 22, 22, 22, 22, 26, 26, 27, 27, 28, 28, 32, 32, 36, 36, 37, 37, 37], "a_turns_left": [39, 39, 38, 38, 37, 37, 36, 36, 35, 35, 34, 34, 33, 33, 32, 32, 31, 31, 30, 30, 29, 29, 28, 28, 27, 27, 26, 26, 25, 25, 24, 24, 23, 23, 22, 22, 21, 21, 20, 20, 19, 19, 18, 18, 17, 17, 16, 16, 15, 15, 14, 14, 13, 13, 12, 12, 11, 11, 10, 10, 9, 9, 8, 8, 7, 7, 6, 6, 5, 5, 4, 4, 3, 3, 2, 2, 1, 1, 0, 0], "b_turns_left": [40, 39, 39, 38, 38, 37, 37, 36, 36, 35, 35, 34, 34, 33, 33, 32, 32, 31, 31, 30, 30, 29, 29, 28, 28, 27, 27, 26, 26, 25, 25, 24, 24, 23, 23, 22, 22, 21, 21, 20, 20, 19, 19, 18, 18, 17, 17, 16, 16, 15, 15, 14, 14, 13, 13, 12, 12, 11, 11, 10, 10, 9, 9, 8, 8, 7, 7, 6, 6, 5, 5, 4, 4, 3, 3, 2, 2, 1, 1, 0], "a_time_left": [235.38643854204565, 235.38643854204565, 230.77489724988118, 230.77489724988118, 226.15826083300635, 226.15826083300635, 221.53984458302148, 221.53984458302148, 216.91843287507072, 216.91843287507072, 212.30885183322243, 212.30885183322243, 207.69356441614218, 207.69356441614218, 203.07863933220506, 203.07863933220506, 198.46529345726594, 198.46529345726594, 193.84884741529822, 193.84884741529822, 189.24019170715474, 189.24019170715474, 184.62699691508897, 184.62699691508897, 180.012320790207, 180.012320790207, 175.40269112423994, 175.40269112423994, 170.78853929019533, 170.78853929019533, 166.16547324811108, 166.16547324811108, 161.55452374811284, 161.55452374811284, 156.93449437292293, 156.93449437292293, 152.3180264569819, 152.3180264569819, 147.6947655407712, 147.6947655407712, 143.07203849987127, 143.07203849987127, 138.4444476668723, 138.4444476668723, 133.8354472918436, 133.8354472918436, 129.2161094590556, 129.2161094590556, 124.59393437509425, 124.59393437509425, 119.9798222091049, 119.9798222091049, 115.36602745926939, 115.36602745926939, 110.74460016726516, 110.74460016726516, 106.13422204228118, 106.13422204228118, 101.52638245839626, 101.52638245839626, 96.91922420845367, 96.91922420845367, 92.29857979156077, 92.29857979156077, 87.68593454151414, 87.68593454151414, 83.07349424948916, 83.07349424948916, 78.4603630406782, 78.4603630406782, 73.82991262362339, 73.82991262362339, 69.21377683151513, 69.21377683151513, 64.59823358152062, 64.59823358152062, 59.984141373308375, 59.984141373308375, 55.37792162341066, 55.37792162341066], "b_time_left": [240, 235.36606458295137, 235.36606458295137, 230.7275672487449, 230.7275672487449, 226.09781158179976, 226.09781158179976, 221.48512903996743, 221.48512903996743, 216.86382149811834, 216.86382149811834, 212.23952378914692, 212.23952378914692, 207.6254761640448, 207.6254761640448, 202.9839672469534, 202.9839672469534, 198.37115503801033, 198.37115503801033, 193.75552128790878, 193.75552128790878, 189.12560466281138, 189.12560466281138, 184.5032927878201, 184.5032927878201, 179.88954012072645, 179.88954012072645, 175.27637224574573, 175.27637224574573, 170.6611719536595, 170.6611719536595, 166.05391641147435, 166.05391641147435, 161.44052270241082, 161.44052270241082, 156.8191392852459, 156.8191392852459, 152.19855232723057, 152.19855232723057, 147.57415928528644, 147.57415928528644, 142.96129666035995, 142.96129666035995, 138.34369053528644, 138.34369053528644, 133.72830920224078, 133.72830920224078, 129.1090926192701, 129.1090926192701, 124.48993011913262, 124.48993011913262, 119.86439995211549, 119.86439995211549, 115.24459303612821, 115.24459303612821, 110.62474516127259, 110.62474516127259, 106.00233695330098, 106.00233695330098, 101.39048999524675, 101.39048999524675, 96.77585182827897, 96.77585182827897, 92.14662145334296, 92.14662145334296, 87.53202574444003, 87.53202574444003, 82.90661270357668, 82.90661270357668, 78.29153195372783, 78.29153195372783, 73.6817452039104, 73.6817452039104, 69.0625922868494, 69.0625922868494, 64.44719232898206, 64.44719232898206, 59.83896137098782, 59.83896137098782, 55.234408161835745], "rat_caught": [false, false, false, false, false, false, false, false, false, false, false, false, false, false, false, false, false, false, false, false, false, false, false, false, false, false, false, false, false, false, false, false, false, false, false, true, false, false, false, false, false, false, false, false, false, false, false, false, false, false, false, false, false, false, false, false, false, false, false, false, false, false, false, false, false, false, false, true, false, false, false, false, false, true, false, true, true, false, false, false], "left_behind": ["prime", "plain", "prime", "prime", "prime", "carpet", "prime", "plain", "carpet", "prime", "plain", "plain", "plain", "search", "prime", "plain", "plain", "plain", "prime", "prime", "carpet", "prime", "plain", "prime", "prime", "search", "prime", "prime", "prime", "carpet", "prime", "plain", "prime", "carpet", "prime", "search", "prime", "plain", "plain", "plain", "prime", "carpet", "prime", "search", "prime", "carpet", "prime", "plain", "prime", "carpet", "plain", "carpet", "plain", "search", "prime", "plain", "prime", "plain", "carpet", "plain", "plain", "prime", "plain", "carpet", "plain", "plain", "search", "search", "plain", "prime", "plain", "prime", "prime", "search", "prime", "search", "search", "prime", "carpet", "plain"], "errlog_a": "turns=40, last_best_rat_prob=0.255, last_search_target=(6, 3), last_eval=-114.83, last_depth=186, search_miss_streak=0, search_gain=-1000000004.00, board_gain=-54.60, opp_threat=2.00, opp_setup_threat=1.20, search_threshold=0.480", "errlog_b": "turns=40, last_best_rat_prob=0.266, last_search_target=(3, 6), last_eval=153.48, last_depth=972, search_miss_streak=0, search_gain=-1000000000.00, board_gain=-19.41, opp_threat=0.00, opp_setup_threat=0.00, search_threshold=0.550", "start_time": 240, "start_moves": 80, "turn_count": 80, "result": 1, "reason": "POINTS", "trapdoors": [[5, 6], [5, 6], [5, 6], [5, 6], [5, 6], [5, 7], [5, 7], [5, 7], [5, 7], [5, 7], [5, 6], [6, 6], [6, 6], [7, 6], [7, 6], [7, 6], [7, 6], [7, 6], [7, 6], [7, 6], [7, 6], [7, 5], [7, 5], [7, 4], [7, 4], [7, 4], [6, 4], [6, 3], [6, 3], [6, 3], [6, 3], [6, 3], [7, 3], [7, 3], [7, 3], [7, 3], [1, 7], [0, 7], [0, 7], [0, 7], [1, 7], [2, 7], [2, 7], [2, 7], [2, 7], [2, 7], [1, 7], [0, 7], [0, 6], [0, 6], [0, 6], [1, 6], [0, 6], [0, 5], [0, 5], [0, 5], [0, 5], [0, 5], [0, 6], [0, 5], [1, 5], [1, 5], [1, 5], [2, 5], [2, 5], [2, 5], [3, 5], [3, 5], [7, 2], [7, 2], [7, 2], [7, 1], [7, 1], [7, 1], [4, 1], [4, 1], [5, 4], [3, 4], [3, 5], [3, 5], [3, 6]], "spawn_a": [2, 4], "spawn_b": [5, 4]}