{"pos": [[2, 4], [5, 4], [1, 4], [4, 4], [3, 4], [4, 3], [3, 3], [5, 3], [3, 2], [6, 3], [3, 3], [4, 3], [3, 3], [4, 3], [3, 3], [4, 2], [3, 4], [4, 1], [3, 2], [4, 2], [2, 2], [5, 2], [1, 2], [6, 2], [1, 3], [7, 2], [0, 3], [4, 2], [0, 2], [4, 2], [1, 2], [4, 1], [1, 3], [4, 1], [1, 4], [4, 0], [2, 4], [5, 0], [2, 5], [5, 0], [3, 5], [5, 1], [4, 5], [5, 2], [4, 5], [5, 3], [4, 6], [4, 3], [4, 4], [3, 3], [4, 3], [3, 3], [4, 2], [2, 3], [4, 3], [3, 3], [4, 4], [0, 3], [5, 4], [0, 3], [5, 5], [0, 4], [4, 5], [0, 3], [4, 6], [1, 3], [4, 6], [2, 3], [5, 6], [3, 3], [5, 7], [4, 3], [5, 4], [5, 3], [5, 4], [6, 3], [4, 4], [6, 4], [4, 5], [6, 3]], "a_points": [1, 1, 2, 2, 4, 4, 4, 4, 4, 4, 5, 5, 3, 3, 7, 7, 8, 8, 10, 10, 10, 10, 11, 11, 12, 12, 12, 12, 13, 13, 12, 12, 12, 12, 13, 13, 14, 14, 14, 14, 15, 15, 16, 16, 20, 20, 21, 21, 23, 23, 23, 23, 23, 23, 23, 23, 23, 23, 23, 23, 24, 24, 25, 25, 25, 25, 23, 23, 24, 24, 25, 25, 29, 29, 33, 33, 33, 33, 33, 33], "b_points": [0, 0, 0, 0, 0, 1, 1, 2, 2, 3, 3, 5, 5, 3, 3, 3, 3, 3, 3, 4, 4, 5, 5, 6, 6, 7, 7, 11, 11, 9, 9, 8, 8, 12, 12, 12, 12, 13, 13, 17, 17, 18, 18, 19, 19, 19, 19, 19, 19, 19, 19, 23, 23, 23, 23, 24, 24, 28, 28, 32, 32, 32, 32, 33, 33, 33, 33, 33, 33, 33, 33, 33, 33, 33, 33, 33, 33, 33, 33, 34], "a_turns_left": [39, 39, 38, 38, 37, 37, 36, 36, 35, 35, 34, 34, 33, 33, 32, 32, 31, 31, 30, 30, 29, 29, 28, 28, 27, 27, 26, 26, 25, 25, 24, 24, 23, 23, 22, 22, 21, 21, 20, 20, 19, 19, 18, 18, 17, 17, 16, 16, 15, 15, 14, 14, 13, 13, 12, 12, 11, 11, 10, 10, 9, 9, 8, 8, 7, 7, 6, 6, 5, 5, 4, 4, 3, 3, 2, 2, 1, 1, 0, 0], "b_turns_left": [40, 39, 39, 38, 38, 37, 37, 36, 36, 35, 35, 34, 34, 33, 33, 32, 32, 31, 31, 30, 30, 29, 29, 28, 28, 27, 27, 26, 26, 25, 25, 24, 24, 23, 23, 22, 22, 21, 21, 20, 20, 19, 19, 18, 18, 17, 17, 16, 16, 15, 15, 14, 14, 13, 13, 12, 12, 11, 11, 10, 10, 9, 9, 8, 8, 7, 7, 6, 6, 5, 5, 4, 4, 3, 3, 2, 2, 1, 1, 0], "a_time_left": [236.30122833303176, 236.30122833303176, 232.6022094578948, 232.6022094578948, 228.90471716690809, 228.90471716690809, 225.20348020875826, 225.20348020875826, 221.5085509167984, 221.5085509167984, 217.80957066686824, 217.80957066686824, 214.10602708277293, 214.10602708277293, 210.41009029070847, 210.41009029070847, 206.720735832816, 206.720735832816, 203.01641404093243, 203.01641404093243, 199.32593808299862, 199.32593808299862, 195.62965170806274, 195.62965170806274, 191.9370028739795, 191.9370028739795, 188.23033054103144, 188.23033054103144, 184.5359560411889, 184.5359560411889, 180.84758329112083, 180.84758329112083, 177.1493330001831, 177.1493330001831, 173.44838625006378, 173.44838625006378, 169.74529362516478, 169.74529362516478, 166.05254091625102, 166.05254091625102, 162.34833620721474, 162.34833620721474, 158.64886308205314, 158.64886308205314, 154.8771857910324, 154.8771857910324, 151.18012483185157, 151.18012483185157, 147.4525602068752, 147.4525602068752, 143.75895833200775, 143.75895833200775, 140.06098779011518, 140.06098779011518, 136.36096608219668, 136.36096608219668, 132.6683083733078, 132.6683083733078, 128.97600079025142, 128.97600079025142, 125.28195112431422, 125.28195112431422, 121.58594933222048, 121.58594933222048, 117.89420095738024, 117.89420095738024, 114.19004983222112, 114.19004983222112, 110.49053716636263, 110.49053716636263, 106.79714666632935, 106.79714666632935, 103.09569799946621, 103.09569799946621, 99.34083658247255, 99.34083658247255, 95.64758629142307, 95.64758629142307, 91.95324620860629, 91.95324620860629], "b_time_left": [240, 235.3814972920809, 235.3814972920809, 230.74970074999146, 230.74970074999146, 226.1354079169687, 226.1354079169687, 221.52099283295684, 221.52099283295684, 216.90810104086995, 216.90810104086995, 212.28827495779842, 212.28827495779842, 207.67445383267477, 207.67445383267477, 203.06428554072045, 203.06428554072045, 198.4416226237081, 198.4416226237081, 193.79582249885425, 193.79582249885425, 189.1753779577557, 189.1753779577557, 184.5604332499206, 184.5604332499206, 179.94299241597764, 179.94299241597764, 175.3083044157829, 175.3083044157829, 170.684085998917, 170.684085998917, 166.05316454102285, 166.05316454102285, 161.42597066611052, 161.42597066611052, 156.808536458062, 156.808536458062, 152.19144874997437, 152.19144874997437, 147.56389254098758, 147.56389254098758, 142.94514433317818, 142.94514433317818, 138.32366404216737, 138.32366404216737, 133.70382804214023, 133.70382804214023, 129.06694104219787, 129.06694104219787, 124.43111058417708, 124.43111058417708, 119.81323175108992, 119.81323175108992, 115.1971869179979, 115.1971869179979, 110.58404120989144, 110.58404120989144, 105.9743568347767, 105.9743568347767, 101.35941320983693, 101.35941320983693, 96.74237108486705, 96.74237108486705, 92.13276445982046, 92.13276445982046, 87.51599725172855, 87.51599725172855, 82.90204900153913, 82.90204900153913, 78.29417058452964, 78.29417058452964, 73.68786475155503, 73.68786475155503, 69.07205287646502, 69.07205287646502, 64.46354104345664, 64.46354104345664, 59.85062200133689, 59.85062200133689, 55.230023292358965], "rat_caught": [false, false, false, false, false, false, false, false, false, false, false, false, false, false, true, false, false, false, false, false, false, false, false, false, false, false, false, false, false, false, false, false, false, true, false, false, false, false, false, true, false, false, false, false, true, false, false, false, false, false, false, true, false, false, false, false, false, false, false, true, false, false, false, false, false, false, false, false, false, false, false, false, false, false, true, false, false, false, false, false], "left_behind": ["prime", "plain", "prime", "plain", "carpet", "prime", "plain", "prime", "plain", "prime", "prime", "carpet", "search", "search", "search", "plain", "prime", "plain", "carpet", "prime", "plain", "prime", "prime", "prime", "prime", "prime", "plain", "carpet", "prime", "search", "carpet", "carpet", "plain", "search", "prime", "plain", "prime", "prime", "plain", "search", "prime", "prime", "prime", "prime", "search", "plain", "prime", "plain", "carpet", "plain", "plain", "search", "plain", "plain", "plain", "prime", "plain", "carpet", "plain", "search", "prime", "plain", "prime", "prime", "plain", "plain", "search", "plain", "prime", "plain", "prime", "plain", "carpet", "plain", "search", "plain", "plain", "plain", "plain", "prime"], "errlog_a": "turns=40, last_best_rat_prob=0.267, last_search_target=(7, 2), last_eval=-13.94, last_depth=72, search_miss_streak=0, search_gain=-1000000006.00, board_gain=-78.39, opp_threat=1.00, opp_setup_threat=0.55, search_threshold=0.500", "errlog_b": "turns=40, last_best_rat_prob=0.579, last_search_target=(7, 2), last_eval=13.25, last_depth=543, search_miss_streak=0, search_gain=5.73, board_gain=69.30, opp_threat=2.00, opp_setup_threat=2.00, search_threshold=0.470", "start_time": 240, "start_moves": 80, "turn_count": 80, "result": 1, "reason": "POINTS", "trapdoors": [[3, 3], [3, 3], [2, 3], [1, 3], [1, 3], [1, 3], [1, 3], [1, 3], [1, 3], [1, 2], [1, 2], [0, 2], [0, 1], [0, 0], [1, 0], [1, 1], [1, 1], [1, 1], [1, 1], [1, 1], [1, 0], [1, 0], [1, 0], [1, 0], [2, 0], [2, 0], [3, 0], [3, 0], [3, 0], [3, 1], [3, 1], [3, 1], [3, 1], [3, 1], [4, 4], [4, 4], [3, 4], [3, 4], [3, 4], [3, 4], [1, 5], [1, 5], [1, 5], [2, 5], [2, 5], [6, 7], [6, 7], [7, 7], [7, 7], [7, 7], [7, 7], [7, 6], [1, 7], [1, 7], [0, 7], [0, 7], [0, 6], [0, 6], [0, 6], [0, 5], [6, 7], [7, 7], [7, 6], [7, 5], [7, 5], [7, 4], [7, 4], [6, 4], [6, 4], [6, 4], [7, 4], [7, 4], [7, 4], [6, 4], [6, 4], [7, 3], [7, 3], [7, 2], [7, 2], [7, 2], [7, 2]], "spawn_a": [3, 4], "spawn_b": [4, 4]}