{"pos": [[2, 3], [5, 4], [2, 4], [5, 5], [2, 5], [5, 6], [2, 5], [4, 6], [3, 5], [3, 6], [3, 4], [3, 6], [3, 3], [5, 6], [3, 2], [5, 3], [2, 2], [4, 3], [2, 1], [4, 2], [2, 5], [4, 3], [2, 5], [4, 4], [3, 5], [4, 4], [4, 5], [4, 4], [3, 5], [5, 4], [3, 4], [4, 4], [3, 3], [3, 4], [2, 3], [3, 2], [1, 3], [3, 1], [1, 2], [3, 1], [1, 3], [4, 1], [0, 3], [4, 0], [0, 4], [3, 0], [0, 5], [2, 0], [1, 5], [2, 1], [1, 4], [2, 2], [2, 4], [2, 0], [2, 4], [4, 0], [2, 5], [5, 0], [1, 5], [5, 1], [1, 2], [3, 1], [1, 2], [3, 1], [0, 2], [3, 2], [0, 5], [3, 1], [1, 5], [4, 1], [1, 5], [5, 1], [1, 5], [5, 2], [2, 5], [5, 3], [2, 6], [6, 3], [2, 6], [5, 3]], "a_points": [4, 4, 5, 5, 6, 6, 10, 10, 11, 11, 12, 12, 13, 13, 13, 13, 14, 14, 15, 15, 21, 21, 25, 25, 24, 24, 24, 24, 25, 25, 24, 24, 24, 24, 25, 25, 25, 25, 25, 25, 26, 26, 27, 27, 28, 28, 29, 29, 30, 30, 31, 31, 32, 32, 30, 30, 30, 30, 29, 29, 33, 33, 31, 31, 31, 31, 35, 35, 35, 35, 39, 39, 37, 37, 37, 37, 37, 37, 41, 41], "b_points": [0, 1, 1, 2, 2, 3, 3, 4, 4, 5, 5, 9, 9, 11, 11, 15, 15, 15, 15, 15, 15, 16, 16, 17, 17, 15, 15, 19, 19, 20, 20, 19, 19, 19, 19, 21, 21, 21, 21, 25, 25, 26, 26, 27, 27, 28, 28, 29, 29, 30, 30, 31, 31, 33, 33, 35, 35, 35, 35, 36, 36, 38, 38, 42, 42, 42, 42, 42, 42, 42, 42, 42, 42, 43, 43, 44, 44, 44, 44, 45], "a_turns_left": [39, 39, 38, 38, 37, 37, 36, 36, 35, 35, 34, 34, 33, 33, 32, 32, 31, 31, 30, 30, 29, 29, 28, 28, 27, 27, 26, 26, 25, 25, 24, 24, 23, 23, 22, 22, 21, 21, 20, 20, 19, 19, 18, 18, 17, 17, 16, 16, 15, 15, 14, 14, 13, 13, 12, 12, 11, 11, 10, 10, 9, 9, 8, 8, 7, 7, 6, 6, 5, 5, 4, 4, 3, 3, 2, 2, 1, 1, 0, 0], "b_turns_left": [40, 39, 39, 38, 38, 37, 37, 36, 36, 35, 35, 34, 34, 33, 33, 32, 32, 31, 31, 30, 30, 29, 29, 28, 28, 27, 27, 26, 26, 25, 25, 24, 24, 23, 23, 22, 22, 21, 21, 20, 20, 19, 19, 18, 18, 17, 17, 16, 16, 15, 15, 14, 14, 13, 13, 12, 12, 11, 11, 10, 10, 9, 9, 8, 8, 7, 7, 6, 6, 5, 5, 4, 4, 3, 3, 2, 2, 1, 1, 0], "a_time_left": [235.38379475008696, 235.38379475008696, 230.76816983311437, 230.76816983311437, 226.15133199910633, 226.15133199910633, 221.5376058742404, 221.5376058742404, 216.9239744162187, 216.9239744162187, 212.3134747503791, 212.3134747503791, 207.69380408339202, 207.69380408339202, 203.08308312436566, 203.08308312436566, 198.47238595737144, 198.47238595737144, 193.85851316642947, 193.85851316642947, 189.24189275037497, 189.24189275037497, 184.62730420846492, 184.62730420846492, 180.01764708338305, 180.01764708338305, 175.4041364165023, 175.4041364165023, 170.79445029143244, 170.79445029143244, 166.18468916649, 166.18468916649, 161.49691554158926, 161.49691554158926, 156.8853596255649, 156.8853596255649, 152.27686966746114, 152.27686966746114, 147.66447145934217, 147.66447145934217, 143.05452458420768, 143.05452458420768, 138.4430530841928, 138.4430530841928, 133.83094754326157, 133.83094754326157, 129.22071783524007, 129.22071783524007, 124.6112880022265, 124.6112880022265, 120.00066237710416, 120.00066237710416, 115.38895466807298, 115.38895466807298, 110.77591179287992, 110.77591179287992, 106.16541000106372, 106.16541000106372, 101.5547647930216, 101.5547647930216, 96.94456946011633, 96.94456946011633, 92.3300769191701, 92.3300769191701, 87.72125029424205, 87.72125029424205, 83.11302312812768, 83.11302312812768, 78.503693878185, 78.503693878185, 73.89055929519236, 73.89055929519236, 69.27586987917311, 69.27586987917311, 64.6680409621913, 64.6680409621913, 60.06051708711311, 60.06051708711311, 55.450527504086494, 55.450527504086494], "b_time_left": [240, 235.38588029099628, 235.38588029099628, 230.7687069159001, 230.7687069159001, 226.1564312907867, 226.1564312907867, 221.5447936237324, 221.5447936237324, 216.9352396656759, 216.9352396656759, 212.32128474884667, 212.32128474884667, 207.7093186660204, 207.7093186660204, 203.10047129099257, 203.10047129099257, 198.48671470792033, 198.48671470792033, 193.87748524989001, 193.87748524989001, 189.26553516602144, 189.26553516602144, 184.65066187409684, 184.65066187409684, 180.03715495811775, 180.03715495811775, 175.42695600027218, 175.42695600027218, 170.81602391623892, 170.81602391623892, 166.21083699935116, 166.21083699935116, 161.57975966646336, 161.57975966646336, 156.970970249502, 156.970970249502, 152.36311004147865, 152.36311004147865, 147.74600254138932, 147.74600254138932, 143.13175779138692, 143.13175779138692, 138.52013933239505, 138.52013933239505, 133.90782858221792, 133.90782858221792, 129.2992657071445, 129.2992657071445, 124.69139699894004, 124.69139699894004, 120.08100249897689, 120.08100249897689, 115.46469908184372, 115.46469908184372, 110.85638129082508, 110.85638129082508, 106.24470437387936, 106.24470437387936, 101.63421304081567, 101.63421304081567, 97.0235609577503, 97.0235609577503, 92.4115577917546, 92.4115577917546, 87.79995766677894, 87.79995766677894, 83.19227345869876, 83.19227345869876, 78.58400779170915, 78.58400779170915, 73.96758383372799, 73.96758383372799, 69.35557541670278, 69.35557541670278, 64.74742904189043, 64.74742904189043, 60.1380440837238, 60.1380440837238, 55.531063083792105], "rat_caught": [true, false, false, false, false, false, true, false, false, false, false, true, false, false, false, false, false, false, false, false, false, false, true, false, false, false, false, true, false, false, false, false, false, false, false, false, false, false, false, true, false, false, false, false, false, false, false, false, false, false, false, false, false, false, false, false, false, false, false, false, false, false, false, true, false, false, false, false, false, false, true, false, false, false, false, false, false, false, true, false], "left_behind": ["search", "prime", "prime", "prime", "prime", "prime", "search", "prime", "prime", "prime", "prime", "search", "prime", "carpet", "plain", "carpet", "prime", "plain", "prime", "plain", "carpet", "prime", "search", "prime", "carpet", "search", "plain", "search", "prime", "prime", "carpet", "carpet", "plain", "plain", "prime", "carpet", "plain", "plain", "plain", "search", "prime", "prime", "prime", "prime", "prime", "prime", "prime", "prime", "prime", "prime", "prime", "prime", "prime", "carpet", "search", "carpet", "plain", "plain", "carpet", "prime", "carpet", "carpet", "search", "search", "plain", "plain", "carpet", "plain", "plain", "plain", "search", "plain", "search", "prime", "plain", "prime", "plain", "plain", "search", "prime"], "errlog_a": "turns=40, last_best_rat_prob=0.526, last_search_target=(1, 4), last_eval=53.29, last_depth=111, search_miss_streak=1, search_gain=53.29, board_gain=0.58, opp_threat=1.00, opp_setup_threat=6.80, search_threshold=0.450", "errlog_b": "turns=40, last_best_rat_prob=0.258, last_search_target=(4, 2), last_eval=185.09, last_depth=696, search_miss_streak=0, search_gain=-1000000000.00, board_gain=71.28, opp_threat=1.00, opp_setup_threat=0.55, search_threshold=0.580", "start_time": 240, "start_moves": 80, "turn_count": 80, "result": 1, "reason": "POINTS", "trapdoors": [[2, 3], [6, 7], [6, 7], [6, 7], [7, 7], [7, 7], [7, 7], [7, 2], [7, 2], [7, 2], [7, 2], [7, 2], [6, 3], [6, 3], [6, 3], [7, 3], [7, 3], [7, 3], [7, 3], [7, 3], [7, 3], [7, 2], [7, 2], [3, 4], [3, 4], [3, 4], [3, 4], [3, 4], [0, 7], [0, 7], [0, 7], [0, 7], [1, 7], [1, 7], [1, 7], [1, 7], [1, 7], [1, 7], [1, 7], [0, 7], [5, 6], [5, 6], [5, 7], [6, 7], [7, 7], [7, 6], [7, 5], [7, 5], [7, 5], [7, 5], [7, 5], [7, 5], [7, 5], [7, 5], [7, 5], [7, 5], [7, 4], [7, 4], [7, 3], [7, 3], [6, 3], [5, 3], [5, 4], [5, 4], [4, 1], [4, 1], [4, 0], [4, 0], [4, 1], [4, 0], [4, 0], [1, 3], [1, 3], [1, 4], [1, 4], [1, 4], [1, 4], [1, 4], [1, 4], [4, 2], [4, 2]], "spawn_a": [2, 3], "spawn_b": [5, 3]}