{"pos": [[2, 4], [5, 4], [2, 3], [5, 3], [2, 2], [5, 2], [2, 1], [5, 1], [2, 0], [4, 1], [2, 0], [3, 1], [2, 5], [3, 0], [3, 5], [4, 0], [3, 4], [5, 0], [3, 3], [5, 0], [4, 3], [5, 5], [5, 3], [4, 5], [3, 3], [4, 6], [3, 4], [4, 5], [3, 4], [4, 4], [3, 4], [4, 4], [3, 3], [4, 3], [3, 3], [4, 5], [4, 3], [4, 4], [3, 3], [4, 3], [3, 5], [4, 2], [3, 4], [4, 3], [3, 3], [4, 2], [3, 2], [4, 2], [3, 2], [5, 2], [3, 0], [4, 2], [3, 1], [3, 2], [2, 1], [2, 2], [3, 1], [2, 2], [3, 2], [2, 3], [3, 3], [1, 3], [4, 3], [0, 3], [4, 3], [0, 4], [3, 3], [0, 4], [2, 3], [1, 4], [3, 3], [1, 5], [3, 4], [0, 5], [3, 3], [0, 3], [4, 3], [0, 3], [4, 2], [1, 3]], "a_points": [1, 1, 2, 2, 3, 3, 4, 4, 5, 5, 9, 9, 19, 19, 19, 19, 20, 20, 20, 20, 21, 21, 22, 22, 24, 24, 24, 24, 22, 22, 20, 20, 21, 21, 25, 25, 25, 25, 25, 25, 27, 27, 27, 27, 27, 27, 27, 27, 31, 31, 33, 33, 33, 33, 33, 33, 33, 33, 33, 33, 34, 34, 34, 34, 32, 32, 32, 32, 32, 32, 32, 32, 32, 32, 32, 32, 32, 32, 32, 32], "b_points": [0, 1, 1, 2, 2, 3, 3, 4, 4, 5, 5, 6, 6, 7, 7, 8, 8, 9, 9, 7, 7, 17, 17, 17, 17, 17, 17, 17, 17, 18, 18, 16, 16, 17, 17, 19, 19, 19, 19, 19, 19, 19, 19, 19, 19, 19, 19, 17, 17, 18, 18, 17, 17, 17, 17, 17, 17, 21, 21, 21, 21, 21, 21, 22, 22, 23, 23, 27, 27, 28, 28, 29, 29, 30, 30, 32, 32, 30, 30, 29], "a_turns_left": [39, 39, 38, 38, 37, 37, 36, 36, 35, 35, 34, 34, 33, 33, 32, 32, 31, 31, 30, 30, 29, 29, 28, 28, 27, 27, 26, 26, 25, 25, 24, 24, 23, 23, 22, 22, 21, 21, 20, 20, 19, 19, 18, 18, 17, 17, 16, 16, 15, 15, 14, 14, 13, 13, 12, 12, 11, 11, 10, 10, 9, 9, 8, 8, 7, 7, 6, 6, 5, 5, 4, 4, 3, 3, 2, 2, 1, 1, 0, 0], "b_turns_left": [40, 39, 39, 38, 38, 37, 37, 36, 36, 35, 35, 34, 34, 33, 33, 32, 32, 31, 31, 30, 30, 29, 29, 28, 28, 27, 27, 26, 26, 25, 25, 24, 24, 23, 23, 22, 22, 21, 21, 20, 20, 19, 19, 18, 18, 17, 17, 16, 16, 15, 15, 14, 14, 13, 13, 12, 12, 11, 11, 10, 10, 9, 9, 8, 8, 7, 7, 6, 6, 5, 5, 4, 4, 3, 3, 2, 2, 1, 1, 0], "a_time_left": [235.38895554211922, 235.38895554211922, 230.7800271671731, 230.7800271671731, 226.17054200032726, 226.17054200032726, 221.55862945853733, 221.55862945853733, 216.94037745869718, 216.94037745869718, 212.32340395869687, 212.32340395869687, 207.70894795865752, 207.70894795865752, 203.09703704155982, 203.09703704155982, 198.48449858254753, 198.48449858254753, 193.86997837363742, 193.86997837363742, 189.25857899873517, 189.25857899873517, 184.64403008273803, 184.64403008273803, 180.03398787486367, 180.03398787486367, 175.42637766664848, 175.42637766664848, 170.81380616663955, 170.81380616663955, 166.2009927914478, 166.2009927914478, 161.59270879160613, 161.59270879160613, 156.97915670764633, 156.97915670764633, 152.36956662358716, 152.36956662358716, 147.7611578735523, 147.7611578735523, 143.15154216554947, 143.15154216554947, 138.53967487462796, 138.53967487462796, 133.9312594574876, 133.9312594574876, 129.3187627485022, 129.3187627485022, 124.69287483254448, 124.69287483254448, 120.08224520762451, 120.08224520762451, 115.4706120826304, 115.4706120826304, 110.86180887464434, 110.86180887464434, 106.24571520881727, 106.24571520881727, 101.63526758365333, 101.63526758365333, 97.02141279261559, 97.02141279261559, 92.40994712663814, 92.40994712663814, 87.79611954349093, 87.79611954349093, 83.18897537630983, 83.18897537630983, 78.56803266727366, 78.56803266727366, 73.94272166746669, 73.94272166746669, 69.33336075139232, 69.33336075139232, 64.72637550137006, 64.72637550137006, 60.11917783529498, 60.11917783529498, 55.51482812734321, 55.51482812734321], "b_time_left": [240, 235.3895746669732, 235.3895746669732, 230.78048695786856, 230.78048695786856, 226.16858120798133, 226.16858120798133, 221.55620229104534, 221.55620229104534, 216.9443746251054, 216.9443746251054, 212.32903454219922, 212.32903454219922, 207.71580408303998, 207.71580408303998, 203.10337766609155, 203.10337766609155, 198.46836437494494, 198.46836437494494, 193.85018545784988, 193.85018545784988, 189.23912016581744, 189.23912016581744, 184.6284219988156, 184.6284219988156, 180.01687120785937, 180.01687120785937, 175.40181120787747, 175.40181120787747, 170.78845654171892, 170.78845654171892, 166.17569462489337, 166.17569462489337, 161.55822187499143, 161.55822187499143, 156.94195462507196, 156.94195462507196, 152.33419904205948, 152.33419904205948, 147.72725516697392, 147.72725516697392, 143.1179669171106, 143.1179669171106, 138.50738525111228, 138.50738525111228, 133.90035629319027, 133.90035629319027, 129.28459725202993, 129.28459725202993, 124.67317841900513, 124.67317841900513, 120.06554562691599, 120.06554562691599, 115.45676108496264, 115.45676108496264, 110.84065871010534, 110.84065871010534, 106.22228862694465, 106.22228862694465, 101.6106949178502, 101.6106949178502, 97.00160987582058, 97.00160987582058, 92.3921773347538, 92.3921773347538, 87.77828475181013, 87.77828475181013, 83.16387829370797, 83.16387829370797, 78.55673637776636, 78.55673637776636, 73.93634529481642, 73.93634529481642, 69.32715033693239, 69.32715033693239, 64.72031566989608, 64.72031566989608, 60.11047412874177, 60.11047412874177, 55.50729775382206], "rat_caught": [false, false, false, false, false, false, false, false, false, false, true, false, false, false, false, false, false, false, false, false, false, false, false, false, false, false, false, false, false, false, false, false, false, false, true, false, false, false, false, false, false, false, false, false, false, false, false, false, true, false, false, false, false, false, false, false, false, true, false, false, false, false, false, false, false, false, false, true, false, false, false, false, false, false, false, false, false, false, false, false], "left_behind": ["prime", "prime", "prime", "prime", "prime", "prime", "prime", "prime", "prime", "prime", "search", "prime", "carpet", "prime", "plain", "prime", "prime", "prime", "plain", "search", "prime", "carpet", "prime", "plain", "carpet", "plain", "plain", "plain", "search", "prime", "search", "search", "prime", "prime", "search", "carpet", "plain", "plain", "plain", "plain", "carpet", "plain", "plain", "plain", "plain", "plain", "plain", "search", "search", "prime", "carpet", "carpet", "plain", "plain", "plain", "plain", "plain", "search", "plain", "plain", "prime", "plain", "plain", "prime", "search", "prime", "plain", "search", "plain", "prime", "plain", "prime", "plain", "prime", "plain", "carpet", "plain", "search", "plain", "carpet"], "errlog_a": "turns=40, last_best_rat_prob=0.489, last_search_target=(4, 4), last_eval=124.89, last_depth=356, search_miss_streak=1, search_gain=-1000000000.00, board_gain=-4.77, opp_threat=0.00, opp_setup_threat=1.70, search_threshold=0.500", "errlog_b": "turns=40, last_best_rat_prob=0.430, last_search_target=(4, 4), last_eval=-106.98, last_depth=2271, search_miss_streak=1, search_gain=-1000000010.00, board_gain=18.73, opp_threat=2.00, opp_setup_threat=2.00, search_threshold=0.460", "start_time": 240, "start_moves": 80, "turn_count": 80, "result": 0, "reason": "POINTS", "trapdoors": [[7, 3], [7, 3], [7, 4], [7, 4], [7, 4], [7, 3], [7, 3], [7, 3], [7, 4], [7, 4], [7, 4], [1, 1], [2, 1], [2, 1], [2, 1], [2, 2], [1, 2], [1, 2], [1, 2], [1, 2], [1, 2], [1, 2], [0, 2], [0, 2], [0, 2], [0, 2], [0, 2], [0, 2], [1, 2], [2, 2], [2, 3], [2, 4], [2, 4], [2, 4], [3, 4], [1, 1], [1, 1], [2, 1], [2, 1], [2, 1], [2, 2], [1, 2], [1, 2], [2, 2], [2, 1], [2, 1], [2, 1], [2, 1], [2, 1], [2, 4], [2, 4], [2, 4], [3, 4], [3, 4], [3, 4], [3, 5], [3, 5], [3, 5], [1, 5], [1, 5], [1, 5], [1, 5], [0, 5], [0, 4], [0, 4], [0, 4], [0, 4], [0, 4], [4, 2], [4, 2], [4, 3], [4, 3], [4, 3], [4, 2], [4, 2], [4, 2], [4, 2], [4, 2], [4, 3], [4, 3], [4, 4]], "spawn_a": [2, 5], "spawn_b": [5, 5]}