{"pos": [[3, 4], [4, 4], [3, 5], [4, 5], [2, 5], [4, 3], [1, 5], [4, 2], [0, 5], [5, 2], [0, 5], [5, 3], [3, 5], [5, 4], [3, 5], [5, 5], [4, 5], [5, 6], [5, 5], [4, 6], [4, 5], [3, 6], [5, 5], [3, 5], [5, 2], [3, 3], [5, 1], [3, 2], [5, 2], [2, 2], [5, 3], [3, 2], [5, 2], [3, 2], [4, 2], [2, 2], [4, 3], [1, 2], [3, 3], [0, 2], [2, 3], [3, 2], [2, 3], [3, 3], [2, 4], [3, 4], [1, 4], [4, 4], [1, 4], [4, 4], [0, 4], [4, 4], [2, 4], [3, 4], [1, 4], [4, 4], [1, 3], [4, 4], [0, 3], [4, 6], [0, 4], [4, 7], [0, 5], [3, 7], [0, 5], [4, 7], [1, 5], [4, 7], [2, 5], [5, 7], [2, 4], [4, 7], [3, 4], [4, 6], [4, 4], [4, 5], [3, 4], [4, 5], [3, 4], [5, 5]], "a_points": [1, 1, 2, 2, 3, 3, 4, 4, 5, 5, 3, 3, 7, 7, 11, 11, 11, 11, 10, 10, 10, 10, 11, 11, 15, 15, 15, 15, 16, 16, 16, 16, 16, 16, 15, 15, 15, 15, 15, 15, 15, 15, 19, 19, 20, 20, 21, 21, 19, 19, 20, 20, 22, 22, 22, 22, 22, 22, 23, 23, 24, 24, 25, 25, 29, 29, 30, 30, 30, 30, 30, 30, 30, 30, 30, 30, 30, 30, 34, 34], "b_points": [0, 1, 1, 2, 2, 4, 4, 4, 4, 5, 5, 6, 6, 7, 7, 8, 8, 9, 9, 10, 10, 11, 11, 12, 12, 14, 14, 14, 14, 14, 14, 14, 14, 18, 18, 19, 19, 20, 20, 21, 21, 25, 25, 25, 25, 25, 25, 25, 25, 23, 23, 21, 21, 21, 21, 21, 21, 19, 19, 21, 21, 21, 21, 21, 21, 22, 22, 20, 20, 20, 20, 21, 21, 22, 22, 22, 22, 20, 20, 20], "a_turns_left": [39, 39, 38, 38, 37, 37, 36, 36, 35, 35, 34, 34, 33, 33, 32, 32, 31, 31, 30, 30, 29, 29, 28, 28, 27, 27, 26, 26, 25, 25, 24, 24, 23, 23, 22, 22, 21, 21, 20, 20, 19, 19, 18, 18, 17, 17, 16, 16, 15, 15, 14, 14, 13, 13, 12, 12, 11, 11, 10, 10, 9, 9, 8, 8, 7, 7, 6, 6, 5, 5, 4, 4, 3, 3, 2, 2, 1, 1, 0, 0], "b_turns_left": [40, 39, 39, 38, 38, 37, 37, 36, 36, 35, 35, 34, 34, 33, 33, 32, 32, 31, 31, 30, 30, 29, 29, 28, 28, 27, 27, 26, 26, 25, 25, 24, 24, 23, 23, 22, 22, 21, 21, 20, 20, 19, 19, 18, 18, 17, 17, 16, 16, 15, 15, 14, 14, 13, 13, 12, 12, 11, 11, 10, 10, 9, 9, 8, 8, 7, 7, 6, 6, 5, 5, 4, 4, 3, 3, 2, 2, 1, 1, 0], "a_time_left": [236.30561299994588, 236.30561299994588, 232.61646308284253, 232.61646308284253, 228.92338991677389, 228.92338991677389, 225.23738045874052, 225.23738045874052, 221.5404970839154, 221.5404970839154, 217.83270687586628, 217.83270687586628, 214.13332075090148, 214.13332075090148, 210.44111012574285, 210.44111012574285, 206.7432639177423, 206.7432639177423, 203.03756870888174, 203.03756870888174, 199.34225104283541, 199.34225104283541, 195.64637733390555, 195.64637733390555, 191.9406137918122, 191.9406137918122, 188.24163895868696, 188.24163895868696, 184.542751416564, 184.542751416564, 180.85100450064056, 180.85100450064056, 177.161247958662, 177.161247958662, 173.46739512565546, 173.46739512565546, 169.76811587577686, 169.76811587577686, 166.04897729167715, 166.04897729167715, 162.34452020865865, 162.34452020865865, 158.63857920863666, 158.63857920863666, 154.9368054587394, 154.9368054587394, 151.2461175005883, 151.2461175005883, 147.5422637925949, 147.5422637925949, 143.85139579256065, 143.85139579256065, 140.15584870963357, 140.15584870963357, 136.46439979271963, 136.46439979271963, 132.7652119176928, 132.7652119176928, 129.07625175081193, 129.07625175081193, 125.38732208497822, 125.38732208497822, 121.69594670995139, 121.69594670995139, 118.00065937591717, 118.00065937591717, 114.29486120888032, 114.29486120888032, 110.5980073758401, 110.5980073758401, 106.9076052508317, 106.9076052508317, 103.21420054277405, 103.21420054277405, 99.52511700056493, 99.52511700056493, 95.82967750052921, 95.82967750052921, 92.13760479260236, 92.13760479260236], "b_time_left": [240, 236.31031166599132, 236.31031166599132, 232.6196307488717, 232.6196307488717, 228.92914074892178, 228.92914074892178, 225.24142612377182, 225.24142612377182, 221.53723974875174, 221.53723974875174, 217.83351087360643, 217.83351087360643, 214.13392104045488, 214.13392104045488, 210.43332466552965, 210.43332466552965, 206.72561462339945, 206.72561462339945, 202.9990137903951, 202.9990137903951, 199.30043024849147, 199.30043024849147, 195.59287154045887, 195.59287154045887, 191.8988183324691, 191.8988183324691, 188.20318424957804, 188.20318424957804, 184.50440374971367, 184.50440374971367, 180.79373024962842, 180.79373024962842, 177.0673094165977, 177.0673094165977, 173.36916191666387, 173.36916191666387, 169.67137054167688, 169.67137054167688, 165.8803759587463, 165.8803759587463, 162.18349108379334, 162.18349108379334, 158.48852349980734, 158.48852349980734, 154.80012091691606, 154.80012091691606, 151.10307987499982, 151.10307987499982, 147.40864237514324, 147.40864237514324, 143.7075610840693, 143.7075610840693, 140.01461054221727, 140.01461054221727, 136.3229890423827, 136.3229890423827, 132.62306791753508, 132.62306791753508, 128.92323795938864, 128.92323795938864, 125.2244410845451, 125.2244410845451, 121.52056487556547, 121.52056487556547, 117.81442345841788, 117.81442345841788, 114.11205950030126, 114.11205950030126, 110.41294187516905, 110.41294187516905, 106.71725137508474, 106.71725137508474, 103.00493962527253, 103.00493962527253, 99.30975925014354, 99.30975925014354, 95.60893887514248, 95.60893887514248, 91.92118216701783], "rat_caught": [false, false, false, false, false, false, false, false, false, false, false, false, false, false, true, false, false, false, false, false, false, false, false, false, false, false, false, false, false, false, false, false, false, true, false, false, false, false, false, false, false, false, true, false, false, false, false, false, false, false, false, false, false, false, false, false, false, false, false, false, false, false, false, false, true, false, false, false, false, false, false, false, false, false, false, false, false, false, true, false], "left_behind": ["prime", "prime", "prime", "prime", "prime", "carpet", "prime", "plain", "prime", "prime", "search", "prime", "carpet", "prime", "search", "prime", "plain", "prime", "carpet", "prime", "plain", "prime", "prime", "prime", "carpet", "carpet", "plain", "plain", "prime", "plain", "plain", "plain", "plain", "search", "carpet", "prime", "plain", "prime", "plain", "prime", "plain", "carpet", "search", "plain", "prime", "plain", "prime", "plain", "search", "search", "prime", "search", "carpet", "plain", "plain", "plain", "plain", "search", "prime", "carpet", "prime", "plain", "prime", "plain", "search", "prime", "prime", "search", "plain", "plain", "plain", "prime", "plain", "prime", "plain", "plain", "plain", "search", "search", "plain"], "errlog_a": "turns=40, last_best_rat_prob=0.722, last_search_target=(4, 6), last_eval=96.82, last_depth=106, search_miss_streak=0, search_gain=96.82, board_gain=9.37, opp_threat=0.00, opp_setup_threat=2.70, search_threshold=0.560", "errlog_b": "turns=40, last_best_rat_prob=0.140, last_search_target=(3, 3), last_eval=-203.90, last_depth=532, search_miss_streak=5, search_gain=-1000000040.00, board_gain=58.00, opp_threat=0.00, opp_setup_threat=5.80, search_threshold=0.460", "start_time": 240, "start_moves": 80, "turn_count": 80, "result": 0, "reason": "POINTS", "trapdoors": [[6, 3], [6, 3], [6, 3], [7, 3], [7, 3], [7, 3], [7, 2], [7, 2], [7, 1], [7, 1], [7, 1], [7, 0], [7, 0], [6, 0], [6, 0], [4, 1], [4, 1], [4, 1], [4, 2], [3, 2], [3, 2], [3, 2], [3, 2], [3, 1], [3, 1], [3, 1], [3, 1], [3, 1], [3, 1], [3, 1], [3, 1], [4, 1], [4, 1], [3, 1], [0, 4], [0, 4], [1, 4], [1, 4], [2, 4], [2, 4], [2, 4], [2, 4], [2, 4], [1, 4], [1, 4], [1, 4], [1, 4], [2, 4], [2, 4], [2, 4], [2, 4], [3, 4], [3, 4], [3, 3], [3, 3], [3, 3], [2, 3], [2, 2], [2, 3], [2, 4], [2, 3], [2, 3], [3, 3], [2, 3], [2, 3], [2, 4], [2, 5], [2, 5], [2, 5], [2, 5], [2, 5], [2, 5], [2, 5], [2, 5], [2, 5], [2, 5], [3, 5], [4, 5], [4, 5], [5, 3], [5, 3]], "spawn_a": [3, 3], "spawn_b": [4, 3]}