{"pos": [[2, 4], [5, 4], [2, 3], [5, 3], [2, 2], [5, 2], [2, 1], [5, 1], [2, 1], [5, 0], [2, 0], [5, 5], [2, 5], [4, 5], [3, 5], [4, 5], [3, 4], [4, 4], [3, 3], [4, 3], [3, 2], [4, 2], [3, 1], [4, 1], [3, 4], [4, 0], [4, 4], [4, 3], [3, 4], [3, 3], [4, 4], [3, 2], [5, 4], [3, 1], [5, 5], [3, 0], [3, 5], [2, 0], [3, 6], [3, 0], [3, 7], [4, 0], [4, 7], [5, 0], [5, 7], [5, 0], [5, 6], [2, 0], [5, 5], [2, 1], [5, 7], [2, 2], [5, 6], [2, 2], [4, 6], [1, 2], [5, 6], [1, 3], [5, 5], [1, 4], [5, 6], [0, 4], [3, 6], [0, 5], [3, 6], [1, 5], [3, 5], [1, 2], [2, 5], [0, 2], [1, 5], [0, 3], [1, 4], [1, 3], [2, 4], [1, 3], [2, 5], [1, 4], [2, 4], [1, 3]], "a_points": [1, 1, 2, 2, 3, 3, 4, 4, 8, 8, 9, 9, 19, 19, 19, 19, 20, 20, 21, 21, 22, 22, 23, 23, 27, 27, 26, 26, 26, 26, 26, 26, 26, 26, 26, 26, 28, 28, 28, 28, 29, 29, 30, 30, 31, 31, 32, 32, 33, 33, 35, 35, 35, 35, 35, 35, 36, 36, 36, 36, 36, 36, 38, 38, 42, 42, 42, 42, 42, 42, 42, 42, 43, 43, 43, 43, 43, 43, 43, 43], "b_points": [0, 1, 1, 2, 2, 3, 3, 4, 4, 5, 5, 15, 15, 15, 15, 13, 13, 14, 14, 15, 15, 16, 16, 17, 17, 18, 18, 22, 22, 22, 22, 22, 22, 22, 22, 22, 22, 22, 22, 23, 23, 24, 24, 25, 25, 29, 29, 33, 33, 33, 33, 33, 33, 31, 31, 31, 31, 32, 32, 33, 33, 34, 34, 35, 35, 36, 36, 40, 40, 40, 40, 41, 41, 42, 42, 40, 40, 40, 40, 40], "a_turns_left": [39, 39, 38, 38, 37, 37, 36, 36, 35, 35, 34, 34, 33, 33, 32, 32, 31, 31, 30, 30, 29, 29, 28, 28, 27, 27, 26, 26, 25, 25, 24, 24, 23, 23, 22, 22, 21, 21, 20, 20, 19, 19, 18, 18, 17, 17, 16, 16, 15, 15, 14, 14, 13, 13, 12, 12, 11, 11, 10, 10, 9, 9, 8, 8, 7, 7, 6, 6, 5, 5, 4, 4, 3, 3, 2, 2, 1, 1, 0, 0], "b_turns_left": [40, 39, 39, 38, 38, 37, 37, 36, 36, 35, 35, 34, 34, 33, 33, 32, 32, 31, 31, 30, 30, 29, 29, 28, 28, 27, 27, 26, 26, 25, 25, 24, 24, 23, 23, 22, 22, 21, 21, 20, 20, 19, 19, 18, 18, 17, 17, 16, 16, 15, 15, 14, 14, 13, 13, 12, 12, 11, 11, 10, 10, 9, 9, 8, 8, 7, 7, 6, 6, 5, 5, 4, 4, 3, 3, 2, 2, 1, 1, 0], "a_time_left": [235.3900235001929, 235.3900235001929, 230.7743939170614, 230.7743939170614, 226.1440813341178, 226.1440813341178, 221.51899920916185, 221.51899920916185, 216.89389495900832, 216.89389495900832, 212.2753770421259, 212.2753770421259, 207.6587587920949, 207.6587587920949, 203.04938250011764, 203.04938250011764, 198.43512204196304, 198.43512204196304, 193.81848350004293, 193.81848350004293, 189.20273170922883, 189.20273170922883, 184.57748208427802, 184.57748208427802, 179.9634679183364, 179.9634679183364, 175.354277001461, 175.354277001461, 170.73900500149466, 170.73900500149466, 166.12228004354984, 166.12228004354984, 161.49604812753387, 161.49604812753387, 156.8857907524798, 156.8857907524798, 152.27367233554833, 152.27367233554833, 147.6535125854425, 147.6535125854425, 143.04227750259452, 143.04227750259452, 138.42731379438192, 138.42731379438192, 133.80585304438137, 133.80585304438137, 129.197016044287, 129.197016044287, 124.58207296114415, 124.58207296114415, 119.97011925210245, 119.97011925210245, 115.36508050211705, 115.36508050211705, 110.75660712714307, 110.75660712714307, 106.09280954417773, 106.09280954417773, 101.47413246124052, 101.47413246124052, 96.84587341919541, 96.84587341919541, 92.23362637707032, 92.23362637707032, 87.61671633599326, 87.61671633599326, 82.99484266992658, 82.99484266992658, 78.3806051700376, 78.3806051700376, 73.76525600301102, 73.76525600301102, 69.13194267009385, 69.13194267009385, 64.52052062819712, 64.52052062819712, 59.90373083623126, 59.90373083623126, 55.29600766906515, 55.29600766906515], "b_time_left": [240, 235.38449754100293, 235.38449754100293, 230.75552433310077, 230.75552433310077, 226.11667133308947, 226.11667133308947, 221.50007733306848, 221.50007733306848, 216.88818083307706, 216.88818083307706, 212.27382754092105, 212.27382754092105, 207.65948574990034, 207.65948574990034, 203.04568404192105, 203.04568404192105, 198.42092170892283, 198.42092170892283, 193.79989358386956, 193.79989358386956, 189.1772891257424, 189.1772891257424, 184.55301333474927, 184.55301333474927, 179.93765250081196, 179.93765250081196, 175.3231142507866, 175.3231142507866, 170.69892720878124, 170.69892720878124, 166.08764070877805, 166.08764070877805, 161.47600775095634, 161.47600775095634, 156.86391921015456, 156.86391921015456, 152.25210666819476, 152.25210666819476, 147.63388787629083, 147.63388787629083, 143.0254371264018, 143.0254371264018, 138.4105257934425, 138.4105257934425, 133.7900961684063, 133.7900961684063, 129.17522804345936, 129.17522804345936, 124.56189891835675, 124.56189891835675, 119.94287879345939, 119.94287879345939, 115.3220037103165, 115.3220037103165, 110.64617321034893, 110.64617321034893, 106.02692741923966, 106.02692741923966, 101.41983887716196, 101.41983887716196, 96.79483312717639, 96.79483312717639, 92.18051854427904, 92.18051854427904, 87.56935262819752, 87.56935262819752, 82.95561750303023, 82.95561750303023, 78.34033212810755, 78.34033212810755, 73.72974671213888, 73.72974671213888, 69.11629187921062, 69.11629187921062, 64.50772712915204, 64.50772712915204, 59.89244162896648, 59.89244162896648, 55.27754167094827], "rat_caught": [false, false, false, false, false, false, false, false, true, false, false, false, false, false, false, false, false, false, false, false, false, false, false, false, false, false, false, false, false, false, false, false, false, false, false, false, false, false, false, false, false, false, false, false, false, true, false, false, false, false, false, false, false, false, false, false, false, false, false, false, false, false, false, false, true, false, false, false, false, false, false, false, false, false, false, false, false, false, false, false], "left_behind": ["prime", "prime", "prime", "prime", "prime", "prime", "prime", "prime", "search", "prime", "prime", "carpet", "carpet", "plain", "plain", "search", "prime", "prime", "prime", "prime", "prime", "prime", "prime", "prime", "carpet", "prime", "carpet", "carpet", "plain", "plain", "plain", "plain", "plain", "plain", "plain", "plain", "carpet", "plain", "plain", "prime", "prime", "prime", "prime", "prime", "prime", "search", "prime", "carpet", "prime", "plain", "carpet", "plain", "plain", "search", "plain", "plain", "prime", "prime", "plain", "prime", "plain", "prime", "carpet", "prime", "search", "prime", "plain", "carpet", "plain", "plain", "plain", "prime", "prime", "prime", "plain", "search", "plain", "plain", "plain", "plain"], "errlog_a": "turns=40, last_best_rat_prob=0.389, last_search_target=(6, 4), last_eval=66.56, last_depth=159, search_miss_streak=0, search_gain=-1000000003.00, board_gain=-29.53, opp_threat=0.00, opp_setup_threat=1.70, search_threshold=0.600", "errlog_b": "turns=40, last_best_rat_prob=0.514, last_search_target=(7, 3), last_eval=-86.36, last_depth=1004, search_miss_streak=2, search_gain=-1000000000.00, board_gain=89.14, opp_threat=0.00, opp_setup_threat=2.70, search_threshold=0.520", "start_time": 240, "start_moves": 80, "turn_count": 80, "result": 0, "reason": "POINTS", "trapdoors": [[6, 3], [7, 3], [7, 3], [7, 3], [7, 3], [7, 3], [7, 4], [7, 3], [7, 3], [5, 3], [5, 3], [5, 3], [5, 4], [5, 5], [5, 5], [4, 5], [4, 4], [4, 4], [4, 4], [4, 5], [4, 5], [5, 5], [5, 5], [5, 5], [5, 5], [5, 6], [4, 6], [4, 6], [4, 6], [4, 7], [4, 7], [4, 7], [3, 7], [3, 7], [3, 7], [3, 7], [2, 7], [2, 7], [1, 7], [0, 7], [0, 7], [0, 7], [0, 7], [0, 7], [0, 7], [0, 6], [1, 2], [1, 2], [1, 2], [1, 1], [2, 1], [2, 2], [3, 2], [3, 2], [3, 3], [4, 3], [4, 3], [4, 4], [4, 4], [4, 4], [4, 4], [4, 4], [4, 4], [5, 4], [5, 4], [3, 2], [3, 2], [4, 2], [4, 2], [5, 2], [5, 2], [5, 2], [6, 2], [6, 2], [6, 2], [6, 2], [6, 3], [6, 4], [6, 5], [6, 5], [6, 6]], "spawn_a": [2, 5], "spawn_b": [5, 5]}