{"pos": [[3, 2], [5, 3], [3, 3], [5, 4], [4, 3], [4, 4], [4, 2], [4, 5], [2, 2], [5, 5], [2, 3], [5, 2], [1, 3], [5, 1], [0, 3], [4, 1], [4, 3], [4, 1], [4, 4], [4, 2], [3, 4], [4, 3], [3, 5], [4, 5], [2, 5], [4, 6], [1, 5], [3, 6], [3, 5], [4, 6], [4, 5], [5, 6], [5, 5], [5, 6], [5, 5], [5, 7], [4, 5], [5, 6], [5, 5], [3, 6], [4, 5], [3, 5], [4, 4], [3, 5], [3, 4], [4, 5], [4, 4], [3, 5], [3, 4], [4, 5], [4, 4], [3, 5], [3, 4], [3, 5], [2, 4], [3, 4], [1, 4], [2, 4], [0, 4], [1, 4], [0, 5], [1, 4], [1, 5], [0, 4], [1, 4], [0, 3], [2, 4], [0, 5], [3, 4], [0, 5], [3, 3], [0, 5], [3, 2], [0, 4], [3, 1], [0, 4], [2, 1], [1, 4], [5, 1], [2, 4]], "a_points": [1, 1, 2, 2, 3, 3, 4, 4, 6, 6, 6, 6, 7, 7, 8, 8, 14, 14, 14, 14, 15, 15, 16, 16, 17, 17, 18, 18, 20, 20, 20, 20, 20, 20, 24, 24, 24, 24, 24, 24, 25, 25, 25, 25, 24, 24, 24, 24, 24, 24, 24, 24, 24, 24, 24, 24, 25, 25, 26, 26, 26, 26, 27, 27, 28, 28, 28, 28, 28, 28, 28, 28, 28, 28, 28, 28, 29, 29, 33, 33], "b_points": [0, 1, 1, 2, 2, 3, 3, 3, 3, 4, 4, 8, 8, 8, 8, 9, 9, 7, 7, 8, 8, 9, 9, 11, 11, 11, 11, 11, 11, 12, 12, 13, 13, 11, 11, 12, 12, 11, 11, 13, 13, 13, 13, 17, 17, 17, 17, 17, 17, 17, 17, 17, 17, 15, 15, 15, 15, 14, 14, 13, 13, 17, 17, 17, 17, 18, 18, 20, 20, 24, 24, 28, 28, 28, 28, 26, 26, 26, 26, 26], "a_turns_left": [39, 39, 38, 38, 37, 37, 36, 36, 35, 35, 34, 34, 33, 33, 32, 32, 31, 31, 30, 30, 29, 29, 28, 28, 27, 27, 26, 26, 25, 25, 24, 24, 23, 23, 22, 22, 21, 21, 20, 20, 19, 19, 18, 18, 17, 17, 16, 16, 15, 15, 14, 14, 13, 13, 12, 12, 11, 11, 10, 10, 9, 9, 8, 8, 7, 7, 6, 6, 5, 5, 4, 4, 3, 3, 2, 2, 1, 1, 0, 0], "b_turns_left": [40, 39, 39, 38, 38, 37, 37, 36, 36, 35, 35, 34, 34, 33, 33, 32, 32, 31, 31, 30, 30, 29, 29, 28, 28, 27, 27, 26, 26, 25, 25, 24, 24, 23, 23, 22, 22, 21, 21, 20, 20, 19, 19, 18, 18, 17, 17, 16, 16, 15, 15, 14, 14, 13, 13, 12, 12, 11, 11, 10, 10, 9, 9, 8, 8, 7, 7, 6, 6, 5, 5, 4, 4, 3, 3, 2, 2, 1, 1, 0], "a_time_left": [235.38224254199304, 235.38224254199304, 230.76754675013945, 230.76754675013945, 226.15104725025594, 226.15104725025594, 221.47727875038981, 221.47727875038981, 216.82661662553437, 216.82661662553437, 212.21878520864993, 212.21878520864993, 207.60653270874172, 207.60653270874172, 202.99328387575224, 202.99328387575224, 198.37667033378966, 198.37667033378966, 193.76188587583601, 193.76188587583601, 189.14316075085662, 189.14316075085662, 184.51891954173334, 184.51891954173334, 179.8302919587586, 179.8302919587586, 175.21254837466404, 175.21254837466404, 170.59605795773678, 170.59605795773678, 165.97706216666847, 165.97706216666847, 161.35911662480794, 161.35911662480794, 156.73980712494813, 156.73980712494813, 152.12234699982218, 152.12234699982218, 147.51345658279024, 147.51345658279024, 142.8959028737154, 142.8959028737154, 138.28265999886207, 138.28265999886207, 133.6655854987912, 133.6655854987912, 129.04910353990272, 129.04910353990272, 124.42879674793221, 124.42879674793221, 119.81659833202139, 119.81659833202139, 115.20626533194445, 115.20626533194445, 110.58407370676287, 110.58407370676287, 105.96219670656137, 105.96219670656137, 101.33706324757077, 101.33706324757077, 96.71800095657818, 96.71800095657818, 92.10607087239623, 92.10607087239623, 87.49962708144449, 87.49962708144449, 82.87160533154383, 82.87160533154383, 78.25284399767406, 78.25284399767406, 73.63640428963117, 73.63640428963117, 69.01448195660487, 69.01448195660487, 64.39823012356646, 64.39823012356646, 59.779921165434644, 59.779921165434644, 55.16866666544229, 55.16866666544229], "b_time_left": [240, 235.3797926248517, 235.3797926248517, 230.76178662502207, 230.76178662502207, 226.14210233301856, 226.14210233301856, 221.38279762421735, 221.38279762421735, 216.76976495725103, 216.76976495725103, 212.15623216540553, 212.15623216540553, 207.54432241548784, 207.54432241548784, 202.9269848316908, 202.9269848316908, 198.30237662256695, 198.30237662256695, 193.68067566445097, 193.68067566445097, 189.0638396225404, 189.0638396225404, 184.4404473726172, 184.4404473726172, 179.829475247534, 179.829475247534, 175.17852966440842, 175.17852966440842, 170.568551706383, 170.568551706383, 165.94751183129847, 165.94751183129847, 161.31587003939785, 161.31587003939785, 156.70434291451238, 156.70434291451238, 152.0943392063491, 152.0943392063491, 147.48321799840778, 147.48321799840778, 142.856810831232, 142.856810831232, 138.2399631231092, 138.2399631231092, 133.62836358207278, 133.62836358207278, 129.00984178995714, 129.00984178995714, 124.40179108106531, 124.40179108106531, 119.78211399819702, 119.78211399819702, 115.01735483133234, 115.01735483133234, 110.39217624836601, 110.39217624836601, 105.78073733230121, 105.78073733230121, 101.17109629046172, 101.17109629046172, 96.54699262348004, 96.54699262348004, 91.93626008136198, 91.93626008136198, 87.32533695618622, 87.32533695618622, 82.7091760809999, 82.7091760809999, 78.09519195603207, 78.09519195603207, 73.47885187296197, 73.47885187296197, 68.8550911641214, 68.8550911641214, 64.24006028892472, 64.24006028892472, 59.6274208300747, 59.6274208300747, 55.0194719969295], "rat_caught": [false, false, false, false, false, false, false, false, false, false, false, false, false, false, false, false, false, false, false, false, false, false, false, false, false, false, false, false, false, false, false, false, false, false, true, false, false, false, false, false, false, false, false, true, false, false, false, false, false, false, false, false, false, false, false, false, false, false, false, false, false, true, false, false, false, false, false, false, false, true, false, true, false, false, false, false, false, false, false, false], "left_behind": ["prime", "prime", "prime", "prime", "prime", "prime", "prime", "plain", "carpet", "prime", "plain", "carpet", "prime", "plain", "prime", "prime", "carpet", "search", "plain", "prime", "prime", "prime", "prime", "carpet", "prime", "plain", "prime", "plain", "carpet", "prime", "plain", "prime", "plain", "search", "search", "prime", "plain", "carpet", "plain", "carpet", "prime", "plain", "plain", "search", "carpet", "plain", "plain", "plain", "plain", "plain", "plain", "plain", "plain", "search", "plain", "plain", "prime", "carpet", "prime", "carpet", "plain", "search", "prime", "plain", "prime", "prime", "plain", "carpet", "plain", "search", "plain", "search", "plain", "plain", "plain", "search", "prime", "plain", "carpet", "plain"], "errlog_a": "turns=40, last_best_rat_prob=0.307, last_search_target=(2, 6), last_eval=123.86, last_depth=83, search_miss_streak=0, search_gain=-1000000000.00, board_gain=-14.98, opp_threat=0.00, opp_setup_threat=0.00, search_threshold=0.650", "errlog_b": "turns=40, last_best_rat_prob=0.276, last_search_target=(0, 4), last_eval=-155.11, last_depth=788, search_miss_streak=1, search_gain=-1000000000.00, board_gain=35.01, opp_threat=0.00, opp_setup_threat=0.35, search_threshold=0.550", "start_time": 240, "start_moves": 80, "turn_count": 80, "result": 0, "reason": "POINTS", "trapdoors": [[3, 2], [3, 3], [3, 4], [3, 4], [3, 4], [2, 4], [1, 4], [1, 4], [1, 4], [1, 4], [1, 4], [1, 4], [1, 4], [1, 4], [2, 4], [2, 4], [2, 4], [2, 4], [2, 5], [2, 5], [2, 6], [2, 6], [2, 7], [1, 7], [1, 7], [2, 7], [2, 7], [3, 7], [3, 7], [4, 7], [4, 6], [4, 6], [4, 6], [4, 6], [4, 7], [4, 2], [4, 2], [5, 2], [5, 2], [5, 2], [5, 2], [5, 2], [5, 2], [4, 2], [2, 5], [2, 5], [2, 5], [2, 4], [1, 4], [1, 4], [1, 5], [1, 5], [0, 5], [0, 5], [0, 5], [1, 5], [1, 6], [0, 6], [0, 6], [0, 7], [0, 7], [0, 7], [6, 7], [6, 7], [6, 7], [6, 6], [6, 6], [6, 6], [6, 7], [6, 7], [1, 5], [0, 5], [0, 4], [0, 4], [0, 3], [0, 3], [0, 3], [0, 3], [0, 3], [0, 3], [0, 4]], "spawn_a": [2, 2], "spawn_b": [5, 2]}