{"pos": [[3, 3], [4, 3], [3, 4], [4, 4], [3, 5], [4, 5], [3, 6], [4, 6], [3, 7], [4, 7], [3, 4], [4, 3], [3, 4], [4, 2], [2, 4], [3, 2], [2, 5], [2, 2], [2, 3], [4, 2], [2, 3], [5, 2], [1, 3], [5, 3], [1, 4], [5, 4], [1, 5], [5, 5], [2, 5], [5, 6], [2, 6], [5, 7], [3, 6], [5, 2], [3, 7], [6, 2], [3, 7], [6, 3], [3, 6], [6, 3], [3, 5], [6, 4], [1, 5], [7, 4], [1, 3], [7, 5], [2, 3], [6, 5], [2, 2], [5, 5], [2, 1], [7, 5], [2, 0], [6, 5], [3, 0], [6, 5], [4, 0], [6, 2], [5, 0], [6, 2], [2, 0], [5, 2], [2, 2], [5, 1], [3, 2], [4, 1], [3, 1], [4, 1], [3, 2], [4, 2], [3, 3], [3, 2], [4, 3], [2, 2], [4, 2], [2, 1], [4, 1], [2, 2], [4, 2], [3, 2]], "a_points": [1, 1, 1, 1, 2, 2, 3, 3, 4, 4, 8, 8, 12, 12, 12, 12, 13, 13, 15, 15, 19, 19, 19, 19, 20, 20, 21, 21, 22, 22, 23, 23, 24, 24, 24, 24, 22, 22, 23, 23, 23, 23, 25, 25, 27, 27, 27, 27, 27, 27, 28, 28, 29, 29, 30, 30, 31, 31, 32, 32, 36, 36, 38, 38, 38, 38, 38, 38, 39, 39, 39, 39, 40, 40, 40, 40, 39, 39, 39, 39], "b_points": [0, 0, 0, 1, 1, 2, 2, 3, 3, 4, 4, 10, 10, 10, 10, 11, 11, 12, 12, 14, 14, 14, 14, 15, 15, 16, 16, 17, 17, 18, 18, 19, 19, 29, 29, 29, 29, 30, 30, 28, 28, 29, 29, 30, 30, 31, 31, 32, 32, 33, 33, 35, 35, 35, 35, 33, 33, 37, 37, 41, 41, 41, 41, 41, 41, 42, 42, 46, 46, 47, 47, 47, 47, 47, 47, 47, 47, 47, 47, 47], "a_turns_left": [39, 39, 38, 38, 37, 37, 36, 36, 35, 35, 34, 34, 33, 33, 32, 32, 31, 31, 30, 30, 29, 29, 28, 28, 27, 27, 26, 26, 25, 25, 24, 24, 23, 23, 22, 22, 21, 21, 20, 20, 19, 19, 18, 18, 17, 17, 16, 16, 15, 15, 14, 14, 13, 13, 12, 12, 11, 11, 10, 10, 9, 9, 8, 8, 7, 7, 6, 6, 5, 5, 4, 4, 3, 3, 2, 2, 1, 1, 0, 0], "b_turns_left": [40, 39, 39, 38, 38, 37, 37, 36, 36, 35, 35, 34, 34, 33, 33, 32, 32, 31, 31, 30, 30, 29, 29, 28, 28, 27, 27, 26, 26, 25, 25, 24, 24, 23, 23, 22, 22, 21, 21, 20, 20, 19, 19, 18, 18, 17, 17, 16, 16, 15, 15, 14, 14, 13, 13, 12, 12, 11, 11, 10, 10, 9, 9, 8, 8, 7, 7, 6, 6, 5, 5, 4, 4, 3, 3, 2, 2, 1, 1, 0], "a_time_left": [235.38576329196803, 235.38576329196803, 230.77228633291088, 230.77228633291088, 226.158620624803, 226.158620624803, 221.54592149984092, 221.54592149984092, 216.93251820863225, 216.93251820863225, 212.32328100060113, 212.32328100060113, 207.70999650051817, 207.70999650051817, 203.0970353335142, 203.0970353335142, 198.48459579143673, 198.48459579143673, 193.8733187506441, 193.8733187506441, 189.25868345983326, 189.25868345983326, 184.64660508488305, 184.64660508488305, 180.0372389187105, 180.0372389187105, 175.42793054366484, 175.42793054366484, 170.81526066851802, 170.81526066851802, 166.20170866837725, 166.20170866837725, 161.59257850144058, 161.59257850144058, 156.98458691732958, 156.98458691732958, 152.37417845940217, 152.37417845940217, 147.7634325842373, 147.7634325842373, 143.15652650012635, 143.15652650012635, 138.5466033751145, 138.5466033751145, 133.92850095918402, 133.92850095918402, 129.31829525111243, 129.31829525111243, 124.70721162622795, 124.70721162622795, 120.09587725112215, 120.09587725112215, 115.48735429230146, 115.48735429230146, 110.87911175028421, 110.87911175028421, 106.27106625027955, 106.27106625027955, 101.66234100027941, 101.66234100027941, 97.05503962538205, 97.05503962538205, 92.44447362539358, 92.44447362539358, 87.83890579128638, 87.83890579128638, 83.22753841616213, 83.22753841616213, 78.61379208299331, 78.61379208299331, 74.00203791703098, 74.00203791703098, 69.39342991705053, 69.39342991705053, 64.78425529203378, 64.78425529203378, 60.17779879202135, 60.17779879202135, 55.57141199987382, 55.57141199987382], "b_time_left": [240, 235.3851184998639, 235.3851184998639, 230.77590537490323, 230.77590537490323, 226.16361895902082, 226.16361895902082, 221.5012928340584, 221.5012928340584, 216.88688470912166, 216.88688470912166, 212.27175287599675, 212.27175287599675, 207.66147750080563, 207.66147750080563, 203.05094058485702, 203.05094058485702, 198.43465545983054, 198.43465545983054, 193.82152316789143, 193.82152316789143, 189.2102513348218, 189.2102513348218, 184.59877850185148, 184.59877850185148, 179.98584962682799, 179.98584962682799, 175.37092358595692, 175.37092358595692, 170.67379837692715, 170.67379837692715, 166.0629438769538, 166.0629438769538, 161.45092891878448, 161.45092891878448, 156.84310025186278, 156.84310025186278, 152.22820683592, 152.22820683592, 147.61496979487129, 147.61496979487129, 143.0047965447884, 143.0047965447884, 138.39091312792152, 138.39091312792152, 133.78123046201654, 133.78123046201654, 129.16987529513426, 129.16987529513426, 124.55997300310992, 124.55997300310992, 119.95092871109955, 119.95092871109955, 115.34066079510376, 115.34066079510376, 110.72527475305833, 110.72527475305833, 106.11551800300367, 106.11551800300367, 101.50256533594802, 101.50256533594802, 96.89134783577174, 96.89134783577174, 92.28522200277075, 92.28522200277075, 87.67908758670092, 87.67908758670092, 83.05162546155043, 83.05162546155043, 78.43854741961695, 78.43854741961695, 73.82772666960955, 73.82772666960955, 69.21994437766261, 69.21994437766261, 64.61325287772343, 64.61325287772343, 60.00487879477441, 60.00487879477441, 55.39920266973786], "rat_caught": [false, false, false, false, false, false, false, false, false, false, false, false, true, false, false, false, false, false, false, false, true, false, false, false, false, false, false, false, false, false, false, false, false, false, false, false, false, false, false, false, false, false, false, false, false, false, false, false, false, false, false, false, false, false, false, false, false, false, false, true, false, false, false, false, false, false, false, true, false, false, false, false, false, false, false, false, false, false, false, false], "left_behind": ["prime", "plain", "plain", "prime", "prime", "prime", "prime", "prime", "prime", "prime", "carpet", "carpet", "search", "plain", "plain", "prime", "prime", "prime", "carpet", "carpet", "search", "plain", "plain", "prime", "prime", "prime", "prime", "prime", "prime", "prime", "prime", "prime", "prime", "carpet", "plain", "plain", "search", "prime", "prime", "search", "plain", "prime", "carpet", "prime", "carpet", "prime", "plain", "prime", "plain", "prime", "prime", "carpet", "prime", "plain", "prime", "search", "prime", "carpet", "prime", "search", "carpet", "plain", "carpet", "plain", "plain", "prime", "plain", "search", "prime", "prime", "plain", "plain", "prime", "plain", "plain", "plain", "carpet", "plain", "plain", "plain"], "errlog_a": "turns=40, last_best_rat_prob=0.304, last_search_target=(5, 5), last_eval=-155.35, last_depth=328, search_miss_streak=1, search_gain=-1000000004.00, board_gain=-41.61, opp_threat=0.00, opp_setup_threat=0.00, search_threshold=0.460", "errlog_b": "turns=40, last_best_rat_prob=0.359, last_search_target=(5, 5), last_eval=198.10, last_depth=1416, search_miss_streak=0, search_gain=-1000000000.00, board_gain=23.45, opp_threat=0.00, opp_setup_threat=0.00, search_threshold=0.500", "start_time": 240, "start_moves": 80, "turn_count": 80, "result": 1, "reason": "POINTS", "trapdoors": [[2, 1], [2, 1], [2, 1], [3, 1], [3, 1], [3, 1], [3, 1], [3, 1], [3, 2], [3, 3], [3, 4], [3, 4], [3, 4], [5, 2], [4, 2], [4, 2], [4, 2], [4, 2], [4, 2], [4, 2], [4, 2], [3, 3], [3, 3], [3, 3], [3, 4], [3, 4], [3, 4], [3, 5], [3, 6], [3, 6], [3, 7], [3, 7], [3, 7], [3, 7], [2, 7], [2, 7], [2, 7], [2, 7], [2, 7], [1, 7], [1, 6], [1, 5], [1, 4], [1, 3], [1, 3], [1, 3], [1, 2], [1, 2], [1, 2], [1, 2], [1, 2], [2, 2], [3, 2], [3, 3], [3, 3], [3, 4], [3, 4], [3, 5], [3, 5], [3, 5], [6, 5], [6, 4], [6, 4], [6, 4], [6, 4], [6, 4], [6, 3], [6, 3], [5, 3], [5, 3], [5, 4], [5, 4], [5, 4], [5, 5], [5, 6], [5, 5], [5, 5], [6, 5], [6, 5], [6, 4], [6, 4]], "spawn_a": [2, 3], "spawn_b": [5, 3]}