{"pos": [[3, 3], [4, 3], [3, 4], [4, 4], [2, 4], [4, 4], [2, 3], [5, 4], [1, 3], [6, 4], [4, 3], [2, 4], [5, 3], [1, 4], [5, 2], [1, 3], [6, 2], [0, 3], [7, 2], [1, 3], [3, 2], [1, 2], [2, 2], [1, 4], [2, 1], [1, 4], [3, 1], [2, 4], [3, 0], [2, 5], [4, 0], [3, 5], [4, 1], [4, 5], [5, 1], [5, 5], [5, 0], [6, 5], [5, 1], [7, 5], [2, 1], [2, 5], [2, 1], [2, 6], [2, 0], [2, 7], [5, 0], [3, 7], [5, 1], [3, 6], [5, 2], [2, 6], [6, 2], [2, 5], [6, 3], [2, 4], [7, 3], [3, 4], [7, 4], [4, 4], [6, 4], [4, 4], [5, 4], [4, 4], [7, 4], [4, 3], [6, 4], [7, 3], [6, 3], [7, 2], [6, 2], [7, 3], [6, 3], [7, 4], [5, 3], [7, 5], [4, 3], [6, 5], [4, 3], [5, 5]], "a_points": [1, 1, 2, 2, 3, 3, 4, 4, 5, 5, 9, 9, 9, 9, 10, 10, 11, 11, 12, 12, 18, 18, 18, 18, 19, 19, 20, 20, 21, 21, 22, 22, 23, 23, 24, 24, 24, 24, 25, 25, 29, 29, 33, 33, 33, 33, 37, 37, 37, 37, 38, 38, 38, 38, 38, 38, 39, 39, 40, 40, 41, 41, 42, 42, 44, 44, 44, 44, 44, 44, 44, 44, 44, 44, 44, 44, 44, 44, 48, 48], "b_points": [0, 1, 1, 2, 2, 0, 0, 1, 1, 2, 2, 8, 8, 8, 8, 9, 9, 9, 9, 10, 10, 11, 11, 13, 13, 11, 11, 11, 11, 11, 11, 12, 12, 13, 13, 14, 14, 15, 15, 16, 16, 26, 26, 26, 26, 26, 26, 27, 27, 28, 28, 29, 29, 30, 30, 30, 30, 30, 30, 30, 30, 28, 28, 26, 26, 26, 26, 30, 30, 30, 30, 31, 31, 31, 31, 31, 31, 32, 32, 32], "a_turns_left": [39, 39, 38, 38, 37, 37, 36, 36, 35, 35, 34, 34, 33, 33, 32, 32, 31, 31, 30, 30, 29, 29, 28, 28, 27, 27, 26, 26, 25, 25, 24, 24, 23, 23, 22, 22, 21, 21, 20, 20, 19, 19, 18, 18, 17, 17, 16, 16, 15, 15, 14, 14, 13, 13, 12, 12, 11, 11, 10, 10, 9, 9, 8, 8, 7, 7, 6, 6, 5, 5, 4, 4, 3, 3, 2, 2, 1, 1, 0, 0], "b_turns_left": [40, 39, 39, 38, 38, 37, 37, 36, 36, 35, 35, 34, 34, 33, 33, 32, 32, 31, 31, 30, 30, 29, 29, 28, 28, 27, 27, 26, 26, 25, 25, 24, 24, 23, 23, 22, 22, 21, 21, 20, 20, 19, 19, 18, 18, 17, 17, 16, 16, 15, 15, 14, 14, 13, 13, 12, 12, 11, 11, 10, 10, 9, 9, 8, 8, 7, 7, 6, 6, 5, 5, 4, 4, 3, 3, 2, 2, 1, 1, 0], "a_time_left": [236.30973374983296, 236.30973374983296, 232.60926899989136, 232.60926899989136, 228.9020224160049, 228.9020224160049, 225.21033083298244, 225.21033083298244, 221.51075220806524, 221.51075220806524, 217.8176785001997, 217.8176785001997, 214.1233065002598, 214.1233065002598, 210.43167329230346, 210.43167329230346, 206.73315450013615, 206.73315450013615, 203.03234304115176, 203.03234304115176, 199.3378971242346, 199.3378971242346, 195.64835424930789, 195.64835424930789, 191.95651674922556, 191.95651674922556, 188.2577643741388, 188.2577643741388, 184.5584833319299, 184.5584833319299, 180.86437916592695, 180.86437916592695, 177.16810866585, 177.16810866585, 173.46712237386964, 173.46712237386964, 169.7620652068872, 169.7620652068872, 166.06078091496602, 166.06078091496602, 162.36599774914794, 162.36599774914794, 158.6545730412472, 158.6545730412472, 154.95952824922279, 154.95952824922279, 151.26616245717742, 151.26616245717742, 147.57572049926966, 147.57572049926966, 143.88516916520894, 143.88516916520894, 140.1837471651379, 140.1837471651379, 136.49096908210777, 136.49096908210777, 132.78930445713922, 132.78930445713922, 129.09338983218186, 129.09338983218186, 125.40048129134811, 125.40048129134811, 121.70949833234772, 121.70949833234772, 118.02031324920245, 118.02031324920245, 114.32026762422174, 114.32026762422174, 110.61948074935935, 110.61948074935935, 106.92507349932566, 106.92507349932566, 103.22995187412016, 103.22995187412016, 99.54310062411241, 99.54310062411241, 95.84830191521905, 95.84830191521905, 92.15123974904418, 92.15123974904418], "b_time_left": [240, 235.38271512486972, 235.38271512486972, 230.76244208402932, 230.76244208402932, 226.13970087608323, 226.13970087608323, 221.5245180008933, 221.5245180008933, 216.89687662594952, 216.89687662594952, 212.27790675102733, 212.27790675102733, 207.66344287595712, 207.66344287595712, 203.05070458399132, 203.05070458399132, 198.43256687605754, 198.43256687605754, 193.81211321009323, 193.81211321009323, 189.19654941791669, 189.19654941791669, 184.57951016770676, 184.57951016770676, 179.95892362575978, 179.95892362575978, 175.34066737559624, 175.34066737559624, 170.72302333451807, 170.72302333451807, 166.10181487631053, 166.10181487631053, 161.487384167267, 161.487384167267, 156.85420729243197, 156.85420729243197, 152.23726320941932, 152.23726320941932, 147.6199111675378, 147.6199111675378, 142.97807812551036, 142.97807812551036, 138.36390204145573, 138.36390204145573, 133.74617712455802, 133.74617712455802, 129.1320302914828, 129.1320302914828, 124.51818874944001, 124.51818874944001, 119.88650133344345, 119.88650133344345, 115.2763434164226, 115.2763434164226, 110.64659249945544, 110.64659249945544, 106.03362016542815, 106.03362016542815, 101.42273424845189, 101.42273424845189, 96.80821383255534, 96.80821383255534, 92.1984515406657, 92.1984515406657, 87.5809796655085, 87.5809796655085, 82.96160695748404, 82.96160695748404, 78.35352679155767, 78.35352679155767, 73.7356297916267, 73.7356297916267, 69.08754091663286, 69.08754091663286, 64.48052724963054, 64.48052724963054, 59.86832299944945, 59.86832299944945, 55.2594479995314], "rat_caught": [false, false, false, false, false, false, false, false, false, false, false, false, false, false, false, false, false, false, false, false, false, false, false, false, false, false, false, false, false, false, false, false, false, false, false, false, false, false, false, false, false, false, true, false, false, false, false, false, false, false, false, false, false, false, false, false, false, false, false, false, false, false, false, false, false, false, false, false, false, false, false, false, false, false, false, false, false, false, true, false], "left_behind": ["prime", "prime", "prime", "prime", "prime", "search", "prime", "prime", "prime", "prime", "carpet", "carpet", "plain", "plain", "prime", "prime", "prime", "plain", "prime", "prime", "carpet", "prime", "plain", "carpet", "prime", "search", "prime", "plain", "prime", "plain", "prime", "prime", "prime", "prime", "prime", "prime", "plain", "prime", "prime", "prime", "carpet", "carpet", "search", "plain", "plain", "plain", "carpet", "prime", "plain", "prime", "prime", "prime", "plain", "prime", "plain", "plain", "prime", "plain", "prime", "plain", "prime", "search", "prime", "search", "carpet", "plain", "plain", "carpet", "plain", "plain", "plain", "prime", "plain", "plain", "plain", "plain", "plain", "prime", "search", "plain"], "errlog_a": "turns=40, last_best_rat_prob=0.694, last_search_target=(4, 3), last_eval=34.51, last_depth=193, search_miss_streak=0, search_gain=34.51, board_gain=-40.48, opp_threat=0.00, opp_setup_threat=0.00, search_threshold=0.560", "errlog_b": "turns=40, last_best_rat_prob=0.230, last_search_target=(5, 2), last_eval=-439.38, last_depth=1058, search_miss_streak=4, search_gain=-1000000000.00, board_gain=23.53, opp_threat=0.00, opp_setup_threat=0.00, search_threshold=0.500", "start_time": 240, "start_moves": 80, "turn_count": 80, "result": 0, "reason": "POINTS", "trapdoors": [[4, 0], [4, 0], [4, 0], [4, 0], [4, 1], [4, 1], [4, 1], [4, 0], [3, 0], [3, 0], [3, 0], [3, 0], [2, 0], [2, 0], [2, 1], [2, 1], [2, 1], [2, 2], [2, 3], [2, 3], [2, 4], [2, 4], [1, 4], [1, 4], [1, 5], [1, 5], [1, 5], [1, 5], [1, 5], [1, 5], [1, 5], [1, 6], [1, 7], [2, 7], [2, 7], [2, 7], [3, 7], [4, 7], [3, 7], [4, 7], [4, 7], [4, 6], [4, 6], [3, 4], [3, 4], [3, 4], [3, 4], [2, 4], [2, 4], [2, 5], [2, 5], [2, 5], [2, 5], [2, 6], [2, 6], [3, 6], [3, 6], [3, 6], [4, 6], [4, 6], [4, 6], [4, 6], [4, 5], [4, 5], [4, 5], [4, 5], [3, 5], [3, 5], [4, 5], [5, 5], [5, 5], [5, 5], [5, 5], [5, 5], [5, 5], [5, 5], [4, 5], [4, 5], [4, 4], [5, 3], [5, 3]], "spawn_a": [3, 2], "spawn_b": [4, 2]}