{"pos": [[2, 3], [5, 3], [1, 3], [4, 3], [3, 3], [4, 4], [5, 3], [5, 4], [5, 2], [6, 4], [6, 2], [6, 4], [5, 2], [7, 4], [4, 2], [7, 3], [3, 2], [7, 2], [3, 3], [4, 2], [3, 4], [4, 3], [7, 4], [5, 3], [6, 4], [5, 4], [6, 3], [5, 5], [6, 3], [4, 5], [5, 3], [3, 5], [5, 4], [2, 5], [5, 5], [2, 5], [3, 5], [2, 4], [3, 4], [1, 4], [2, 4], [1, 4], [3, 4], [0, 4], [3, 4], [0, 3], [2, 4], [1, 3], [2, 3], [1, 4], [2, 2], [1, 5], [2, 1], [1, 5], [3, 1], [0, 5], [3, 0], [2, 5], [4, 0], [2, 6], [4, 1], [3, 6], [4, 2], [3, 7], [3, 2], [4, 7], [3, 2], [4, 6], [2, 2], [4, 6], [2, 3], [5, 6], [3, 3], [2, 6], [3, 3], [2, 5], [3, 3], [2, 4], [2, 3], [3, 4]], "a_points": [1, 1, 2, 2, 4, 4, 6, 6, 6, 6, 6, 6, 7, 7, 8, 8, 9, 9, 9, 9, 9, 9, 15, 15, 15, 15, 15, 15, 19, 19, 20, 20, 20, 20, 19, 19, 21, 21, 21, 21, 20, 20, 20, 20, 24, 24, 25, 25, 25, 25, 25, 25, 25, 25, 26, 26, 27, 27, 28, 28, 29, 29, 30, 30, 30, 30, 34, 34, 35, 35, 36, 36, 36, 36, 40, 40, 44, 44, 44, 44], "b_points": [0, 0, 0, 1, 1, 2, 2, 3, 3, 4, 4, 8, 8, 9, 9, 10, 10, 11, 11, 15, 15, 15, 15, 15, 15, 15, 15, 15, 15, 16, 16, 17, 17, 18, 18, 22, 22, 23, 23, 24, 24, 28, 28, 28, 28, 29, 29, 30, 30, 31, 31, 32, 32, 36, 36, 37, 37, 39, 39, 39, 39, 40, 40, 41, 41, 42, 42, 43, 43, 47, 47, 48, 48, 52, 52, 52, 52, 52, 52, 51], "a_turns_left": [39, 39, 38, 38, 37, 37, 36, 36, 35, 35, 34, 34, 33, 33, 32, 32, 31, 31, 30, 30, 29, 29, 28, 28, 27, 27, 26, 26, 25, 25, 24, 24, 23, 23, 22, 22, 21, 21, 20, 20, 19, 19, 18, 18, 17, 17, 16, 16, 15, 15, 14, 14, 13, 13, 12, 12, 11, 11, 10, 10, 9, 9, 8, 8, 7, 7, 6, 6, 5, 5, 4, 4, 3, 3, 2, 2, 1, 1, 0, 0], "b_turns_left": [40, 39, 39, 38, 38, 37, 37, 36, 36, 35, 35, 34, 34, 33, 33, 32, 32, 31, 31, 30, 30, 29, 29, 28, 28, 27, 27, 26, 26, 25, 25, 24, 24, 23, 23, 22, 22, 21, 21, 20, 20, 19, 19, 18, 18, 17, 17, 16, 16, 15, 15, 14, 14, 13, 13, 12, 12, 11, 11, 10, 10, 9, 9, 8, 8, 7, 7, 6, 6, 5, 5, 4, 4, 3, 3, 2, 2, 1, 1, 0], "a_time_left": [235.38615270797163, 235.38615270797163, 230.771856083069, 230.771856083069, 226.13467799918726, 226.13467799918726, 221.51284770830534, 221.51284770830534, 216.8878357501235, 216.8878357501235, 212.25954316696152, 212.25954316696152, 207.64253170788288, 207.64253170788288, 203.0139090407174, 203.0139090407174, 198.4004052488599, 198.4004052488599, 193.7094502907712, 193.7094502907712, 189.09166054078378, 189.09166054078378, 184.471926540602, 184.471926540602, 179.85501491557807, 179.85501491557807, 175.2357680813875, 175.2357680813875, 170.6056985813193, 170.6056985813193, 165.980840415461, 165.980840415461, 161.35589862358756, 161.35589862358756, 156.73981449846178, 156.73981449846178, 152.12354416539893, 152.12354416539893, 147.50677533145063, 147.50677533145063, 142.8757862483617, 142.8757862483617, 138.26613029045984, 138.26613029045984, 133.63622012455016, 133.63622012455016, 129.02453191555105, 129.02453191555105, 124.4044230824802, 124.4044230824802, 119.79667624947615, 119.79667624947615, 115.1830642905552, 115.1830642905552, 110.56333029060625, 110.56333029060625, 105.94298895751126, 105.94298895751126, 101.32445312454365, 101.32445312454365, 96.71668237447739, 96.71668237447739, 92.07020958256908, 92.07020958256908, 87.4561131244991, 87.4561131244991, 82.8303738324903, 82.8303738324903, 78.2172744164709, 78.2172744164709, 73.58680366631597, 73.58680366631597, 68.9652142082341, 68.9652142082341, 64.3512064171955, 64.3512064171955, 59.731119208969176, 59.731119208969176, 55.12105566682294, 55.12105566682294], "b_time_left": [240, 235.35074875014834, 235.35074875014834, 230.73000941728242, 230.73000941728242, 226.0853961671237, 226.0853961671237, 221.46700458298437, 221.46700458298437, 216.8303067078814, 216.8303067078814, 212.20562312472612, 212.20562312472612, 207.4004808338359, 207.4004808338359, 202.7904864179436, 202.7904864179436, 198.17226458480582, 198.17226458480582, 193.54687325190753, 193.54687325190753, 188.92060591792688, 188.92060591792688, 184.30407162592746, 184.30407162592746, 179.68913383386098, 179.68913383386098, 175.07824112591334, 175.07824112591334, 170.4618416680023, 170.4618416680023, 165.83301579300314, 165.83301579300314, 161.21426250203513, 161.21426250203513, 156.58096025208943, 156.58096025208943, 151.95321816811338, 151.95321816811338, 147.33823704300448, 147.33823704300448, 142.71338375192136, 142.71338375192136, 138.08952670986764, 138.08952670986764, 133.47604866791517, 133.47604866791517, 128.86533800070174, 128.86533800070174, 124.25598179153167, 124.25598179153167, 119.62888991646469, 119.62888991646469, 115.0079391663894, 115.0079391663894, 110.38179374951869, 110.38179374951869, 105.7439390826039, 105.7439390826039, 101.1317761244718, 101.1317761244718, 96.11421437445097, 96.11421437445097, 91.48616220755503, 91.48616220755503, 86.8589922497049, 86.8589922497049, 82.24651837465353, 82.24651837465353, 77.31425933283754, 77.31425933283754, 72.69982704077847, 72.69982704077847, 68.08342237467878, 68.08342237467878, 63.467195958597586, 63.467195958597586, 58.85837020841427, 58.85837020841427, 54.25417825044133], "rat_caught": [false, false, false, false, false, false, false, false, false, false, false, true, false, false, false, false, false, false, false, false, false, false, false, false, false, false, false, false, true, false, false, false, false, false, false, true, false, false, false, false, false, true, false, false, true, false, false, false, false, false, false, false, false, true, false, false, false, false, false, false, false, false, false, false, false, false, true, false, false, true, false, false, false, false, true, false, true, false, false, false], "left_behind": ["prime", "plain", "prime", "prime", "carpet", "prime", "carpet", "prime", "plain", "prime", "plain", "search", "prime", "prime", "prime", "prime", "prime", "prime", "plain", "carpet", "plain", "plain", "carpet", "plain", "plain", "plain", "plain", "plain", "search", "prime", "prime", "prime", "plain", "prime", "carpet", "search", "carpet", "prime", "plain", "prime", "carpet", "search", "plain", "plain", "search", "prime", "prime", "prime", "plain", "prime", "plain", "prime", "plain", "search", "prime", "prime", "prime", "carpet", "prime", "plain", "prime", "prime", "prime", "prime", "plain", "prime", "search", "prime", "prime", "search", "prime", "prime", "plain", "carpet", "search", "plain", "search", "plain", "plain", "carpet"], "errlog_a": "turns=40, last_best_rat_prob=0.155, last_search_target=(2, 6), last_eval=-137.93, last_depth=150, search_miss_streak=0, search_gain=-1000000010.00, board_gain=-125.50, opp_threat=2.00, opp_setup_threat=2.70, search_threshold=0.460", "errlog_b": "turns=40, last_best_rat_prob=0.359, last_search_target=(6, 1), last_eval=167.45, last_depth=1106, search_miss_streak=0, search_gain=-1000000000.00, board_gain=11.25, opp_threat=2.00, opp_setup_threat=5.80, search_threshold=0.470", "start_time": 240, "start_moves": 80, "turn_count": 80, "result": 1, "reason": "POINTS", "trapdoors": [[5, 4], [5, 4], [6, 4], [6, 4], [6, 3], [6, 3], [6, 3], [6, 3], [6, 3], [6, 3], [6, 2], [6, 2], [7, 3], [7, 3], [7, 2], [7, 1], [7, 1], [6, 1], [6, 0], [5, 0], [5, 0], [5, 0], [4, 0], [4, 0], [3, 0], [2, 0], [2, 1], [2, 1], [2, 1], [4, 6], [4, 6], [4, 6], [4, 6], [4, 6], [4, 5], [4, 5], [2, 2], [2, 2], [2, 2], [2, 2], [2, 3], [2, 4], [5, 4], [5, 4], [4, 4], [4, 2], [4, 2], [5, 2], [5, 2], [5, 2], [5, 2], [5, 2], [5, 2], [5, 2], [5, 4], [5, 4], [5, 4], [5, 4], [5, 4], [5, 4], [5, 3], [6, 3], [6, 2], [6, 2], [6, 2], [5, 2], [5, 2], [6, 2], [6, 2], [6, 3], [2, 3], [2, 4], [2, 3], [2, 4], [2, 4], [4, 3], [3, 3], [6, 2], [6, 2], [5, 2], [5, 2]], "spawn_a": [3, 3], "spawn_b": [4, 3]}