{"pos": [[3, 3], [4, 3], [3, 4], [4, 4], [2, 4], [5, 4], [4, 4], [5, 3], [4, 2], [5, 3], [5, 2], [5, 4], [5, 1], [5, 5], [5, 2], [4, 5], [5, 2], [3, 5], [5, 3], [2, 5], [5, 4], [2, 4], [5, 5], [2, 5], [3, 5], [2, 4], [3, 5], [3, 4], [3, 6], [3, 2], [2, 6], [3, 1], [2, 7], [3, 0], [3, 7], [4, 0], [4, 7], [4, 1], [5, 7], [4, 0], [2, 7], [5, 0], [2, 4], [5, 3], [2, 3], [5, 3], [1, 3], [4, 3], [0, 3], [4, 4], [2, 3], [4, 5], [2, 3], [4, 4], [2, 2], [4, 4], [1, 2], [4, 5], [2, 2], [4, 6], [2, 3], [5, 6], [3, 3], [5, 7], [3, 3], [5, 7], [3, 2], [5, 6], [1, 2], [5, 5], [0, 2], [5, 7], [0, 3], [5, 6], [0, 3], [3, 6], [0, 4], [3, 6], [0, 5], [3, 5]], "a_points": [1, 1, 2, 2, 3, 3, 5, 5, 7, 7, 7, 7, 7, 7, 8, 8, 6, 6, 7, 7, 8, 8, 7, 7, 9, 9, 13, 13, 13, 13, 14, 14, 15, 15, 16, 16, 17, 17, 18, 18, 22, 22, 26, 26, 26, 26, 27, 27, 28, 28, 30, 30, 28, 28, 28, 28, 28, 28, 29, 29, 30, 30, 30, 30, 28, 28, 28, 28, 30, 30, 30, 30, 31, 31, 29, 29, 30, 30, 31, 31], "b_points": [0, 1, 1, 2, 2, 3, 3, 4, 4, 2, 2, 1, 1, 1, 1, 2, 2, 3, 3, 4, 4, 4, 4, 4, 4, 5, 5, 6, 6, 8, 8, 8, 8, 9, 9, 10, 10, 10, 10, 11, 11, 12, 12, 16, 16, 20, 20, 20, 20, 20, 20, 20, 20, 20, 20, 24, 24, 24, 24, 24, 24, 25, 25, 25, 25, 29, 29, 30, 30, 31, 31, 33, 33, 33, 33, 35, 35, 39, 39, 39], "a_turns_left": [39, 39, 38, 38, 37, 37, 36, 36, 35, 35, 34, 34, 33, 33, 32, 32, 31, 31, 30, 30, 29, 29, 28, 28, 27, 27, 26, 26, 25, 25, 24, 24, 23, 23, 22, 22, 21, 21, 20, 20, 19, 19, 18, 18, 17, 17, 16, 16, 15, 15, 14, 14, 13, 13, 12, 12, 11, 11, 10, 10, 9, 9, 8, 8, 7, 7, 6, 6, 5, 5, 4, 4, 3, 3, 2, 2, 1, 1, 0, 0], "b_turns_left": [40, 39, 39, 38, 38, 37, 37, 36, 36, 35, 35, 34, 34, 33, 33, 32, 32, 31, 31, 30, 30, 29, 29, 28, 28, 27, 27, 26, 26, 25, 25, 24, 24, 23, 23, 22, 22, 21, 21, 20, 20, 19, 19, 18, 18, 17, 17, 16, 16, 15, 15, 14, 14, 13, 13, 12, 12, 11, 11, 10, 10, 9, 9, 8, 8, 7, 7, 6, 6, 5, 5, 4, 4, 3, 3, 2, 2, 1, 1, 0], "a_time_left": [235.31293933396228, 235.31293933396228, 230.70324033405632, 230.70324033405632, 226.0938004590571, 226.0938004590571, 221.47609845921397, 221.47609845921397, 216.86758579220623, 216.86758579220623, 212.2597159172874, 212.2597159172874, 207.65038604242727, 207.65038604242727, 203.03666054247878, 203.03666054247878, 198.42394854244776, 198.42394854244776, 193.814152125502, 193.814152125502, 189.18535504257306, 189.18535504257306, 184.57460445957258, 184.57460445957258, 179.87070929352194, 179.87070929352194, 175.23496912652627, 175.23496912652627, 170.60564029333182, 170.60564029333182, 165.99590283539146, 165.99590283539146, 161.38759646029212, 161.38759646029212, 156.77705437736586, 156.77705437736586, 152.16986237745732, 152.16986237745732, 147.5603117523715, 147.5603117523715, 142.95382012752816, 142.95382012752816, 138.34568604454398, 138.34568604454398, 133.73817687761039, 133.73817687761039, 129.1290123355575, 129.1290123355575, 124.51795812649652, 124.51795812649652, 119.90782046038657, 119.90782046038657, 115.29900971031748, 115.29900971031748, 110.6822931682691, 110.6822931682691, 106.07041171030141, 106.07041171030141, 101.46021383535117, 101.46021383535117, 96.85262712743133, 96.85262712743133, 92.24217004328966, 92.24217004328966, 87.6309899603948, 87.6309899603948, 83.02024875255302, 83.02024875255302, 78.41334208566695, 78.41334208566695, 73.80054533551447, 73.80054533551447, 69.18838196038269, 69.18838196038269, 64.57777121057734, 64.57777121057734, 59.96330416854471, 59.96330416854471, 55.35686012660153, 55.35686012660153], "b_time_left": [240, 235.3274394159671, 235.3274394159671, 230.70948062394746, 230.70948062394746, 226.0934944578912, 226.0934944578912, 221.48429004079662, 221.48429004079662, 216.87108704075217, 216.87108704075217, 212.26151529094204, 212.26151529094204, 207.6524419989437, 207.6524419989437, 203.040152332047, 203.040152332047, 198.42839399911463, 198.42839399911463, 193.8184488741681, 193.8184488741681, 189.19072524900548, 189.19072524900548, 184.57715354091488, 184.57715354091488, 179.93727224995382, 179.93727224995382, 175.31878079101443, 175.31878079101443, 170.6358542079106, 170.6358542079106, 166.0265718747396, 166.0265718747396, 161.41648374986835, 161.41648374986835, 156.80724024982192, 156.80724024982192, 152.1964168336708, 152.1964168336708, 147.58764291647822, 147.58764291647822, 142.97736429143697, 142.97736429143697, 138.36578662437387, 138.36578662437387, 133.75374912447296, 133.75374912447296, 129.14524933230132, 129.14524933230132, 124.53585049929097, 124.53585049929097, 119.92803354025818, 119.92803354025818, 115.32110774936154, 115.32110774936154, 110.71019320841879, 110.71019320841879, 106.10100183356553, 106.10100183356553, 101.49253320856951, 101.49253320856951, 96.88231058372185, 96.88231058372185, 92.2746984178666, 92.2746984178666, 87.6652426677756, 87.6652426677756, 83.05417500156909, 83.05417500156909, 78.4425405014772, 78.4425405014772, 73.83157925144769, 73.83157925144769, 69.22204400156625, 69.22204400156625, 64.61623737658374, 64.61623737658374, 60.00666166841984, 60.00666166841984, 55.40211612638086], "rat_caught": [false, false, false, false, false, false, false, false, false, false, false, false, false, false, false, false, false, false, false, false, false, false, false, false, false, false, true, false, false, false, false, false, false, false, false, false, false, false, false, false, false, false, false, false, false, true, false, false, false, false, false, false, false, false, false, true, false, false, false, false, false, false, false, false, false, true, false, false, false, false, false, false, false, false, false, false, false, true, false, false], "left_behind": ["prime", "prime", "prime", "prime", "prime", "prime", "carpet", "prime", "carpet", "search", "plain", "carpet", "plain", "plain", "prime", "prime", "search", "prime", "prime", "prime", "prime", "plain", "carpet", "plain", "carpet", "prime", "search", "prime", "plain", "carpet", "prime", "plain", "prime", "prime", "prime", "prime", "prime", "plain", "prime", "prime", "carpet", "prime", "carpet", "carpet", "plain", "search", "prime", "plain", "prime", "plain", "carpet", "plain", "search", "plain", "plain", "search", "plain", "plain", "prime", "plain", "prime", "prime", "plain", "plain", "search", "search", "plain", "prime", "carpet", "prime", "plain", "carpet", "prime", "plain", "search", "carpet", "prime", "search", "prime", "plain"], "errlog_a": "turns=40, last_best_rat_prob=0.424, last_search_target=(0, 2), last_eval=-111.03, last_depth=163, search_miss_streak=3, search_gain=-1000000000.00, board_gain=0.52, opp_threat=0.00, opp_setup_threat=0.00, search_threshold=0.550", "errlog_b": "turns=40, last_best_rat_prob=0.093, last_search_target=(5, 4), last_eval=75.00, last_depth=1203, search_miss_streak=0, search_gain=-1000000012.00, board_gain=-27.41, opp_threat=4.00, opp_setup_threat=4.00, search_threshold=0.560", "start_time": 240, "start_moves": 80, "turn_count": 80, "result": 1, "reason": "POINTS", "trapdoors": [[0, 7], [0, 7], [0, 7], [0, 7], [0, 7], [0, 7], [0, 6], [0, 7], [0, 6], [0, 5], [0, 5], [0, 5], [0, 5], [0, 5], [0, 5], [0, 5], [0, 5], [0, 6], [0, 6], [0, 5], [0, 5], [0, 4], [0, 4], [0, 3], [0, 3], [0, 3], [0, 3], [6, 1], [6, 1], [6, 1], [6, 1], [6, 1], [6, 2], [6, 1], [5, 1], [6, 1], [6, 1], [6, 2], [7, 2], [7, 2], [7, 2], [7, 3], [7, 3], [7, 3], [7, 3], [7, 3], [6, 7], [6, 7], [6, 7], [6, 7], [6, 7], [6, 7], [6, 7], [6, 7], [5, 7], [5, 7], [6, 2], [6, 2], [6, 2], [6, 2], [6, 2], [6, 2], [7, 2], [7, 3], [7, 3], [7, 4], [0, 2], [0, 2], [0, 2], [0, 1], [0, 1], [1, 1], [1, 2], [2, 2], [2, 2], [2, 1], [2, 1], [3, 1], [1, 5], [1, 5], [1, 5]], "spawn_a": [3, 2], "spawn_b": [4, 2]}