{"pos": [[2, 3], [4, 4], [2, 4], [4, 5], [2, 5], [4, 6], [2, 6], [5, 6], [2, 6], [5, 7], [2, 7], [5, 6], [2, 3], [5, 5], [3, 3], [5, 4], [4, 3], [5, 3], [4, 5], [4, 3], [4, 4], [5, 3], [5, 4], [5, 2], [5, 4], [5, 1], [6, 4], [5, 2], [5, 4], [4, 2], [5, 7], [5, 2], [5, 7], [4, 2], [4, 7], [3, 2], [4, 6], [2, 2], [4, 5], [2, 2], [4, 4], [1, 2], [4, 2], [3, 2], [4, 3], [3, 3], [4, 4], [3, 4], [5, 4], [3, 5], [5, 4], [3, 4], [5, 1], [3, 3], [5, 0], [3, 5], [4, 0], [3, 6], [3, 0], [4, 6], [3, 1], [4, 6], [3, 2], [4, 7], [3, 0], [3, 7], [5, 0], [2, 7], [5, 1], [4, 7], [4, 1], [3, 7], [4, 2], [2, 7], [3, 2], [3, 7], [3, 3], [4, 7], [3, 4], [4, 6]], "a_points": [1, 1, 2, 2, 3, 3, 4, 4, 8, 8, 9, 9, 15, 15, 14, 14, 14, 14, 16, 16, 16, 16, 15, 15, 13, 13, 13, 13, 14, 14, 18, 18, 16, 16, 16, 16, 15, 15, 15, 15, 15, 15, 17, 17, 17, 17, 17, 17, 17, 17, 15, 15, 19, 19, 19, 19, 20, 20, 21, 21, 22, 22, 23, 23, 25, 25, 27, 27, 27, 27, 27, 27, 28, 28, 28, 28, 28, 28, 28, 28], "b_points": [0, 0, 0, 1, 1, 2, 2, 3, 3, 3, 3, 4, 4, 5, 5, 6, 6, 7, 7, 7, 7, 8, 8, 9, 9, 9, 9, 10, 10, 10, 10, 10, 10, 11, 11, 12, 12, 13, 13, 11, 11, 12, 12, 14, 14, 14, 14, 14, 14, 14, 14, 15, 15, 16, 16, 18, 18, 18, 18, 19, 19, 23, 23, 23, 23, 24, 24, 25, 25, 27, 27, 27, 27, 27, 27, 28, 28, 28, 28, 28], "a_turns_left": [39, 39, 38, 38, 37, 37, 36, 36, 35, 35, 34, 34, 33, 33, 32, 32, 31, 31, 30, 30, 29, 29, 28, 28, 27, 27, 26, 26, 25, 25, 24, 24, 23, 23, 22, 22, 21, 21, 20, 20, 19, 19, 18, 18, 17, 17, 16, 16, 15, 15, 14, 14, 13, 13, 12, 12, 11, 11, 10, 10, 9, 9, 8, 8, 7, 7, 6, 6, 5, 5, 4, 4, 3, 3, 2, 2, 1, 1, 0, 0], "b_turns_left": [40, 39, 39, 38, 38, 37, 37, 36, 36, 35, 35, 34, 34, 33, 33, 32, 32, 31, 31, 30, 30, 29, 29, 28, 28, 27, 27, 26, 26, 25, 25, 24, 24, 23, 23, 22, 22, 21, 21, 20, 20, 19, 19, 18, 18, 17, 17, 16, 16, 15, 15, 14, 14, 13, 13, 12, 12, 11, 11, 10, 10, 9, 9, 8, 8, 7, 7, 6, 6, 5, 5, 4, 4, 3, 3, 2, 2, 1, 1, 0], "a_time_left": [235.38973849988542, 235.38973849988542, 230.77871562493965, 230.77871562493965, 226.1676079169847, 226.1676079169847, 221.56040641688742, 221.56040641688742, 216.94926874991506, 216.94926874991506, 212.338464041939, 212.338464041939, 207.73099562502466, 207.73099562502466, 203.1218550419435, 203.1218550419435, 198.51408212585375, 198.51408212585375, 193.9038412088994, 193.9038412088994, 189.29618662502617, 189.29618662502617, 184.6869166670367, 184.6869166670367, 180.0784100012388, 180.0784100012388, 175.44358300138265, 175.44358300138265, 170.83206991734914, 170.83206991734914, 166.21498008421622, 166.21498008421622, 161.60476325103082, 161.60476325103082, 156.99041945906356, 156.99041945906356, 152.38045037607662, 152.38045037607662, 147.77338870917447, 147.77338870917447, 143.16140958410688, 143.16140958410688, 138.54038087604567, 138.54038087604567, 133.93518675095402, 133.93518675095402, 129.32634937600233, 129.32634937600233, 124.71931729302742, 124.71931729302742, 120.10831025103107, 120.10831025103107, 115.50092895887792, 115.50092895887792, 110.89158316678368, 110.89158316678368, 106.28110558283515, 106.28110558283515, 101.67432554089464, 101.67432554089464, 97.06590408273041, 97.06590408273041, 92.45903929066844, 92.45903929066844, 87.85018579056486, 87.85018579056486, 83.2437688736245, 83.2437688736245, 78.63594133267179, 78.63594133267179, 74.02665783278644, 74.02665783278644, 69.41898645786569, 69.41898645786569, 64.81102979090065, 64.81102979090065, 60.16268220776692, 60.16268220776692, 55.51409833272919, 55.51409833272919], "b_time_left": [240, 239.92276049987413, 239.92276049987413, 239.84112141677178, 239.84112141677178, 239.78167262580246, 239.78167262580246, 239.71847570873797, 239.71847570873797, 239.6709169165697, 239.6709169165697, 239.64047670760192, 239.64047670760192, 239.61615187465213, 239.61615187465213, 239.579439249821, 239.579439249821, 239.53212091582827, 239.53212091582827, 239.46594649972394, 239.46594649972394, 239.42476599966176, 239.42476599966176, 239.3951173326932, 239.3951173326932, 239.35648370767012, 239.35648370767012, 239.31072187470272, 239.31072187470272, 239.29080254072323, 239.29080254072323, 239.24900816567242, 239.24900816567242, 239.2353713326156, 239.2353713326156, 239.20339804165997, 239.20339804165997, 239.1628789997194, 239.1628789997194, 239.1330394167453, 239.1330394167453, 239.08282395778224, 239.08282395778224, 239.06145316595212, 239.06145316595212, 239.04863966605626, 239.04863966605626, 239.031981124077, 239.031981124077, 239.00323145696893, 239.00323145696893, 238.96977808186784, 238.96977808186784, 238.94290295685641, 238.94290295685641, 238.92621016479097, 238.92621016479097, 238.89816112280823, 238.89816112280823, 238.86377787287347, 238.86377787287347, 238.8497645398602, 238.8497645398602, 238.83362820674665, 238.83362820674665, 238.82767174881883, 238.82767174881883, 238.8200998737011, 238.8200998737011, 238.81492779077962, 238.81492779077962, 238.8090371657163, 238.8090371657163, 238.80159999872558, 238.80159999872558, 238.7949609158095, 238.7949609158095, 238.78198429080658, 238.78198429080658, 238.7806595407892], "rat_caught": [false, false, false, false, false, false, false, false, true, false, false, false, false, false, false, false, false, false, false, false, false, false, false, false, false, false, false, false, false, false, false, false, false, false, false, false, false, false, false, false, false, false, false, false, false, false, false, false, false, false, false, false, false, false, false, false, false, false, false, false, false, true, false, false, false, false, false, false, false, false, false, false, false, false, false, false, false, false, false, false], "left_behind": ["prime", "plain", "prime", "prime", "prime", "prime", "prime", "prime", "search", "plain", "prime", "prime", "carpet", "prime", "carpet", "prime", "plain", "prime", "carpet", "plain", "plain", "prime", "carpet", "prime", "search", "plain", "plain", "prime", "prime", "plain", "carpet", "plain", "search", "prime", "plain", "prime", "carpet", "prime", "plain", "search", "plain", "prime", "carpet", "carpet", "plain", "plain", "plain", "plain", "plain", "plain", "search", "prime", "carpet", "prime", "plain", "carpet", "prime", "plain", "prime", "prime", "prime", "search", "prime", "plain", "carpet", "prime", "carpet", "prime", "plain", "carpet", "plain", "plain", "prime", "plain", "plain", "prime", "plain", "plain", "plain", "plain"], "errlog_a": "turns=40, last_best_rat_prob=0.472, last_search_target=(5, 6), last_eval=0.15, last_depth=317, search_miss_streak=3, search_gain=-23.35, board_gain=4.23, opp_threat=0.00, opp_setup_threat=0.00", "errlog_b": "turns=40, best_prob=0.316, search_target=(2, 5), eval=-11.48, depth=3, budget=1.60, root_cap=8, child_cap=6, miss_streak=0", "start_time": 240, "start_moves": 80, "turn_count": 80, "result": 2, "reason": "POINTS", "trapdoors": [[0, 0], [0, 1], [0, 0], [0, 1], [0, 1], [0, 1], [0, 1], [0, 1], [0, 1], [5, 5], [5, 5], [5, 5], [5, 5], [5, 4], [5, 4], [5, 4], [5, 4], [5, 4], [4, 4], [4, 3], [4, 3], [5, 3], [5, 3], [5, 2], [5, 2], [5, 1], [4, 1], [4, 0], [4, 1], [3, 1], [3, 2], [3, 2], [3, 3], [3, 3], [3, 3], [3, 3], [3, 3], [2, 3], [3, 3], [3, 4], [2, 4], [1, 4], [1, 3], [0, 3], [1, 3], [2, 3], [2, 3], [2, 3], [2, 3], [2, 2], [2, 2], [2, 1], [2, 2], [2, 3], [2, 3], [2, 3], [2, 4], [2, 5], [2, 6], [2, 6], [2, 6], [2, 6], [3, 6], [4, 6], [4, 6], [4, 6], [4, 7], [4, 7], [4, 6], [4, 6], [4, 6], [4, 6], [4, 5], [4, 5], [4, 5], [3, 5], [2, 5], [2, 6], [2, 6], [2, 5], [2, 4]], "spawn_a": [3, 3], "spawn_b": [4, 3]}