{"pos": [[2, 3], [5, 3], [1, 3], [4, 3], [3, 3], [4, 4], [3, 4], [5, 4], [3, 5], [6, 4], [3, 4], [4, 4], [2, 4], [4, 5], [1, 4], [4, 5], [0, 4], [5, 5], [2, 4], [3, 5], [2, 3], [3, 6], [2, 3], [2, 6], [2, 2], [2, 7], [3, 2], [2, 6], [4, 2], [2, 5], [5, 2], [2, 4], [5, 3], [2, 3], [5, 2], [2, 2], [3, 2], [2, 3], [3, 3], [2, 4], [5, 3], [2, 4]], "a_points": [1, 1, 2, 2, 4, 4, 4, 4, 4, 4, 5, 5, 6, 6, 7, 7, 8, 8, 10, 10, 10, 10, 14, 14, 14, 14, 15, 15, 16, 16, 17, 17, 17, 17, 18, 18, 20, 20, 20, 20, 22, 22], "b_points": [0, 0, 0, 0, 0, 1, 1, 2, 2, 3, 3, 5, 5, 5, 5, 9, 9, 10, 10, 12, 12, 12, 12, 13, 13, 13, 13, 14, 14, 15, 15, 16, 16, 16, 16, 15, 15, 15, 15, 15, 15, 13], "a_turns_left": [39, 39, 38, 38, 37, 37, 36, 36, 35, 35, 34, 34, 33, 33, 32, 32, 31, 31, 30, 30, 29, 29, 28, 28, 27, 27, 26, 26, 25, 25, 24, 24, 23, 23, 22, 22, 21, 21, 20, 20, 19, 19], "b_turns_left": [40, 39, 39, 38, 38, 37, 37, 36, 36, 35, 35, 34, 34, 33, 33, 32, 32, 31, 31, 30, 30, 29, 29, 28, 28, 27, 27, 26, 26, 25, 25, 24, 24, 23, 23, 22, 22, 21, 21, 20, 20, 19], "a_time_left": [235.3832437498495, 235.3832437498495, 230.75596641679294, 230.75596641679294, 226.12284924974665, 226.12284924974665, 221.5099374167621, 221.5099374167621, 216.89326229155995, 216.89326229155995, 212.25793837569654, 212.25793837569654, 207.64566054265015, 207.64566054265015, 203.02923775161617, 203.02923775161617, 198.41334362677298, 198.41334362677298, 193.77809916855767, 193.77809916855767, 189.15375500149094, 189.15375500149094, 184.53482608450577, 184.53482608450577, 179.9205037516076, 179.9205037516076, 175.3089177517686, 175.3089177517686, 170.6932323349174, 170.6932323349174, 166.07350133475848, 166.07350133475848, 161.45307816774584, 161.45307816774584, 156.8382185837254, 156.8382185837254, 152.095242500538, 152.095242500538, 147.48734604241326, 147.48734604241326, 142.8749229174573, 142.8749229174573], "b_time_left": [240, 235.38004295900464, 235.38004295900464, 230.76651091710664, 230.76651091710664, 226.14963175007142, 226.14963175007142, 221.5314466250129, 221.5314466250129, 216.9078400840517, 216.9078400840517, 212.29125491692685, 212.29125491692685, 207.67361933388747, 207.67361933388747, 203.0535820000805, 203.0535820000805, 198.4372307921294, 198.4372307921294, 193.78010520897806, 193.78010520897806, 189.16926429304294, 189.16926429304294, 184.5522486679256, 184.5522486679256, 179.93877220898867, 179.93877220898867, 175.32437604200095, 175.32437604200095, 170.711539916927, 170.711539916927, 166.08198999986053, 166.08198999986053, 161.45141129172407, 161.45141129172407, 156.83281841664575, 156.83281841664575, 152.2213944576215, 152.2213944576215, 147.56345820752904, 147.56345820752904, 142.94954712456092], "rat_caught": [false, false, false, false, false, false, false, false, false, false, false, false, false, false, false, true, false, false, false, false, false, false, true, false, false, false, false, false, false, false, false, false, false, false, false, false, false, false, false, false, false, false], "left_behind": ["prime", "plain", "prime", "plain", "carpet", "prime", "plain", "prime", "plain", "prime", "prime", "carpet", "prime", "plain", "prime", "search", "prime", "prime", "carpet", "carpet", "plain", "plain", "search", "prime", "plain", "plain", "prime", "prime", "prime", "prime", "prime", "prime", "plain", "plain", "prime", "carpet", "carpet", "plain", "plain", "plain", "carpet", "search"], "errlog_a": "Traceback (most recent call last):\n  File \"/Users/aryanpatel/CS3600/dist 3/engine/player_process.py\", line 280, in run_player_process\n    player_move = player.play(\n        temp_board, rat_samples, time_left_func\n    )\n  File \"/Users/aryanpatel/CS3600/dist 3/3600-agents/fastcopy/agent.py\", line 163, in play\n    move_at_depth, value_at_depth, completed = self._search_root_to_depth(\n                                               ~~~~~~~~~~~~~~~~~~~~~~~~~~^\n        board,\n        ^^^^^^\n    ...<5 lines>...\n        self.belief,\n        ^^^^^^^^^^^^\n    )\n    ^\n  File \"/Users/aryanpatel/CS3600/dist 3/3600-agents/fastcopy/agent.py\", line 340, in _search_root_to_depth\n    val = -self._negamax(\n           ~~~~~~~~~~~~~^\n        next_board,\n        ^^^^^^^^^^^\n    ...<6 lines>...\n        future_belief,\n        ^^^^^^^^^^^^^^\n    )\n    ^\n  File \"/Users/aryanpatel/CS3600/dist 3/3600-agents/fastcopy/agent.py\", line 466, in _negamax\n    score = -self._negamax(\n             ~~~~~~~~~~~~~^\n        next_board,\n        ^^^^^^^^^^^\n    ...<6 lines>...\n        next_belief,\n        ^^^^^^^^^^^^\n    )\n    ^\n  File \"/Users/aryanpatel/CS3600/dist 3/3600-agents/fastcopy/agent.py\", line 466, in _negamax\n    score = -self._negamax(\n             ~~~~~~~~~~~~~^\n        next_board,\n        ^^^^^^^^^^^\n    ...<6 lines>...\n        next_belief,\n        ^^^^^^^^^^^^\n    )\n    ^\n  File \"/Users/aryanpatel/CS3600/dist 3/3600-agents/fastcopy/agent.py\", line 466, in _negamax\n    score = -self._negamax(\n             ~~~~~~~~~~~~~^\n        next_board,\n        ^^^^^^^^^^^\n    ...<6 lines>...\n        next_belief,\n        ^^^^^^^^^^^^\n    )\n    ^\n  [Previous line repeated 2 more times]\n  File \"/Users/aryanpatel/CS3600/dist 3/3600-agents/fastcopy/agent.py\", line 452, in _negamax\n    valid_moves = self._order_moves(board_obj, valid_moves, belief_vec)\n  File \"/Users/aryanpatel/CS3600/dist 3/3600-agents/fastcopy/agent.py\", line 761, in _order_moves\n    return sorted(moves, key=move_key, reverse=True)\n  File \"/Users/aryanpatel/CS3600/dist 3/3600-agents/fastcopy/agent.py\", line 749, in move_key\n    if low_value:\n       ^^^^^^^^^\nUnboundLocalError: cannot access local variable 'low_value' where it is not associated with a value\n", "errlog_b": "turns=21, last_best_rat_prob=0.668, last_search_target=(6, 4), last_eval=17.37, last_depth=6, search_miss_streak=0, search_gain=17.37, board_gain=-78.73, opp_threat=0.00, opp_setup_threat=0.35, search_threshold=0.500", "start_time": 240, "start_moves": 80, "turn_count": 42, "result": 1, "reason": "CODE_CRASH", "trapdoors": [[5, 0], [5, 0], [4, 0], [4, 1], [4, 1], [4, 2], [4, 2], [4, 2], [4, 2], [3, 2], [3, 2], [3, 2], [3, 3], [3, 3], [3, 3], [3, 3], [1, 3], [1, 3], [1, 3], [1, 3], [1, 3], [1, 3], [1, 3], [6, 4], [6, 4], [6, 4], [7, 4], [7, 4], [7, 4], [7, 4], [7, 4], [7, 4], [7, 4], [7, 4], [7, 4], [7, 4], [7, 4], [7, 4], [6, 4], [6, 4], [6, 4], [5, 4], [5, 4], [5, 4]], "spawn_a": [3, 3], "spawn_b": [4, 3]}