{"pos": [[3, 2], [4, 2], [3, 3], [4, 3], [3, 4], [4, 4], [2, 4], [4, 5], [1, 4], [3, 5], [3, 4], [2, 5], [3, 5], [2, 4], [3, 4], [2, 3], [3, 4], [4, 3], [4, 4], [4, 2], [5, 4], [4, 3], [6, 4], [4, 5], [7, 4], [4, 4], [5, 4], [4, 3], [5, 3], [4, 2], [6, 3], [4, 1], [7, 3], [4, 2], [6, 3], [4, 2], [5, 3], [4, 3], [5, 4], [4, 2], [5, 2], [2, 2], [5, 3], [3, 2], [5, 3], [3, 1], [4, 3], [3, 0], [5, 3], [2, 0], [4, 3], [2, 1], [5, 3], [2, 2], [5, 3], [3, 2], [6, 3], [3, 2], [6, 4], [3, 3], [6, 5], [2, 3], [5, 5], [1, 3], [4, 5], [0, 3], [4, 4], [1, 3], [4, 4], [1, 3], [3, 4], [2, 3], [3, 3], [0, 3], [3, 2], [0, 3], [3, 1], [0, 4], [3, 2], [1, 4]], "a_points": [1, 1, 2, 2, 3, 3, 4, 4, 5, 5, 7, 7, 6, 6, 6, 6, 10, 10, 10, 10, 11, 11, 12, 12, 13, 13, 15, 15, 15, 15, 15, 15, 15, 15, 16, 16, 16, 16, 17, 17, 19, 19, 19, 19, 23, 23, 23, 23, 23, 23, 23, 23, 23, 23, 21, 21, 21, 21, 22, 22, 22, 22, 23, 23, 24, 24, 24, 24, 22, 22, 22, 22, 22, 22, 22, 22, 22, 22, 23, 23], "b_points": [0, 1, 1, 2, 2, 3, 3, 3, 3, 4, 4, 5, 5, 6, 6, 6, 6, 8, 8, 7, 7, 7, 7, 9, 9, 9, 9, 9, 9, 9, 9, 9, 9, 10, 10, 8, 8, 8, 8, 8, 8, 10, 10, 10, 10, 10, 10, 10, 10, 11, 11, 12, 12, 13, 13, 13, 13, 11, 11, 11, 11, 11, 11, 11, 11, 11, 11, 12, 12, 16, 16, 17, 17, 19, 19, 23, 23, 23, 23, 24], "a_turns_left": [39, 39, 38, 38, 37, 37, 36, 36, 35, 35, 34, 34, 33, 33, 32, 32, 31, 31, 30, 30, 29, 29, 28, 28, 27, 27, 26, 26, 25, 25, 24, 24, 23, 23, 22, 22, 21, 21, 20, 20, 19, 19, 18, 18, 17, 17, 16, 16, 15, 15, 14, 14, 13, 13, 12, 12, 11, 11, 10, 10, 9, 9, 8, 8, 7, 7, 6, 6, 5, 5, 4, 4, 3, 3, 2, 2, 1, 1, 0, 0], "b_turns_left": [40, 39, 39, 38, 38, 37, 37, 36, 36, 35, 35, 34, 34, 33, 33, 32, 32, 31, 31, 30, 30, 29, 29, 28, 28, 27, 27, 26, 26, 25, 25, 24, 24, 23, 23, 22, 22, 21, 21, 20, 20, 19, 19, 18, 18, 17, 17, 16, 16, 15, 15, 14, 14, 13, 13, 12, 12, 11, 11, 10, 10, 9, 9, 8, 8, 7, 7, 6, 6, 5, 5, 4, 4, 3, 3, 2, 2, 1, 1, 0], "a_time_left": [235.39003783394583, 235.39003783394583, 230.77769383392297, 230.77769383392297, 226.1664910838008, 226.1664910838008, 221.55083241779357, 221.55083241779357, 216.93624075083062, 216.93624075083062, 212.32316437573172, 212.32316437573172, 207.70470704277977, 207.70470704277977, 203.0930463336408, 203.0930463336408, 198.47408791654743, 198.47408791654743, 193.86358329164796, 193.86358329164796, 189.25097237480804, 189.25097237480804, 184.63243341678753, 184.63243341678753, 180.01322891679592, 180.01322891679592, 175.40208349982277, 175.40208349982277, 170.7922713328153, 170.7922713328153, 166.17799841589294, 166.17799841589294, 161.54994691582397, 161.54994691582397, 156.9356277489569, 156.9356277489569, 152.31912337383255, 152.31912337383255, 147.7085859568324, 147.7085859568324, 143.09796878974885, 143.09796878974885, 138.49154945579357, 138.49154945579357, 133.88250233069994, 133.88250233069994, 129.2734433307778, 129.2734433307778, 124.65946428873576, 124.65946428873576, 120.04285020474344, 120.04285020474344, 115.43321228772402, 115.43321228772402, 110.82338049565442, 110.82338049565442, 106.21446503675543, 106.21446503675543, 101.60532374563627, 101.60532374563627, 96.99479307956062, 96.99479307956062, 92.37764812074602, 92.37764812074602, 87.75321237067692, 87.75321237067692, 83.14316853764467, 83.14316853764467, 78.5310385376215, 78.5310385376215, 73.92264949576929, 73.92264949576929, 69.31147541268729, 69.31147541268729, 64.70012032869272, 64.70012032869272, 60.09204507875256, 60.09204507875256, 55.48459641169757, 55.48459641169757], "b_time_left": [240, 235.38859958411194, 235.38859958411194, 230.77682720916346, 230.77682720916346, 226.16522858431563, 226.16522858431563, 221.5546134172473, 221.5546134172473, 216.94285850040615, 216.94285850040615, 212.32528454251587, 212.32528454251587, 207.71501079248264, 207.71501079248264, 203.10062741744332, 203.10062741744332, 198.48483879235573, 198.48483879235573, 193.87049179244787, 193.87049179244787, 189.2551300425548, 189.2551300425548, 184.64137516752817, 184.64137516752817, 180.02951566758566, 180.02951566758566, 175.42432700050995, 175.42432700050995, 170.8146514594555, 170.8146514594555, 166.19084004242904, 166.19084004242904, 161.57462879247032, 161.57462879247032, 156.95533016743138, 156.95533016743138, 152.3435674593784, 152.3435674593784, 147.73423233418725, 147.73423233418725, 143.1231899179984, 143.1231899179984, 138.51582083501853, 138.51582083501853, 133.90780787705444, 133.90780787705444, 129.29727421095595, 129.29727421095595, 124.689314045012, 124.689314045012, 120.07761821197346, 120.07761821197346, 115.46826046193019, 115.46826046193019, 110.85750396200456, 110.85750396200456, 106.24591208691709, 106.24591208691709, 101.63596558687277, 101.63596558687277, 96.99540058686398, 96.99540058686398, 92.38449087878689, 92.38449087878689, 87.77440662891604, 87.77440662891604, 83.16401650384068, 83.16401650384068, 78.55108179477975, 78.55108179477975, 73.94054616964422, 73.94054616964422, 69.3327147946693, 69.3327147946693, 64.72452071169391, 64.72452071169391, 60.1182255866006, 60.1182255866006, 55.51197754545137], "rat_caught": [false, false, false, false, false, false, false, false, false, false, false, false, false, false, false, false, true, false, false, false, false, false, false, false, false, false, false, false, false, false, false, false, false, false, false, false, false, false, false, false, false, false, false, false, true, false, false, false, false, false, false, false, false, false, false, false, false, false, false, false, false, false, false, false, false, false, false, false, false, true, false, false, false, false, false, true, false, false, false, false], "left_behind": ["prime", "prime", "prime", "prime", "prime", "prime", "prime", "plain", "prime", "prime", "carpet", "prime", "carpet", "prime", "plain", "plain", "search", "carpet", "plain", "carpet", "prime", "plain", "prime", "carpet", "prime", "plain", "carpet", "plain", "plain", "plain", "plain", "plain", "plain", "prime", "prime", "search", "plain", "plain", "prime", "plain", "carpet", "carpet", "plain", "plain", "search", "plain", "plain", "plain", "plain", "prime", "plain", "prime", "plain", "prime", "search", "plain", "plain", "search", "prime", "plain", "plain", "plain", "prime", "plain", "prime", "plain", "plain", "prime", "search", "search", "plain", "prime", "plain", "carpet", "plain", "search", "plain", "plain", "prime", "prime"], "errlog_a": "turns=40, last_best_rat_prob=0.164, last_search_target=(2, 6), last_eval=-4.78, last_depth=116, search_miss_streak=2, search_gain=-1000000000.00, board_gain=16.45, opp_threat=1.00, opp_setup_threat=0.55, search_threshold=0.500", "errlog_b": "turns=40, last_best_rat_prob=0.295, last_search_target=(2, 1), last_eval=-5.72, last_depth=639, search_miss_streak=0, search_gain=-1000000006.00, board_gain=70.60, opp_threat=2.00, opp_setup_threat=2.70, search_threshold=0.520", "start_time": 240, "start_moves": 80, "turn_count": 80, "result": 1, "reason": "POINTS", "trapdoors": [[2, 6], [2, 6], [2, 6], [2, 7], [3, 7], [4, 7], [4, 7], [4, 7], [4, 6], [4, 6], [4, 6], [4, 5], [4, 4], [4, 4], [4, 3], [4, 3], [4, 3], [2, 0], [1, 0], [1, 0], [1, 0], [1, 0], [1, 0], [1, 0], [1, 1], [1, 0], [2, 0], [3, 0], [3, 0], [3, 1], [3, 1], [3, 1], [3, 1], [3, 1], [3, 1], [3, 1], [3, 2], [3, 2], [3, 1], [3, 1], [2, 1], [2, 1], [2, 2], [2, 2], [2, 3], [4, 2], [4, 2], [4, 3], [4, 3], [3, 3], [3, 3], [3, 4], [3, 4], [3, 4], [2, 4], [1, 4], [1, 4], [1, 5], [1, 6], [1, 6], [1, 7], [2, 7], [1, 7], [2, 7], [2, 7], [3, 7], [3, 7], [4, 7], [4, 7], [5, 7], [1, 5], [1, 5], [1, 5], [1, 5], [1, 6], [1, 7], [1, 6], [1, 6], [1, 6], [2, 6], [2, 6]], "spawn_a": [2, 2], "spawn_b": [5, 2]}