{"pos": [[2, 4], [5, 4], [2, 5], [5, 5], [3, 5], [5, 6], [3, 6], [4, 6], [2, 6], [5, 6], [4, 6], [5, 6], [3, 6], [5, 6], [2, 6], [5, 7], [2, 7], [5, 3], [2, 3], [4, 3], [3, 3], [4, 2], [3, 2], [5, 2], [2, 2], [5, 2], [4, 2], [6, 2], [4, 1], [7, 2], [3, 1], [5, 2], [3, 2], [5, 3], [3, 3], [5, 4], [3, 4], [4, 4], [3, 3], [3, 4], [2, 3], [4, 4], [1, 3], [4, 5], [0, 3], [4, 5], [0, 2], [4, 3], [1, 2], [3, 3], [2, 2], [2, 3], [3, 2], [0, 3], [0, 2], [0, 4], [0, 2], [1, 4], [1, 2], [2, 4], [2, 2], [2, 4], [2, 3], [0, 4], [3, 3], [1, 4], [4, 3], [2, 4], [4, 4], [2, 4], [5, 4], [2, 4], [5, 5], [3, 4], [4, 5], [4, 4], [5, 5], [5, 4], [3, 5], [6, 4]], "a_points": [1, 1, 2, 2, 3, 3, 4, 4, 5, 5, 7, 7, 7, 7, 7, 7, 8, 8, 14, 14, 14, 14, 15, 15, 16, 16, 18, 18, 18, 18, 19, 19, 20, 20, 19, 19, 19, 19, 20, 20, 20, 20, 20, 20, 21, 21, 22, 22, 23, 23, 24, 24, 25, 25, 29, 29, 27, 27, 27, 27, 27, 27, 27, 27, 27, 27, 27, 27, 27, 27, 27, 27, 27, 27, 27, 27, 28, 28, 30, 30], "b_points": [0, 1, 1, 2, 2, 3, 3, 3, 3, 4, 4, 2, 2, 0, 0, 1, 1, 7, 7, 7, 7, 8, 8, 9, 9, 13, 13, 14, 14, 15, 15, 17, 17, 17, 17, 17, 17, 17, 17, 16, 16, 16, 16, 17, 17, 21, 21, 23, 23, 23, 23, 23, 23, 25, 25, 25, 25, 26, 26, 27, 27, 31, 31, 33, 33, 33, 33, 33, 33, 31, 31, 35, 35, 35, 35, 35, 35, 35, 35, 35], "a_turns_left": [39, 39, 38, 38, 37, 37, 36, 36, 35, 35, 34, 34, 33, 33, 32, 32, 31, 31, 30, 30, 29, 29, 28, 28, 27, 27, 26, 26, 25, 25, 24, 24, 23, 23, 22, 22, 21, 21, 20, 20, 19, 19, 18, 18, 17, 17, 16, 16, 15, 15, 14, 14, 13, 13, 12, 12, 11, 11, 10, 10, 9, 9, 8, 8, 7, 7, 6, 6, 5, 5, 4, 4, 3, 3, 2, 2, 1, 1, 0, 0], "b_turns_left": [40, 39, 39, 38, 38, 37, 37, 36, 36, 35, 35, 34, 34, 33, 33, 32, 32, 31, 31, 30, 30, 29, 29, 28, 28, 27, 27, 26, 26, 25, 25, 24, 24, 23, 23, 22, 22, 21, 21, 20, 20, 19, 19, 18, 18, 17, 17, 16, 16, 15, 15, 14, 14, 13, 13, 12, 12, 11, 11, 10, 10, 9, 9, 8, 8, 7, 7, 6, 6, 5, 5, 4, 4, 3, 3, 2, 2, 1, 1, 0], "a_time_left": [237.2387314159423, 237.2387314159423, 234.47796475002542, 234.47796475002542, 231.71714099985547, 231.71714099985547, 228.95609645778313, 228.95609645778313, 226.19530029059388, 226.19530029059388, 223.4345032905694, 223.4345032905694, 220.67364691547118, 220.67364691547118, 217.9129737482872, 217.9129737482872, 215.15222920733504, 215.15222920733504, 212.39112412417307, 212.39112412417307, 209.63052724907175, 209.63052724907175, 206.86919637396932, 206.86919637396932, 204.1080546658486, 204.1080546658486, 201.34639687486924, 201.34639687486924, 198.5857466668822, 198.5857466668822, 195.82487016706727, 195.82487016706727, 193.06427975022234, 193.06427975022234, 190.30324079236016, 190.30324079236016, 187.5426482083276, 187.5426482083276, 184.78181004244834, 184.78181004244834, 182.02112708450295, 182.02112708450295, 179.26055654254742, 179.26055654254742, 176.49973133439198, 176.49973133439198, 173.73792658443563, 173.73792658443563, 170.97739554243162, 170.97739554243162, 168.21678400132805, 168.21678400132805, 165.4556577091571, 165.4556577091571, 162.69497708417475, 162.69497708417475, 159.93432216811925, 159.93432216811925, 157.17374537629075, 157.17374537629075, 154.41264883428812, 154.41264883428812, 151.65114941843785, 151.65114941843785, 148.89050108543597, 148.89050108543597, 146.1297662514262, 146.1297662514262, 143.36926275142469, 143.36926275142469, 140.60872658435255, 140.60872658435255, 137.8471366672311, 137.8471366672311, 135.08610712504014, 135.08610712504014, 132.32537537510507, 132.32537537510507, 129.56392891705036, 129.56392891705036], "b_time_left": [240, 235.38987945811823, 235.38987945811823, 230.77961441711523, 230.77961441711523, 226.1702765421942, 226.1702765421942, 221.55693279206753, 221.55693279206753, 216.94757358403876, 216.94757358403876, 212.3382414591033, 212.3382414591033, 207.7149926670827, 207.7149926670827, 203.10612029209733, 203.10612029209733, 198.5002304580994, 198.5002304580994, 193.88635454094037, 193.88635454094037, 189.27358183311298, 189.27358183311298, 184.66531208297238, 184.66531208297238, 180.05532037490048, 180.05532037490048, 175.44806599989533, 175.44806599989533, 170.84022749983706, 170.84022749983706, 166.23065849975683, 166.23065849975683, 161.6226677908562, 161.6226677908562, 157.01183620700613, 157.01183620700613, 152.40273133199662, 152.40273133199662, 147.79141654004343, 147.79141654004343, 143.1841684980318, 143.1841684980318, 138.574266707059, 138.574266707059, 133.96679579094052, 133.96679579094052, 129.3566042499151, 129.3566042499151, 124.74885729094967, 124.74885729094967, 120.14317370788194, 120.14317370788194, 115.53630962478928, 115.53630962478928, 110.92912962473929, 110.92912962473929, 106.32216962473467, 106.32216962473467, 101.71175966667943, 101.71175966667943, 97.10248887469061, 97.10248887469061, 92.4930868325755, 92.4930868325755, 87.88532137474976, 87.88532137474976, 83.27847679168917, 83.27847679168917, 78.67063637566753, 78.67063637566753, 74.0602100417018, 74.0602100417018, 69.44773679180071, 69.44773679180071, 64.8400425419677, 64.8400425419677, 60.23488741694018, 60.23488741694018, 55.63145766686648], "rat_caught": [false, false, false, false, false, false, false, false, false, false, false, false, false, false, false, false, false, false, false, false, false, false, false, false, false, true, false, false, false, false, false, false, false, false, false, false, false, false, false, false, false, false, false, false, false, true, false, false, false, false, false, false, false, false, false, false, false, false, false, false, false, true, false, false, false, false, false, false, false, false, false, true, false, false, false, false, false, false, false, false], "left_behind": ["prime", "prime", "prime", "prime", "prime", "prime", "prime", "plain", "prime", "prime", "carpet", "search", "plain", "search", "plain", "prime", "prime", "carpet", "carpet", "plain", "plain", "prime", "prime", "prime", "prime", "search", "carpet", "prime", "plain", "prime", "prime", "carpet", "prime", "plain", "carpet", "plain", "plain", "plain", "prime", "carpet", "plain", "plain", "plain", "prime", "prime", "search", "prime", "carpet", "prime", "plain", "prime", "plain", "prime", "carpet", "carpet", "plain", "search", "prime", "plain", "prime", "plain", "search", "plain", "carpet", "plain", "plain", "plain", "plain", "plain", "search", "plain", "search", "plain", "plain", "plain", "plain", "prime", "plain", "carpet", "plain"], "errlog_a": "turns=40, last_best_rat_prob=0.412, last_search_target=(5, 7), last_eval=-123.58, last_depth=2151, search_miss_streak=1, search_gain=-1000000000.00, board_gain=-6.04, opp_threat=0.00", "errlog_b": "turns=40, last_best_rat_prob=0.182, last_search_target=(7, 2), last_eval=155.91, last_depth=1242, search_miss_streak=0, search_gain=-1012.27, board_gain=24.00, opp_threat=0.00, opp_setup_threat=0.00", "start_time": 240, "start_moves": 80, "turn_count": 80, "result": 1, "reason": "POINTS", "trapdoors": [[1, 3], [1, 3], [1, 3], [2, 3], [2, 4], [2, 4], [2, 4], [2, 4], [2, 5], [2, 5], [2, 5], [2, 6], [2, 7], [3, 7], [3, 7], [2, 7], [2, 6], [2, 5], [3, 5], [3, 6], [2, 6], [2, 6], [2, 6], [2, 5], [2, 6], [2, 6], [0, 5], [0, 6], [1, 6], [1, 6], [1, 7], [1, 7], [2, 7], [2, 7], [2, 7], [3, 7], [4, 7], [4, 7], [4, 7], [5, 7], [5, 7], [5, 6], [5, 6], [5, 6], [5, 7], [5, 7], [4, 7], [4, 7], [4, 7], [5, 7], [5, 6], [5, 7], [5, 7], [5, 7], [5, 6], [5, 6], [5, 5], [5, 5], [5, 5], [5, 5], [5, 5], [5, 5], [3, 5], [3, 6], [3, 6], [4, 6], [5, 6], [5, 6], [5, 6], [5, 6], [5, 6], [5, 6], [3, 7], [4, 7], [4, 7], [4, 7], [5, 7], [5, 7], [5, 7], [5, 7], [6, 7]], "spawn_a": [2, 3], "spawn_b": [5, 3]}