{"pos": [[3, 2], [5, 3], [3, 3], [5, 4], [3, 4], [4, 4], [3, 4], [4, 5], [4, 4], [4, 5], [3, 4], [3, 5], [3, 4], [3, 6], [5, 4], [3, 7], [4, 4], [4, 7], [4, 3], [5, 7], [4, 2], [5, 6], [2, 2], [5, 5], [2, 3], [5, 4], [1, 3], [5, 3], [4, 3], [5, 3], [4, 4], [5, 4], [3, 4], [5, 7], [3, 3], [3, 7], [3, 6], [4, 7], [4, 6], [3, 7], [3, 6], [4, 7], [4, 6], [3, 7], [4, 6], [3, 6], [5, 6], [3, 5], [5, 5], [3, 5], [5, 4], [2, 5], [4, 4], [1, 5], [4, 4], [1, 4], [4, 6], [1, 3], [4, 5], [1, 2], [4, 4], [1, 2], [3, 4], [1, 2], [2, 4], [1, 5], [1, 4], [0, 5], [0, 4], [1, 5], [0, 3], [1, 4], [0, 2], [1, 4], [1, 2], [1, 5], [2, 2], [0, 5], [2, 3], [0, 5]], "a_points": [1, 1, 2, 2, 3, 3, 1, 1, 1, 1, 2, 2, 6, 6, 8, 8, 8, 8, 8, 8, 9, 9, 11, 11, 11, 11, 12, 12, 16, 16, 16, 16, 16, 16, 17, 17, 21, 21, 21, 21, 21, 21, 21, 21, 19, 19, 20, 20, 20, 20, 20, 20, 20, 20, 24, 24, 26, 26, 26, 26, 26, 26, 26, 26, 26, 26, 27, 27, 27, 27, 28, 28, 29, 29, 30, 30, 31, 31, 31, 31], "b_points": [0, 1, 1, 2, 2, 3, 3, 3, 3, 1, 1, 2, 2, 3, 3, 4, 4, 5, 5, 6, 6, 7, 7, 8, 8, 9, 9, 8, 8, 6, 6, 6, 6, 10, 10, 12, 12, 12, 12, 12, 12, 12, 12, 12, 12, 12, 12, 12, 12, 16, 16, 16, 16, 17, 17, 18, 18, 19, 19, 20, 20, 24, 24, 28, 28, 32, 32, 32, 32, 32, 32, 32, 32, 30, 30, 30, 30, 30, 30, 34], "a_turns_left": [39, 39, 38, 38, 37, 37, 36, 36, 35, 35, 34, 34, 33, 33, 32, 32, 31, 31, 30, 30, 29, 29, 28, 28, 27, 27, 26, 26, 25, 25, 24, 24, 23, 23, 22, 22, 21, 21, 20, 20, 19, 19, 18, 18, 17, 17, 16, 16, 15, 15, 14, 14, 13, 13, 12, 12, 11, 11, 10, 10, 9, 9, 8, 8, 7, 7, 6, 6, 5, 5, 4, 4, 3, 3, 2, 2, 1, 1, 0, 0], "b_turns_left": [40, 39, 39, 38, 38, 37, 37, 36, 36, 35, 35, 34, 34, 33, 33, 32, 32, 31, 31, 30, 30, 29, 29, 28, 28, 27, 27, 26, 26, 25, 25, 24, 24, 23, 23, 22, 22, 21, 21, 20, 20, 19, 19, 18, 18, 17, 17, 16, 16, 15, 15, 14, 14, 13, 13, 12, 12, 11, 11, 10, 10, 9, 9, 8, 8, 7, 7, 6, 6, 5, 5, 4, 4, 3, 3, 2, 2, 1, 1, 0], "a_time_left": [235.38986374996603, 235.38986374996603, 230.77834270801395, 230.77834270801395, 226.16628495790064, 226.16628495790064, 221.55000320798717, 221.55000320798717, 216.93668324989267, 216.93668324989267, 212.31663037487306, 212.31663037487306, 207.6933390838094, 207.6933390838094, 203.0803500416223, 203.0803500416223, 198.46487904153764, 198.46487904153764, 193.85329224960878, 193.85329224960878, 189.2358762496151, 189.2358762496151, 184.61886783270165, 184.61886783270165, 179.98701070761308, 179.98701070761308, 175.36873045749962, 175.36873045749962, 170.74519995739684, 170.74519995739684, 166.12150649842806, 166.12150649842806, 161.51133299828507, 161.51133299828507, 156.88679829030298, 156.88679829030298, 152.27004391513765, 152.27004391513765, 147.65185137302615, 147.65185137302615, 143.0400126229506, 143.0400126229506, 138.4314223730471, 138.4314223730471, 133.8034588729497, 133.8034588729497, 129.1907991648186, 129.1907991648186, 124.57769395690411, 124.57769395690411, 119.96738562383689, 119.96738562383689, 115.35454091592692, 115.35454091592692, 110.73961274977773, 110.73961274977773, 106.11803116556257, 106.11803116556257, 101.50120958150364, 101.50120958150364, 96.89415154070593, 96.89415154070593, 92.27652341569774, 92.27652341569774, 87.66281883278862, 87.66281883278862, 83.04657670785673, 83.04657670785673, 78.42999374982901, 78.42999374982901, 73.81076599983498, 73.81076599983498, 69.1897796660196, 69.1897796660196, 64.57940529100597, 64.57940529100597, 59.96410287404433, 59.96410287404433, 55.35471833311021, 55.35471833311021], "b_time_left": [240, 235.38654045807198, 235.38654045807198, 230.77731266617775, 230.77731266617775, 226.16344491625205, 226.16344491625205, 221.54691199911758, 221.54691199911758, 216.92882091505453, 216.92882091505453, 212.30491058109328, 212.30491058109328, 207.67895679012872, 207.67895679012872, 203.06229704013094, 203.06229704013094, 198.4490630819928, 198.4490630819928, 193.82631549821235, 193.82631549821235, 189.1988057482522, 189.1988057482522, 184.50355483125895, 184.50355483125895, 179.8853101232089, 179.8853101232089, 175.27166720619425, 175.27166720619425, 170.6598869971931, 170.6598869971931, 166.03106037224643, 166.03106037224643, 161.4214995803777, 161.4214995803777, 156.80524587235413, 156.80524587235413, 152.18923158035614, 152.18923158035614, 147.57745070545934, 147.57745070545934, 142.96564599662088, 142.96564599662088, 138.3568539135158, 138.3568539135158, 133.74501074641012, 133.74501074641012, 129.13641191343777, 129.13641191343777, 124.40860258042812, 124.40860258042812, 119.79776378930546, 119.79776378930546, 115.18660495546646, 115.18660495546646, 110.57031374727376, 110.57031374727376, 105.9506578722503, 105.9506578722503, 101.34117778926156, 101.34117778926156, 96.71334066428244, 96.71334066428244, 92.08366070617922, 92.08366070617922, 87.46190453902818, 87.46190453902818, 82.85137108108029, 82.85137108108029, 78.2392836639192, 78.2392836639192, 73.61953953886405, 73.61953953886405, 69.00405283086002, 69.00405283086002, 64.39277420565486, 64.39277420565486, 59.78417616360821, 59.78417616360821, 55.17166183050722], "rat_caught": [false, false, false, false, false, false, false, false, false, false, false, false, true, false, false, false, false, false, false, false, false, false, false, false, false, false, false, false, false, false, false, false, false, false, false, false, false, false, false, false, false, false, false, false, false, false, false, false, false, true, false, false, false, false, true, false, false, false, false, false, false, true, false, true, false, false, false, false, false, false, false, false, false, false, false, false, false, false, false, true], "left_behind": ["prime", "prime", "prime", "prime", "prime", "prime", "search", "plain", "plain", "search", "prime", "prime", "search", "prime", "carpet", "prime", "plain", "prime", "plain", "prime", "prime", "prime", "carpet", "prime", "plain", "prime", "prime", "carpet", "carpet", "search", "plain", "plain", "plain", "carpet", "prime", "carpet", "carpet", "plain", "plain", "plain", "plain", "plain", "plain", "plain", "search", "plain", "prime", "plain", "plain", "search", "plain", "plain", "plain", "prime", "search", "prime", "carpet", "prime", "plain", "prime", "plain", "search", "plain", "search", "plain", "carpet", "prime", "plain", "plain", "plain", "prime", "plain", "prime", "search", "prime", "plain", "prime", "plain", "plain", "search"], "errlog_a": "turns=40, last_best_rat_prob=0.243, last_search_target=(4, 3), last_eval=35.23, last_depth=152, search_miss_streak=0, search_gain=-1000000000.00, board_gain=-39.49, opp_threat=4.00, opp_setup_threat=3.20, search_threshold=0.600", "errlog_b": "turns=40, last_best_rat_prob=0.764, last_search_target=(1, 5), last_eval=-9.60, last_depth=643, search_miss_streak=1, search_gain=-9.60, board_gain=-61.69, opp_threat=2.00, opp_setup_threat=2.70, search_threshold=0.450", "start_time": 240, "start_moves": 80, "turn_count": 80, "result": 1, "reason": "POINTS", "trapdoors": [[6, 3], [6, 3], [6, 3], [6, 3], [6, 3], [6, 3], [5, 3], [4, 3], [4, 3], [4, 4], [4, 4], [4, 5], [4, 5], [1, 2], [2, 2], [3, 2], [3, 1], [3, 1], [4, 1], [4, 1], [4, 1], [4, 2], [4, 3], [4, 3], [4, 4], [4, 4], [5, 4], [4, 4], [4, 4], [4, 4], [4, 5], [4, 5], [4, 5], [4, 5], [4, 6], [5, 6], [6, 6], [7, 6], [7, 5], [7, 4], [7, 4], [7, 4], [7, 4], [7, 4], [7, 4], [7, 4], [7, 3], [7, 3], [7, 2], [7, 2], [1, 2], [1, 2], [2, 2], [2, 2], [2, 2], [7, 4], [7, 3], [7, 3], [7, 3], [7, 3], [7, 2], [6, 2], [1, 2], [1, 2], [4, 5], [4, 6], [3, 6], [3, 6], [2, 6], [3, 6], [3, 6], [3, 6], [3, 6], [2, 6], [2, 6], [1, 6], [0, 6], [1, 6], [1, 5], [2, 5], [2, 3]], "spawn_a": [2, 2], "spawn_b": [5, 2]}