{"pos": [[3, 3], [4, 3], [3, 4], [4, 4], [2, 4], [5, 4], [4, 4], [5, 3], [4, 2], [5, 2], [4, 3], [5, 1], [5, 3], [5, 1], [6, 3], [4, 1], [6, 4], [3, 1], [6, 5], [3, 0], [5, 5], [3, 3], [4, 5], [3, 4], [3, 5], [4, 4], [2, 5], [4, 5], [2, 4], [2, 5], [2, 3], [2, 6], [2, 2], [2, 5], [2, 4], [3, 5], [3, 4], [4, 5], [4, 4], [4, 5], [6, 4], [6, 5], [6, 3], [6, 4], [6, 3], [5, 4], [5, 3], [6, 4], [5, 3], [6, 5], [5, 1], [7, 5], [5, 2], [7, 4], [6, 2], [7, 3], [6, 2], [7, 3], [7, 2], [7, 5], [7, 3], [7, 4], [6, 3], [6, 4], [5, 3], [6, 4], [5, 2], [6, 3], [4, 2], [5, 3], [5, 2], [5, 3], [7, 2], [5, 2], [6, 2], [4, 2], [5, 2], [3, 2], [4, 2], [2, 2]], "a_points": [1, 1, 2, 2, 3, 3, 5, 5, 7, 7, 7, 7, 6, 6, 6, 6, 7, 7, 8, 8, 9, 9, 10, 10, 11, 11, 12, 12, 13, 13, 14, 14, 15, 15, 17, 17, 17, 17, 17, 17, 19, 19, 18, 18, 22, 22, 22, 22, 26, 26, 28, 28, 28, 28, 28, 28, 26, 26, 27, 27, 28, 28, 29, 29, 29, 29, 29, 29, 29, 29, 29, 29, 31, 31, 31, 31, 31, 31, 31, 31], "b_points": [0, 1, 1, 2, 2, 3, 3, 4, 4, 5, 5, 6, 6, 10, 10, 11, 11, 12, 12, 13, 13, 17, 17, 17, 17, 17, 17, 16, 16, 18, 18, 18, 18, 19, 19, 19, 19, 19, 19, 23, 23, 25, 25, 25, 25, 25, 25, 25, 25, 25, 25, 25, 25, 26, 26, 27, 27, 31, 31, 33, 33, 33, 33, 33, 33, 37, 37, 37, 37, 37, 37, 41, 41, 41, 41, 41, 41, 41, 41, 41], "a_turns_left": [39, 39, 38, 38, 37, 37, 36, 36, 35, 35, 34, 34, 33, 33, 32, 32, 31, 31, 30, 30, 29, 29, 28, 28, 27, 27, 26, 26, 25, 25, 24, 24, 23, 23, 22, 22, 21, 21, 20, 20, 19, 19, 18, 18, 17, 17, 16, 16, 15, 15, 14, 14, 13, 13, 12, 12, 11, 11, 10, 10, 9, 9, 8, 8, 7, 7, 6, 6, 5, 5, 4, 4, 3, 3, 2, 2, 1, 1, 0, 0], "b_turns_left": [40, 39, 39, 38, 38, 37, 37, 36, 36, 35, 35, 34, 34, 33, 33, 32, 32, 31, 31, 30, 30, 29, 29, 28, 28, 27, 27, 26, 26, 25, 25, 24, 24, 23, 23, 22, 22, 21, 21, 20, 20, 19, 19, 18, 18, 17, 17, 16, 16, 15, 15, 14, 14, 13, 13, 12, 12, 11, 11, 10, 10, 9, 9, 8, 8, 7, 7, 6, 6, 5, 5, 4, 4, 3, 3, 2, 2, 1, 1, 0], "a_time_left": [235.38702233298682, 235.38702233298682, 230.76986079197377, 230.76986079197377, 226.15188208292238, 226.15188208292238, 221.53617116692476, 221.53617116692476, 216.91947970795445, 216.91947970795445, 212.288022832945, 212.288022832945, 207.67047170805745, 207.67047170805745, 203.04274424910545, 203.04274424910545, 198.4244672912173, 198.4244672912173, 193.80214254115708, 193.80214254115708, 189.17333633219823, 189.17333633219823, 184.54893516632728, 184.54893516632728, 179.9372360825073, 179.9372360825073, 175.31769274943508, 175.31769274943508, 170.70621729129925, 170.70621729129925, 166.09724070713855, 166.09724070713855, 161.48502962407656, 161.48502962407656, 156.87003833288327, 156.87003833288327, 152.26270937477238, 152.26270937477238, 147.65218945778906, 147.65218945778906, 143.03844341589138, 143.03844341589138, 138.4323779568076, 138.4323779568076, 133.81411174871027, 133.81411174871027, 129.19026745669544, 129.19026745669544, 124.57396199880168, 124.57396199880168, 119.95714395679533, 119.95714395679533, 115.34705395670608, 115.34705395670608, 110.73527649766766, 110.73527649766766, 106.10009149764664, 106.10009149764664, 101.48600270668976, 101.48600270668976, 96.86992541584186, 96.86992541584186, 92.2557694579009, 92.2557694579009, 87.64495354099199, 87.64495354099199, 83.02280954108573, 83.02280954108573, 78.40711687412113, 78.40711687412113, 73.79087979113683, 73.79087979113683, 69.17580987419933, 69.17580987419933, 64.56650945707224, 64.56650945707224, 59.95659349905327, 59.95659349905327, 55.34864654089324, 55.34864654089324], "b_time_left": [240, 235.38457754184492, 235.38457754184492, 230.72718687471934, 230.72718687471934, 226.10245395754464, 226.10245395754464, 221.48694549850188, 221.48694549850188, 216.85279962350614, 216.85279962350614, 212.2134390405845, 212.2134390405845, 207.59224174870178, 207.59224174870178, 202.97799495677464, 202.97799495677464, 198.2574743735604, 198.2574743735604, 193.6324322486762, 193.6324322486762, 189.00913287349977, 189.00913287349977, 184.39350841450505, 184.39350841450505, 179.77253120648675, 179.77253120648675, 175.1537300394848, 175.1537300394848, 170.54134966433048, 170.54134966433048, 165.92601870652288, 165.92601870652288, 161.2990119564347, 161.2990119564347, 156.686036873376, 156.686036873376, 152.07127133221366, 152.07127133221366, 147.4519326230511, 147.4519326230511, 142.831221123226, 142.831221123226, 138.2098229562398, 138.2098229562398, 133.60427974816412, 133.60427974816412, 128.98119399813004, 128.98119399813004, 124.37001333222724, 124.37001333222724, 119.75836708210409, 119.75836708210409, 115.14593516592868, 115.14593516592868, 110.53047454101034, 110.53047454101034, 105.9048241241835, 105.9048241241835, 101.28256837418303, 101.28256837418303, 96.66670003999025, 96.66670003999025, 92.04433620697819, 92.04433620697819, 87.4264726229012, 87.4264726229012, 82.81847708183341, 82.81847708183341, 78.20022095693275, 78.20022095693275, 73.57107374886982, 73.57107374886982, 68.96046441583894, 68.96046441583894, 64.33694908185862, 64.33694908185862, 59.729594248812646, 59.729594248812646, 55.12330929073505], "rat_caught": [false, false, false, false, false, false, false, false, false, false, false, false, false, true, false, false, false, false, false, false, false, false, false, false, false, false, false, false, false, false, false, false, false, false, false, false, false, false, false, true, false, false, false, false, true, false, false, false, true, false, false, false, false, false, false, false, false, true, false, false, false, false, false, false, false, true, false, false, false, false, false, true, false, false, false, false, false, false, false, false], "left_behind": ["prime", "prime", "prime", "prime", "prime", "prime", "carpet", "prime", "carpet", "prime", "plain", "prime", "carpet", "search", "plain", "prime", "prime", "prime", "prime", "prime", "prime", "carpet", "prime", "plain", "prime", "plain", "prime", "carpet", "prime", "carpet", "prime", "plain", "prime", "prime", "carpet", "plain", "plain", "plain", "plain", "search", "carpet", "carpet", "carpet", "plain", "search", "plain", "plain", "plain", "search", "plain", "carpet", "plain", "plain", "prime", "plain", "prime", "search", "search", "prime", "carpet", "prime", "plain", "prime", "plain", "plain", "search", "plain", "plain", "plain", "plain", "plain", "search", "carpet", "plain", "plain", "plain", "plain", "plain", "plain", "plain"], "errlog_a": "turns=40, last_best_rat_prob=0.386, last_search_target=(6, 3), last_eval=-174.80, last_depth=219, search_miss_streak=1, search_gain=-1000000004.00, board_gain=-26.18, opp_threat=0.00, opp_setup_threat=0.35, search_threshold=0.460", "errlog_b": "turns=40, last_best_rat_prob=0.390, last_search_target=(2, 4), last_eval=275.78, last_depth=1251, search_miss_streak=0, search_gain=-1000000000.00, board_gain=-34.88, opp_threat=0.00, opp_setup_threat=0.00, search_threshold=0.470", "start_time": 240, "start_moves": 80, "turn_count": 80, "result": 1, "reason": "POINTS", "trapdoors": [[3, 6], [4, 6], [4, 6], [5, 6], [5, 6], [5, 5], [5, 4], [6, 4], [6, 4], [6, 4], [5, 4], [5, 4], [5, 3], [5, 3], [2, 3], [2, 4], [2, 4], [2, 4], [1, 4], [1, 5], [1, 5], [1, 5], [1, 5], [1, 5], [1, 5], [1, 5], [1, 6], [1, 6], [1, 7], [0, 7], [1, 7], [1, 7], [2, 7], [2, 7], [3, 7], [2, 7], [1, 7], [1, 7], [1, 7], [1, 7], [5, 3], [5, 3], [5, 3], [5, 3], [5, 2], [6, 2], [5, 2], [5, 2], [5, 3], [4, 4], [4, 4], [4, 4], [3, 4], [2, 4], [2, 4], [2, 4], [2, 4], [1, 4], [1, 4], [1, 3], [1, 2], [1, 3], [2, 3], [2, 4], [2, 4], [2, 4], [3, 0], [3, 0], [3, 0], [3, 1], [3, 1], [3, 1], [6, 1], [5, 1], [5, 1], [6, 1], [6, 1], [6, 1], [6, 1], [5, 1], [5, 1]], "spawn_a": [3, 2], "spawn_b": [4, 2]}