{"pos": [[3, 3], [4, 3], [3, 4], [5, 3], [4, 4], [3, 3], [3, 4], [2, 3], [3, 4], [2, 4], [3, 5], [2, 4], [4, 5], [2, 5], [5, 5], [2, 6], [5, 6], [2, 5], [5, 5], [4, 5], [5, 4], [4, 6], [6, 4], [4, 6], [7, 4], [4, 7], [4, 4], [5, 7], [3, 4], [5, 5], [4, 4], [5, 5], [2, 4], [5, 4], [1, 4], [5, 3], [1, 3], [5, 2], [0, 3], [5, 2], [2, 3], [3, 2], [2, 4], [4, 2], [2, 5], [5, 2], [2, 4], [5, 1], [2, 6], [4, 1], [2, 7], [4, 1], [3, 7], [3, 1], [3, 6], [2, 1], [3, 5], [5, 1], [3, 5], [5, 1], [3, 4], [5, 0], [4, 4], [4, 0], [4, 5], [3, 0], [4, 4], [3, 0], [4, 4], [2, 0], [4, 5], [2, 1], [4, 7], [2, 2], [4, 6], [2, 3], [4, 5], [2, 0], [4, 5], [2, 0]], "a_points": [1, 1, 2, 2, 2, 2, 3, 3, 7, 7, 7, 7, 8, 8, 9, 9, 9, 9, 10, 10, 11, 11, 12, 12, 13, 13, 17, 17, 17, 17, 18, 18, 20, 20, 20, 20, 21, 21, 22, 22, 24, 24, 24, 24, 24, 24, 25, 25, 27, 27, 27, 27, 28, 28, 29, 29, 30, 30, 28, 28, 28, 28, 28, 28, 28, 28, 28, 28, 32, 32, 32, 32, 34, 34, 34, 34, 34, 34, 32, 32], "b_points": [0, 1, 1, 2, 2, 4, 4, 4, 4, 5, 5, 3, 3, 4, 4, 4, 4, 5, 5, 7, 7, 7, 7, 5, 5, 6, 6, 7, 7, 9, 9, 13, 13, 13, 13, 13, 13, 14, 14, 18, 18, 20, 20, 20, 20, 20, 20, 21, 21, 22, 22, 20, 20, 21, 21, 22, 22, 26, 26, 30, 30, 30, 30, 31, 31, 32, 32, 30, 30, 31, 31, 32, 32, 33, 33, 34, 34, 38, 38, 42], "a_turns_left": [39, 39, 38, 38, 37, 37, 36, 36, 35, 35, 34, 34, 33, 33, 32, 32, 31, 31, 30, 30, 29, 29, 28, 28, 27, 27, 26, 26, 25, 25, 24, 24, 23, 23, 22, 22, 21, 21, 20, 20, 19, 19, 18, 18, 17, 17, 16, 16, 15, 15, 14, 14, 13, 13, 12, 12, 11, 11, 10, 10, 9, 9, 8, 8, 7, 7, 6, 6, 5, 5, 4, 4, 3, 3, 2, 2, 1, 1, 0, 0], "b_turns_left": [40, 39, 39, 38, 38, 37, 37, 36, 36, 35, 35, 34, 34, 33, 33, 32, 32, 31, 31, 30, 30, 29, 29, 28, 28, 27, 27, 26, 26, 25, 25, 24, 24, 23, 23, 22, 22, 21, 21, 20, 20, 19, 19, 18, 18, 17, 17, 16, 16, 15, 15, 14, 14, 13, 13, 12, 12, 11, 11, 10, 10, 9, 9, 8, 8, 7, 7, 6, 6, 5, 5, 4, 4, 3, 3, 2, 2, 1, 1, 0], "a_time_left": [235.3907805411145, 235.3907805411145, 230.7700328740757, 230.7700328740757, 226.153038791148, 226.153038791148, 221.5331607912667, 221.5331607912667, 216.9056104994379, 216.9056104994379, 212.27557445736602, 212.27557445736602, 207.64983745734207, 207.64983745734207, 203.0290373323951, 203.0290373323951, 198.39756120741367, 198.39756120741367, 193.74393670726568, 193.74393670726568, 189.12229545717128, 189.12229545717128, 184.50638978998177, 184.50638978998177, 179.8883440401405, 179.8883440401405, 175.26932133222, 175.26932133222, 170.6555542491842, 170.6555542491842, 166.03665962419473, 166.03665962419473, 161.42752624931745, 161.42752624931745, 156.78211437445134, 156.78211437445134, 152.16511249938048, 152.16511249938048, 147.5558117495384, 147.5558117495384, 142.9416090415325, 142.9416090415325, 138.32209862442687, 138.32209862442687, 133.70477366633713, 133.70477366633713, 129.06581841618754, 129.06581841618754, 124.44590420811437, 124.44590420811437, 119.83369883312844, 119.83369883312844, 115.22307520802133, 115.22307520802133, 110.61277079116553, 110.61277079116553, 105.90476020728238, 105.90476020728238, 101.03986891615205, 101.03986891615205, 96.41185049922206, 96.41185049922206, 91.80020549916662, 91.80020549916662, 87.1575264162384, 87.1575264162384, 82.53243641625158, 82.53243641625158, 77.91105720726773, 77.91105720726773, 73.26726645720191, 73.26726645720191, 68.64744404004887, 68.64744404004887, 64.03267203993164, 64.03267203993164, 59.421322664711624, 59.421322664711624, 54.80257824785076, 54.80257824785076], "b_time_left": [240, 235.3834043329116, 235.3834043329116, 230.77109412499703, 230.77109412499703, 226.14687616704032, 226.14687616704032, 221.49051279202104, 221.49051279202104, 216.8706637090072, 216.8706637090072, 212.24578375113197, 212.24578375113197, 207.62111108424142, 207.62111108424142, 203.0084568343591, 203.0084568343591, 198.39164054230787, 198.39164054230787, 193.75845095911063, 193.75845095911063, 189.10619995906018, 189.10619995906018, 184.4738684592303, 184.4738684592303, 179.8589422092773, 179.8589422092773, 175.2374644591473, 175.2374644591473, 170.6075968341902, 170.6075968341902, 165.98049695929512, 165.98049695929512, 161.35806966829114, 161.35806966829114, 156.73982754326425, 156.73982754326425, 152.13014204334468, 152.13014204334468, 147.51628254330717, 147.51628254330717, 142.89599829353392, 142.89599829353392, 138.27757087652571, 138.27757087652571, 133.6639075013809, 133.6639075013809, 128.95199954346754, 128.95199954346754, 124.34257366857491, 124.34257366857491, 119.71798679349013, 119.71798679349013, 115.098085710546, 115.098085710546, 110.48338133539073, 110.48338133539073, 105.86598533531651, 105.86598533531651, 101.2303940851707, 101.2303940851707, 96.61492908513173, 96.61492908513173, 91.90040908521041, 91.90040908521041, 87.27641925099306, 87.27641925099306, 82.65924625098705, 82.65924625098705, 78.0367361260578, 78.0367361260578, 73.41435141814873, 73.41435141814873, 68.8044757512398, 68.8044757512398, 64.18690654309466, 64.18690654309466, 59.48628070927225, 59.48628070927225, 54.87226200127043], "rat_caught": [false, false, false, false, false, false, false, false, true, false, false, false, false, false, false, false, false, false, false, false, false, false, false, false, false, false, false, false, false, false, false, true, false, false, false, false, false, false, false, true, false, false, false, false, false, false, false, false, false, false, false, false, false, false, false, false, false, false, false, true, false, false, false, false, false, false, false, false, true, false, false, false, false, false, false, false, false, false, false, true], "left_behind": ["prime", "prime", "prime", "prime", "plain", "carpet", "prime", "plain", "search", "prime", "plain", "search", "prime", "prime", "prime", "plain", "plain", "prime", "prime", "carpet", "prime", "plain", "prime", "search", "prime", "prime", "carpet", "prime", "plain", "carpet", "prime", "search", "carpet", "plain", "plain", "plain", "prime", "prime", "prime", "search", "carpet", "carpet", "plain", "plain", "plain", "plain", "prime", "prime", "carpet", "prime", "plain", "search", "prime", "prime", "prime", "prime", "prime", "carpet", "search", "search", "plain", "plain", "plain", "prime", "plain", "prime", "plain", "search", "search", "prime", "plain", "prime", "carpet", "prime", "plain", "prime", "plain", "carpet", "search", "search"], "errlog_a": "turns=40, last_best_rat_prob=0.560, last_search_target=(0, 1), last_eval=14.88, last_depth=128, search_miss_streak=0, search_gain=14.88, board_gain=-32.88, opp_threat=4.00, opp_setup_threat=4.00, search_threshold=0.460", "errlog_b": "turns=40, last_best_rat_prob=0.844, last_search_target=(1, 0), last_eval=29.34, last_depth=766, search_miss_streak=1, search_gain=29.34, board_gain=17.96, opp_threat=0.00, opp_setup_threat=2.70, search_threshold=0.500", "start_time": 240, "start_moves": 80, "turn_count": 80, "result": 1, "reason": "POINTS", "trapdoors": [[3, 1], [3, 1], [2, 1], [2, 1], [2, 2], [2, 3], [2, 3], [2, 4], [2, 4], [0, 3], [1, 3], [1, 4], [1, 4], [1, 4], [1, 3], [1, 4], [1, 4], [1, 4], [1, 4], [1, 4], [1, 4], [1, 4], [1, 5], [1, 6], [1, 6], [1, 6], [1, 6], [2, 6], [2, 6], [2, 6], [2, 6], [2, 6], [4, 2], [4, 2], [5, 2], [5, 2], [5, 2], [5, 2], [4, 2], [5, 2], [5, 1], [5, 1], [5, 1], [5, 1], [5, 1], [5, 1], [5, 0], [5, 0], [5, 0], [5, 0], [5, 0], [5, 0], [4, 0], [4, 0], [4, 0], [4, 1], [4, 1], [4, 1], [4, 1], [4, 1], [5, 5], [5, 5], [5, 5], [5, 5], [5, 4], [5, 3], [5, 3], [6, 3], [6, 3], [1, 0], [1, 0], [1, 0], [1, 0], [1, 0], [0, 0], [0, 0], [0, 0], [0, 0], [1, 0], [1, 0], [2, 2]], "spawn_a": [3, 2], "spawn_b": [4, 2]}