{"pos": [[2, 4], [4, 5], [2, 3], [4, 4], [2, 2], [3, 4], [2, 1], [3, 3], [2, 5], [4, 3], [3, 5], [4, 2], [3, 3], [4, 2], [4, 3], [5, 2], [4, 3], [5, 2], [5, 3], [6, 2], [5, 4], [7, 2], [5, 2], [7, 3], [5, 3], [6, 3], [4, 3], [6, 4], [4, 5], [6, 5], [4, 6], [7, 5], [3, 6], [5, 5], [3, 5], [5, 4], [3, 4], [4, 4], [3, 6], [6, 4], [3, 7], [6, 2], [4, 7], [6, 2], [3, 7], [6, 2], [3, 6], [6, 3], [3, 5], [6, 4], [3, 4], [7, 4], [2, 4], [7, 5], [2, 4], [7, 2], [1, 4], [7, 2], [0, 4], [7, 3], [0, 3], [7, 3], [1, 3], [7, 4], [1, 4], [7, 5], [1, 5], [6, 5], [1, 5], [5, 5], [1, 5], [5, 4], [0, 5], [4, 4], [0, 3], [4, 5], [1, 3], [4, 7], [2, 3], [4, 6]], "a_points": [1, 1, 2, 2, 3, 3, 4, 4, 10, 10, 10, 10, 12, 12, 11, 11, 9, 9, 9, 9, 10, 10, 12, 12, 12, 12, 12, 12, 14, 14, 14, 14, 15, 15, 16, 16, 17, 17, 19, 19, 19, 19, 19, 19, 20, 20, 21, 21, 21, 21, 21, 21, 21, 21, 19, 19, 19, 19, 19, 19, 20, 20, 21, 21, 22, 22, 23, 23, 21, 21, 25, 25, 26, 26, 28, 28, 27, 27, 27, 27], "b_points": [0, 1, 1, 2, 2, 3, 3, 4, 4, 5, 5, 6, 6, 4, 4, 5, 5, 9, 9, 10, 10, 11, 11, 12, 12, 13, 13, 14, 14, 15, 15, 16, 16, 18, 18, 18, 18, 19, 19, 21, 21, 23, 23, 21, 21, 19, 19, 19, 19, 19, 19, 19, 19, 20, 20, 24, 24, 28, 28, 28, 28, 26, 26, 26, 26, 26, 26, 27, 27, 27, 27, 27, 27, 27, 27, 27, 27, 29, 29, 29], "a_turns_left": [39, 39, 38, 38, 37, 37, 36, 36, 35, 35, 34, 34, 33, 33, 32, 32, 31, 31, 30, 30, 29, 29, 28, 28, 27, 27, 26, 26, 25, 25, 24, 24, 23, 23, 22, 22, 21, 21, 20, 20, 19, 19, 18, 18, 17, 17, 16, 16, 15, 15, 14, 14, 13, 13, 12, 12, 11, 11, 10, 10, 9, 9, 8, 8, 7, 7, 6, 6, 5, 5, 4, 4, 3, 3, 2, 2, 1, 1, 0, 0], "b_turns_left": [40, 39, 39, 38, 38, 37, 37, 36, 36, 35, 35, 34, 34, 33, 33, 32, 32, 31, 31, 30, 30, 29, 29, 28, 28, 27, 27, 26, 26, 25, 25, 24, 24, 23, 23, 22, 22, 21, 21, 20, 20, 19, 19, 18, 18, 17, 17, 16, 16, 15, 15, 14, 14, 13, 13, 12, 12, 11, 11, 10, 10, 9, 9, 8, 8, 7, 7, 6, 6, 5, 5, 4, 4, 3, 3, 2, 2, 1, 1, 0], "a_time_left": [235.39082770911045, 235.39082770911045, 230.7804722089786, 230.7804722089786, 226.16857512597926, 226.16857512597926, 221.55474508390762, 221.55474508390762, 216.93567925086245, 216.93567925086245, 212.31725812586956, 212.31725812586956, 207.67878158390522, 207.67878158390522, 203.059272833867, 203.059272833867, 198.43738358397968, 198.43738358397968, 193.80460783396848, 193.80460783396848, 189.17614445881918, 189.17614445881918, 184.5657769588288, 184.5657769588288, 179.94570545875467, 179.94570545875467, 175.33225729176775, 175.33225729176775, 170.7162897088565, 170.7162897088565, 166.09946437575854, 166.09946437575854, 161.487352542812, 161.487352542812, 156.87493300181814, 156.87493300181814, 152.2515767107252, 152.2515767107252, 147.63776546064764, 147.63776546064764, 143.01421008561738, 143.01421008561738, 138.39533608569764, 138.39533608569764, 133.77483625267632, 133.77483625267632, 129.15918741957285, 129.15918741957285, 124.53877562843263, 124.53877562843263, 119.9026379196439, 119.9026379196439, 115.2932099616155, 115.2932099616155, 110.67980375373736, 110.67980375373736, 106.06092017074116, 106.06092017074116, 101.44061337877065, 101.44061337877065, 96.82628629473038, 96.82628629473038, 92.19432333670557, 92.19432333670557, 87.50524346181192, 87.50524346181192, 82.88632866973057, 82.88632866973057, 78.2694892117288, 78.2694892117288, 73.61397825367749, 73.61397825367749, 68.97416771156713, 68.97416771156713, 64.3618425866589, 64.3618425866589, 59.74484279565513, 59.74484279565513, 55.12827896256931, 55.12827896256931], "b_time_left": [240, 235.3882537081372, 235.3882537081372, 230.77690033311956, 230.77690033311956, 226.1592870003078, 226.1592870003078, 221.54184654238634, 221.54184654238634, 216.89779612538405, 216.89779612538405, 212.27049558446743, 212.27049558446743, 207.65525420941412, 207.65525420941412, 203.03716208436526, 203.03716208436526, 198.4125566263683, 198.4125566263683, 193.80134833534248, 193.80134833534248, 189.18586700223386, 189.18586700223386, 184.57931466819718, 184.57931466819718, 179.96260104328394, 179.96260104328394, 175.34249925147742, 175.34249925147742, 170.72512233443558, 170.72512233443558, 166.10966841736808, 166.10966841736808, 161.48422954254784, 161.48422954254784, 156.870062334463, 156.870062334463, 152.24806370935403, 152.24806370935403, 147.63126129331067, 147.63126129331067, 143.0096190434415, 143.0096190434415, 138.39420087635517, 138.39420087635517, 133.78162875119597, 133.78162875119597, 129.16147570917383, 129.16147570917383, 124.5467757510487, 124.5467757510487, 119.92612954298966, 119.92612954298966, 115.30324704316445, 115.30324704316445, 110.68247375125065, 110.68247375125065, 106.05176570918411, 106.05176570918411, 101.43688987614587, 101.43688987614587, 96.82431771000847, 96.82431771000847, 92.21522954385728, 92.21522954385728, 87.59892108500935, 87.59892108500935, 82.9793114180211, 82.9793114180211, 78.33573079295456, 78.33573079295456, 73.70868062600493, 73.70868062600493, 69.08900258410722, 69.08900258410722, 64.46855633403175, 64.46855633403175, 59.85769425006583, 59.85769425006583, 55.238936624955386], "rat_caught": [false, false, false, false, false, false, false, false, false, false, false, false, false, false, false, false, false, true, false, false, false, false, false, false, false, false, false, false, false, false, false, false, false, false, false, false, false, false, false, false, false, false, false, false, false, false, false, false, false, false, false, false, false, false, false, false, false, true, false, false, false, false, false, false, false, false, false, false, false, false, true, false, false, false, false, false, false, false, false, false], "left_behind": ["prime", "prime", "prime", "prime", "prime", "prime", "prime", "prime", "carpet", "prime", "plain", "prime", "carpet", "search", "carpet", "prime", "search", "search", "plain", "prime", "prime", "prime", "carpet", "prime", "plain", "prime", "plain", "prime", "carpet", "prime", "plain", "prime", "prime", "carpet", "prime", "plain", "prime", "prime", "carpet", "carpet", "plain", "carpet", "plain", "search", "prime", "search", "prime", "plain", "plain", "plain", "plain", "plain", "plain", "prime", "search", "carpet", "plain", "search", "plain", "plain", "prime", "search", "prime", "plain", "prime", "plain", "prime", "prime", "search", "plain", "search", "plain", "prime", "plain", "carpet", "plain", "carpet", "carpet", "plain", "plain"], "errlog_a": "turns=40, last_best_rat_prob=0.345, last_search_target=(6, 4), last_eval=-15.96, last_depth=208, search_miss_streak=0, search_gain=-999999998.00, board_gain=-71.58, opp_threat=0.00, opp_setup_threat=0.00, search_threshold=0.460", "errlog_b": "turns=40, last_best_rat_prob=0.561, last_search_target=(4, 2), last_eval=32.57, last_depth=1230, search_miss_streak=1, search_gain=48.57, board_gain=62.57, opp_threat=0.00, opp_setup_threat=2.70, search_threshold=0.500", "start_time": 240, "start_moves": 80, "turn_count": 80, "result": 1, "reason": "POINTS", "trapdoors": [[4, 3], [4, 3], [5, 3], [6, 3], [6, 3], [6, 3], [6, 3], [6, 3], [6, 3], [6, 3], [6, 3], [6, 3], [5, 3], [4, 3], [4, 2], [4, 2], [4, 2], [4, 2], [7, 5], [7, 5], [6, 5], [5, 5], [4, 5], [4, 6], [3, 6], [3, 6], [3, 6], [3, 6], [3, 6], [3, 6], [3, 6], [3, 6], [3, 6], [3, 6], [3, 6], [3, 5], [4, 5], [4, 5], [4, 5], [4, 5], [4, 5], [4, 6], [4, 7], [4, 7], [5, 7], [6, 7], [7, 7], [6, 7], [7, 7], [7, 6], [7, 6], [7, 6], [7, 6], [7, 6], [7, 6], [7, 6], [7, 5], [7, 5], [1, 5], [2, 5], [2, 5], [2, 5], [2, 5], [2, 5], [2, 6], [2, 6], [2, 7], [2, 7], [1, 7], [1, 7], [1, 6], [7, 6], [7, 6], [7, 5], [7, 5], [7, 5], [7, 5], [7, 4], [6, 4], [6, 4], [6, 4]], "spawn_a": [2, 5], "spawn_b": [5, 5]}