{"pos": [[2, 4], [5, 4], [2, 3], [5, 3], [2, 2], [5, 2], [2, 1], [5, 1], [2, 0], [5, 0], [2, 5], [5, 5], [3, 5], [4, 5], [3, 4], [4, 5], [3, 3], [4, 4], [4, 3], [4, 4], [4, 2], [5, 4], [4, 5], [4, 4], [4, 6], [4, 5], [3, 6], [3, 5], [2, 6], [3, 3], [2, 7], [3, 2], [2, 7], [3, 2], [3, 7], [3, 1], [2, 7], [4, 1], [2, 6], [4, 2], [2, 5], [5, 2], [2, 5], [3, 2], [1, 5], [2, 2], [0, 5], [2, 2], [0, 4], [2, 1], [1, 4], [2, 0], [1, 3], [3, 0], [1, 3], [4, 0], [0, 3], [4, 0], [1, 3], [5, 0], [1, 5], [2, 0], [1, 4], [3, 0], [2, 4], [4, 0], [2, 5], [5, 0], [2, 7], [5, 1], [2, 6], [5, 1], [4, 6], [3, 1], [4, 7], [3, 2], [4, 6], [3, 2], [4, 6], [3, 3]], "a_points": [1, 1, 2, 2, 3, 3, 4, 4, 5, 5, 15, 15, 15, 15, 16, 16, 17, 17, 18, 18, 19, 19, 23, 23, 23, 23, 24, 24, 25, 25, 25, 25, 23, 23, 23, 23, 24, 24, 25, 25, 26, 26, 30, 30, 30, 30, 31, 31, 32, 32, 33, 33, 34, 34, 32, 32, 32, 32, 33, 33, 35, 35, 35, 35, 35, 35, 35, 35, 37, 37, 37, 37, 39, 39, 39, 39, 40, 40, 44, 44], "b_points": [0, 1, 1, 2, 2, 3, 3, 4, 4, 5, 5, 15, 15, 15, 15, 13, 13, 14, 14, 18, 18, 19, 19, 19, 19, 19, 19, 18, 18, 20, 20, 20, 20, 18, 18, 19, 19, 20, 20, 21, 21, 22, 22, 24, 24, 24, 24, 22, 22, 22, 22, 22, 22, 23, 23, 24, 24, 22, 22, 23, 23, 27, 27, 27, 27, 27, 27, 27, 27, 28, 28, 26, 26, 28, 28, 28, 28, 26, 26, 26], "a_turns_left": [39, 39, 38, 38, 37, 37, 36, 36, 35, 35, 34, 34, 33, 33, 32, 32, 31, 31, 30, 30, 29, 29, 28, 28, 27, 27, 26, 26, 25, 25, 24, 24, 23, 23, 22, 22, 21, 21, 20, 20, 19, 19, 18, 18, 17, 17, 16, 16, 15, 15, 14, 14, 13, 13, 12, 12, 11, 11, 10, 10, 9, 9, 8, 8, 7, 7, 6, 6, 5, 5, 4, 4, 3, 3, 2, 2, 1, 1, 0, 0], "b_turns_left": [40, 39, 39, 38, 38, 37, 37, 36, 36, 35, 35, 34, 34, 33, 33, 32, 32, 31, 31, 30, 30, 29, 29, 28, 28, 27, 27, 26, 26, 25, 25, 24, 24, 23, 23, 22, 22, 21, 21, 20, 20, 19, 19, 18, 18, 17, 17, 16, 16, 15, 15, 14, 14, 13, 13, 12, 12, 11, 11, 10, 10, 9, 9, 8, 8, 7, 7, 6, 6, 5, 5, 4, 4, 3, 3, 2, 2, 1, 1, 0], "a_time_left": [235.3791555839125, 235.3791555839125, 230.76620749989524, 230.76620749989524, 226.14981229184195, 226.14981229184195, 221.53892279183492, 221.53892279183492, 216.92547133285552, 216.92547133285552, 212.3095809998922, 212.3095809998922, 207.69656516681425, 207.69656516681425, 203.07980029191822, 203.07980029191822, 198.41881287493743, 198.41881287493743, 193.79940029093996, 193.79940029093996, 189.18524799891748, 189.18524799891748, 184.57079283194616, 184.57079283194616, 179.96114070690237, 179.96114070690237, 175.35166512290016, 175.35166512290016, 170.74060912290588, 170.74060912290588, 166.1341372479219, 166.1341372479219, 161.37806887296028, 161.37806887296028, 156.76807349803858, 156.76807349803858, 152.1607494149357, 152.1607494149357, 147.5486589979846, 147.5486589979846, 142.9403886650689, 142.9403886650689, 138.329306372907, 138.329306372907, 133.71970541402698, 133.71970541402698, 129.11143074696884, 129.11143074696884, 124.50184562196955, 124.50184562196955, 119.89246845501475, 119.89246845501475, 115.28266220493242, 115.28266220493242, 110.67094674613327, 110.67094674613327, 106.06299545406364, 106.06299545406364, 101.45190399605781, 101.45190399605781, 96.84383207908832, 96.84383207908832, 92.228920746129, 92.228920746129, 87.61596149625257, 87.61596149625257, 83.00561299617402, 83.00561299617402, 78.39765228820033, 78.39765228820033, 73.79021874605678, 73.79021874605678, 69.17912882892415, 69.17912882892415, 64.5726382038556, 64.5726382038556, 59.96631086966954, 59.96631086966954, 55.35741507774219, 55.35741507774219], "b_time_left": [240, 235.38381979218684, 235.38381979218684, 230.76831275015138, 230.76831275015138, 226.15756887523457, 226.15756887523457, 221.54537266725674, 221.54537266725674, 216.93058591731824, 216.93058591731824, 212.31832879246213, 212.31832879246213, 207.70093454257585, 207.70093454257585, 203.08524741767906, 203.08524741767906, 198.42513862554915, 198.42513862554915, 193.8008961675223, 193.8008961675223, 189.18771158438176, 189.18771158438176, 184.57838666718453, 184.57838666718453, 179.96726283314638, 179.96726283314638, 175.35610791714862, 175.35610791714862, 170.74964120821096, 170.74964120821096, 166.14082820829935, 166.14082820829935, 161.525011083344, 161.525011083344, 156.91584216617048, 156.91584216617048, 152.30488087516278, 152.30488087516278, 147.69403712498024, 147.69403712498024, 143.08496220805682, 143.08496220805682, 138.47454766603187, 138.47454766603187, 133.8653532071039, 133.8653532071039, 129.24941179109737, 129.24941179109737, 124.64435241604224, 124.64435241604224, 120.03601274895482, 120.03601274895482, 115.42602312401868, 115.42602312401868, 110.81560370791703, 110.81560370791703, 106.20544562512077, 106.20544562512077, 101.59542045812123, 101.59542045812123, 96.96869979123585, 96.96869979123585, 92.35778695717454, 92.35778695717454, 87.74566908203997, 87.74566908203997, 83.13314487412572, 83.13314487412572, 78.52222504117526, 78.52222504117526, 73.91248325025663, 73.91248325025663, 69.30483650020324, 69.30483650020324, 64.69585275021382, 64.69585275021382, 60.08834020816721, 60.08834020816721, 55.48058591620065], "rat_caught": [false, false, false, false, false, false, false, false, false, false, false, false, false, false, false, false, false, false, false, true, false, false, false, false, false, false, false, false, false, false, false, false, false, false, false, false, false, false, false, false, false, false, true, false, false, false, false, false, false, false, false, false, false, false, false, false, false, false, false, false, false, false, false, false, false, false, false, false, false, false, false, false, false, false, false, false, false, false, true, false], "left_behind": ["prime", "prime", "prime", "prime", "prime", "prime", "prime", "prime", "prime", "prime", "carpet", "carpet", "plain", "plain", "prime", "search", "prime", "prime", "prime", "search", "prime", "prime", "carpet", "plain", "plain", "plain", "prime", "carpet", "prime", "carpet", "plain", "plain", "search", "search", "plain", "prime", "prime", "prime", "prime", "prime", "prime", "prime", "search", "carpet", "plain", "plain", "prime", "search", "prime", "plain", "prime", "plain", "prime", "prime", "search", "prime", "plain", "search", "prime", "prime", "carpet", "carpet", "plain", "plain", "plain", "plain", "plain", "plain", "carpet", "prime", "plain", "search", "carpet", "carpet", "plain", "plain", "prime", "search", "search", "plain"], "errlog_a": "turns=40, last_best_rat_prob=0.596, last_search_target=(6, 5), last_eval=22.16, last_depth=369, search_miss_streak=1, search_gain=22.16, board_gain=21.22, opp_threat=0.00, opp_setup_threat=0.00, search_threshold=0.560", "errlog_b": "turns=40, last_best_rat_prob=0.208, last_search_target=(7, 4), last_eval=-444.48, last_depth=1228, search_miss_streak=5, search_gain=-1000000000.00, board_gain=23.84, opp_threat=0.00, opp_setup_threat=0.00, search_threshold=0.610", "start_time": 240, "start_moves": 80, "turn_count": 80, "result": 0, "reason": "POINTS", "trapdoors": [[7, 3], [7, 4], [7, 4], [7, 4], [7, 4], [7, 4], [7, 5], [7, 5], [7, 5], [7, 5], [6, 5], [6, 5], [6, 4], [6, 4], [6, 4], [5, 4], [5, 4], [5, 5], [4, 5], [4, 5], [1, 5], [1, 4], [1, 4], [1, 4], [1, 4], [1, 4], [1, 4], [1, 3], [1, 2], [1, 1], [1, 0], [1, 0], [2, 0], [3, 0], [4, 0], [4, 0], [5, 0], [6, 0], [6, 0], [6, 0], [6, 0], [6, 0], [7, 0], [2, 5], [2, 6], [3, 6], [3, 6], [3, 6], [3, 5], [3, 5], [2, 5], [2, 4], [2, 3], [3, 3], [3, 3], [3, 3], [3, 3], [3, 3], [3, 3], [3, 4], [3, 4], [3, 3], [3, 3], [4, 3], [4, 3], [4, 3], [4, 3], [4, 3], [4, 4], [4, 4], [4, 4], [5, 4], [5, 4], [5, 5], [5, 5], [5, 5], [5, 5], [6, 5], [6, 5], [7, 4], [7, 4]], "spawn_a": [2, 5], "spawn_b": [5, 5]}