{"pos": [[3, 3], [4, 3], [3, 4], [4, 4], [2, 4], [5, 4], [4, 4], [5, 3], [4, 2], [5, 2], [4, 1], [5, 2], [5, 1], [5, 2], [4, 1], [5, 4], [3, 1], [6, 4], [3, 0], [6, 5], [3, 3], [5, 5], [3, 4], [4, 5], [3, 5], [4, 5], [2, 5], [3, 5], [2, 4], [3, 6], [2, 5], [3, 5], [2, 4], [6, 5], [1, 4], [6, 5], [1, 3], [7, 5], [1, 2], [7, 4], [2, 2], [7, 4], [2, 3], [7, 3], [3, 3], [6, 3], [3, 4], [5, 3], [1, 4], [5, 2], [2, 4], [5, 3], [2, 5], [5, 1], [2, 5], [5, 0], [2, 6], [5, 1], [3, 6], [5, 2], [3, 7], [5, 2], [4, 7], [5, 3], [5, 7], [7, 3], [5, 6], [7, 3], [4, 6], [7, 5], [5, 6], [6, 5], [5, 5], [7, 5], [5, 5], [6, 5], [5, 7], [5, 5], [5, 6], [4, 5]], "a_points": [1, 1, 2, 2, 3, 3, 5, 5, 7, 7, 7, 7, 7, 7, 8, 8, 9, 9, 10, 10, 14, 14, 14, 14, 14, 14, 14, 14, 15, 15, 14, 14, 14, 14, 15, 15, 16, 16, 17, 17, 18, 18, 19, 19, 20, 20, 20, 20, 22, 22, 22, 22, 22, 22, 26, 26, 26, 26, 27, 27, 28, 28, 29, 29, 30, 30, 31, 31, 31, 31, 32, 32, 33, 33, 37, 37, 39, 39, 39, 39], "b_points": [0, 1, 1, 2, 2, 3, 3, 4, 4, 5, 5, 3, 3, 7, 7, 9, 9, 9, 9, 10, 10, 11, 11, 12, 12, 16, 16, 17, 17, 18, 18, 17, 17, 21, 21, 19, 19, 19, 19, 20, 20, 24, 24, 25, 25, 26, 26, 27, 27, 27, 27, 28, 28, 30, 30, 30, 30, 31, 31, 31, 31, 35, 35, 35, 35, 37, 37, 41, 41, 43, 43, 43, 43, 43, 43, 43, 43, 43, 43, 43], "a_turns_left": [39, 39, 38, 38, 37, 37, 36, 36, 35, 35, 34, 34, 33, 33, 32, 32, 31, 31, 30, 30, 29, 29, 28, 28, 27, 27, 26, 26, 25, 25, 24, 24, 23, 23, 22, 22, 21, 21, 20, 20, 19, 19, 18, 18, 17, 17, 16, 16, 15, 15, 14, 14, 13, 13, 12, 12, 11, 11, 10, 10, 9, 9, 8, 8, 7, 7, 6, 6, 5, 5, 4, 4, 3, 3, 2, 2, 1, 1, 0, 0], "b_turns_left": [40, 39, 39, 38, 38, 37, 37, 36, 36, 35, 35, 34, 34, 33, 33, 32, 32, 31, 31, 30, 30, 29, 29, 28, 28, 27, 27, 26, 26, 25, 25, 24, 24, 23, 23, 22, 22, 21, 21, 20, 20, 19, 19, 18, 18, 17, 17, 16, 16, 15, 15, 14, 14, 13, 13, 12, 12, 11, 11, 10, 10, 9, 9, 8, 8, 7, 7, 6, 6, 5, 5, 4, 4, 3, 3, 2, 2, 1, 1, 0], "a_time_left": [235.3896483751014, 235.3896483751014, 230.77971533313394, 230.77971533313394, 226.16778829135, 226.16778829135, 221.55873083346523, 221.55873083346523, 216.94759866641834, 216.94759866641834, 212.3377913334407, 212.3377913334407, 207.71594420843758, 207.71594420843758, 203.09753654245287, 203.09753654245287, 198.48768570949323, 198.48768570949323, 193.87465745955706, 193.87465745955706, 189.26479416736402, 189.26479416736402, 184.65737033449113, 184.65737033449113, 180.0500900435727, 180.0500900435727, 175.44080779352225, 175.44080779352225, 170.8322355854325, 170.8322355854325, 166.22037062747404, 166.22037062747404, 161.61128062731586, 161.61128062731586, 156.99973150226288, 156.99973150226288, 152.38622600235976, 152.38622600235976, 147.77345612738281, 147.77345612738281, 143.15172208636068, 143.15172208636068, 138.5323751284741, 138.5323751284741, 133.91877775336616, 133.91877775336616, 129.2899826283101, 129.2899826283101, 124.67305454518646, 124.67305454518646, 120.05649767024443, 120.05649767024443, 115.44516850309446, 115.44516850309446, 110.83045762823895, 110.83045762823895, 106.21961696119979, 106.21961696119979, 101.61201912816614, 101.61201912816614, 97.00263079511933, 97.00263079511933, 92.38715804531239, 92.38715804531239, 87.77596837934107, 87.77596837934107, 83.16683242144063, 83.16683242144063, 78.5581838793587, 78.5581838793587, 73.94177971337922, 73.94177971337922, 69.33036238024943, 69.33036238024943, 64.71969646331854, 64.71969646331854, 60.11301279626787, 60.11301279626787, 55.50750029622577, 55.50750029622577], "b_time_left": [240, 235.3816348328255, 235.3816348328255, 230.76662420784123, 230.76662420784123, 226.15389604168013, 226.15389604168013, 221.5445959167555, 221.5445959167555, 216.93470833287574, 216.93470833287574, 212.31558908289298, 212.31558908289298, 207.69961270783097, 207.69961270783097, 203.08230941579677, 203.08230941579677, 198.47307391581126, 198.47307391581126, 193.86122533283196, 193.86122533283196, 189.24953820789233, 189.24953820789233, 184.63907158281654, 184.63907158281654, 180.0261183329858, 180.0261183329858, 175.41576379118487, 175.41576379118487, 170.80477541615255, 170.80477541615255, 166.19528187415563, 166.19528187415563, 161.58108995715156, 161.58108995715156, 156.96449812315404, 156.96449812315404, 152.354711873224, 152.354711873224, 147.73982991511002, 147.73982991511002, 143.1216256651096, 143.1216256651096, 138.50484229018912, 138.50484229018912, 133.89594783098437, 133.89594783098437, 129.28142278897576, 129.28142278897576, 124.65560520580038, 124.65560520580038, 120.03725224779919, 120.03725224779919, 115.42918149777688, 115.42918149777688, 110.81681799795479, 110.81681799795479, 106.20686370600015, 106.20686370600015, 101.60091495583765, 101.60091495583765, 96.98869683081284, 96.98869683081284, 92.38206470594741, 92.38206470594741, 87.77359953895211, 87.77359953895211, 83.14984487299807, 83.14984487299807, 78.53633703989908, 78.53633703989908, 73.92207945603877, 73.92207945603877, 69.30979245598428, 69.30979245598428, 64.70369683089666, 64.70369683089666, 60.0965227058623, 60.0965227058623, 55.493111580843106], "rat_caught": [false, false, false, false, false, false, false, false, false, false, false, false, false, true, false, false, false, false, false, false, false, false, false, false, false, true, false, false, false, false, false, false, false, false, false, false, false, false, false, false, false, true, false, false, false, false, false, false, false, false, false, false, false, false, true, false, false, false, false, false, false, true, false, false, false, false, false, true, false, false, false, false, false, false, true, false, false, false, false, false], "left_behind": ["prime", "prime", "prime", "prime", "prime", "prime", "carpet", "prime", "carpet", "prime", "plain", "search", "plain", "search", "prime", "carpet", "prime", "plain", "prime", "prime", "carpet", "prime", "plain", "prime", "plain", "search", "plain", "prime", "prime", "prime", "carpet", "carpet", "plain", "carpet", "prime", "search", "prime", "plain", "prime", "prime", "prime", "search", "prime", "prime", "prime", "prime", "plain", "prime", "carpet", "plain", "plain", "prime", "plain", "carpet", "search", "plain", "plain", "prime", "prime", "plain", "prime", "search", "prime", "plain", "prime", "carpet", "prime", "search", "plain", "carpet", "prime", "plain", "prime", "plain", "search", "plain", "carpet", "plain", "plain", "plain"], "errlog_a": "turns=40, last_best_rat_prob=0.389, last_search_target=(7, 4), last_eval=-46.27, last_depth=341, search_miss_streak=0, search_gain=-1000000004.00, board_gain=65.28, opp_threat=0.00, opp_setup_threat=5.80, search_threshold=0.460", "errlog_b": "turns=40, last_best_rat_prob=0.249, last_search_target=(7, 3), last_eval=71.24, last_depth=1505, search_miss_streak=0, search_gain=-1000000000.00, board_gain=-22.55, opp_threat=4.00, opp_setup_threat=4.00, search_threshold=0.470", "start_time": 240, "start_moves": 80, "turn_count": 80, "result": 1, "reason": "POINTS", "trapdoors": [[6, 4], [6, 3], [6, 3], [6, 3], [6, 3], [6, 3], [6, 3], [6, 2], [7, 2], [7, 2], [6, 2], [6, 2], [6, 2], [6, 2], [7, 5], [7, 6], [7, 6], [6, 6], [5, 6], [5, 6], [5, 6], [5, 6], [5, 6], [5, 6], [5, 5], [5, 5], [0, 6], [0, 5], [0, 5], [0, 5], [0, 4], [0, 4], [0, 4], [0, 3], [0, 2], [0, 1], [0, 1], [0, 1], [0, 1], [0, 1], [0, 1], [0, 1], [0, 3], [0, 4], [0, 4], [0, 4], [0, 3], [0, 3], [0, 2], [0, 3], [1, 3], [1, 3], [1, 3], [1, 3], [1, 3], [1, 5], [1, 5], [1, 5], [1, 5], [1, 5], [1, 5], [1, 4], [7, 6], [7, 7], [7, 7], [7, 7], [7, 7], [6, 7], [3, 0], [4, 0], [4, 0], [4, 0], [5, 0], [5, 0], [6, 0], [5, 3], [5, 3], [4, 3], [4, 3], [4, 3], [4, 3]], "spawn_a": [3, 2], "spawn_b": [4, 2]}