{"pos": [[3, 3], [4, 3], [3, 4], [4, 4], [2, 4], [5, 4], [4, 4], [5, 3], [4, 2], [5, 2], [4, 3], [5, 1], [5, 3], [4, 1], [6, 3], [3, 1], [6, 4], [3, 1], [7, 4], [2, 1], [5, 4], [2, 0], [5, 5], [3, 0], [5, 6], [3, 2], [4, 6], [2, 2], [4, 5], [2, 2], [3, 5], [2, 3], [2, 5], [2, 4], [3, 5], [2, 3], [3, 4], [2, 3], [2, 4], [1, 3], [2, 3], [1, 4], [2, 3], [2, 4], [2, 0], [2, 3], [3, 0], [2, 5], [4, 0], [5, 5], [5, 0], [4, 5], [5, 0], [3, 5], [5, 2], [3, 6], [6, 2], [3, 7], [7, 2], [2, 7], [7, 3], [2, 6], [7, 3], [2, 5], [7, 4], [2, 5], [7, 2], [2, 7], [7, 2], [2, 7], [6, 2], [2, 6], [5, 2], [2, 6], [5, 3], [2, 6], [4, 3], [5, 6], [4, 2], [5, 5]], "a_points": [1, 1, 2, 2, 3, 3, 5, 5, 7, 7, 7, 7, 6, 6, 6, 6, 7, 7, 8, 8, 10, 10, 10, 10, 11, 11, 12, 12, 13, 13, 14, 14, 14, 14, 15, 15, 16, 16, 16, 16, 15, 15, 19, 19, 23, 23, 23, 23, 24, 24, 25, 25, 29, 29, 31, 31, 31, 31, 31, 31, 32, 32, 30, 30, 31, 31, 33, 33, 37, 37, 37, 37, 38, 38, 38, 38, 38, 38, 38, 38], "b_points": [0, 1, 1, 2, 2, 3, 3, 4, 4, 5, 5, 6, 6, 7, 7, 8, 8, 6, 6, 7, 7, 8, 8, 9, 9, 11, 11, 11, 11, 15, 15, 16, 16, 16, 16, 16, 16, 20, 20, 21, 21, 22, 22, 23, 23, 24, 24, 26, 26, 30, 30, 30, 30, 30, 30, 30, 30, 31, 31, 32, 32, 33, 33, 34, 34, 32, 32, 34, 34, 32, 32, 32, 32, 36, 36, 40, 40, 44, 44, 44], "a_turns_left": [39, 39, 38, 38, 37, 37, 36, 36, 35, 35, 34, 34, 33, 33, 32, 32, 31, 31, 30, 30, 29, 29, 28, 28, 27, 27, 26, 26, 25, 25, 24, 24, 23, 23, 22, 22, 21, 21, 20, 20, 19, 19, 18, 18, 17, 17, 16, 16, 15, 15, 14, 14, 13, 13, 12, 12, 11, 11, 10, 10, 9, 9, 8, 8, 7, 7, 6, 6, 5, 5, 4, 4, 3, 3, 2, 2, 1, 1, 0, 0], "b_turns_left": [40, 39, 39, 38, 38, 37, 37, 36, 36, 35, 35, 34, 34, 33, 33, 32, 32, 31, 31, 30, 30, 29, 29, 28, 28, 27, 27, 26, 26, 25, 25, 24, 24, 23, 23, 22, 22, 21, 21, 20, 20, 19, 19, 18, 18, 17, 17, 16, 16, 15, 15, 14, 14, 13, 13, 12, 12, 11, 11, 10, 10, 9, 9, 8, 8, 7, 7, 6, 6, 5, 5, 4, 4, 3, 3, 2, 2, 1, 1, 0], "a_time_left": [235.3865412918385, 235.3865412918385, 230.72643500077538, 230.72643500077538, 226.11349050072022, 226.11349050072022, 221.49822787567973, 221.49822787567973, 216.88182650064118, 216.88182650064118, 212.26945887575857, 212.26945887575857, 207.64932983368635, 207.64932983368635, 203.02725341753103, 203.02725341753103, 198.41224658465944, 198.41224658465944, 193.7343334176112, 193.7343334176112, 189.11945408466272, 189.11945408466272, 184.51056241756305, 184.51056241756305, 179.8815817926079, 179.8815817926079, 175.2665077925194, 175.2665077925194, 170.6391495426651, 170.6391495426651, 166.02503116754815, 166.02503116754815, 161.38776929257438, 161.38776929257438, 156.77288025058806, 156.77288025058806, 152.15852733375505, 152.15852733375505, 147.5364822926931, 147.5364822926931, 142.91514083370566, 142.91514083370566, 138.29096091678366, 138.29096091678366, 133.67273291689344, 133.67273291689344, 129.032537457766, 129.032537457766, 124.41659579076804, 124.41659579076804, 119.80084499856457, 119.80084499856457, 115.17869945662096, 115.17869945662096, 110.55773858167231, 110.55773858167231, 105.93983978964388, 105.93983978964388, 101.32271841471083, 101.32271841471083, 96.69836124754511, 96.69836124754511, 91.54016437241808, 91.54016437241808, 86.92553745536134, 86.92553745536134, 82.29034499730915, 82.29034499730915, 77.6738482892979, 77.6738482892979, 73.06441924814135, 73.06441924814135, 68.45294245611876, 68.45294245611876, 63.83420987310819, 63.83420987310819, 59.22573233116418, 59.22573233116418, 54.611194915371016, 54.611194915371016], "b_time_left": [240, 235.3828768329695, 235.3828768329695, 230.73213395802304, 230.73213395802304, 226.1196659579873, 226.1196659579873, 221.5078495000489, 221.5078495000489, 216.89591708313674, 216.89591708313674, 212.2700596251525, 212.2700596251525, 207.64737420808524, 207.64737420808524, 203.03328983322717, 203.03328983322717, 198.40497170831077, 198.40497170831077, 193.77158537437208, 193.77158537437208, 189.1585494573228, 189.1585494573228, 184.54332558251917, 184.54332558251917, 179.92157808248885, 179.92157808248885, 175.29757879069075, 175.29757879069075, 170.66712949983776, 170.66712949983776, 166.04512224998325, 166.04512224998325, 161.42127758287825, 161.42127758287825, 156.8029147919733, 156.8029147919733, 152.1799551669974, 152.1799551669974, 147.56359391706064, 147.56359391706064, 142.94422862608917, 142.94422862608917, 138.33033100119792, 138.33033100119792, 133.69819716829807, 133.69819716829807, 129.0822687933687, 129.0822687933687, 124.46600900124758, 124.46600900124758, 119.85017737629823, 119.85017737629823, 115.24013358424418, 115.24013358424418, 110.63137762621045, 110.63137762621045, 106.01440750132315, 106.01440750132315, 101.3999715433456, 101.3999715433456, 96.75019071018323, 96.75019071018323, 92.11839408520609, 92.11839408520609, 87.50118712708354, 87.50118712708354, 82.87202941812575, 82.87202941812575, 78.25340845924802, 78.25340845924802, 73.64598970906809, 73.64598970906809, 69.01738970912993, 69.01738970912993, 64.39652954321355, 64.39652954321355, 59.78492229338735, 59.78492229338735, 55.036626460263506], "rat_caught": [false, false, false, false, false, false, false, false, false, false, false, false, false, false, false, false, false, false, false, false, false, false, false, false, false, false, false, false, false, true, false, false, false, false, false, false, false, true, false, false, false, false, true, false, false, false, false, false, false, false, false, false, true, false, false, false, false, false, false, false, false, false, false, false, false, false, false, false, true, false, false, false, false, true, false, true, false, false, false, false], "left_behind": ["prime", "prime", "prime", "prime", "prime", "prime", "carpet", "prime", "carpet", "prime", "plain", "prime", "carpet", "prime", "plain", "prime", "prime", "search", "prime", "prime", "carpet", "prime", "plain", "prime", "prime", "carpet", "prime", "plain", "prime", "search", "prime", "prime", "plain", "plain", "prime", "plain", "prime", "search", "plain", "prime", "carpet", "prime", "search", "prime", "carpet", "prime", "plain", "carpet", "prime", "carpet", "prime", "plain", "search", "plain", "carpet", "plain", "plain", "prime", "plain", "prime", "prime", "prime", "search", "prime", "prime", "search", "carpet", "carpet", "search", "search", "plain", "plain", "prime", "search", "plain", "search", "plain", "carpet", "plain", "plain"], "errlog_a": "turns=40, last_best_rat_prob=0.195, last_search_target=(6, 7), last_eval=-61.74, last_depth=148, search_miss_streak=0, search_gain=-1000000001.00, board_gain=-33.75, opp_threat=0.00, opp_setup_threat=0.35, search_threshold=0.460", "errlog_b": "turns=40, last_best_rat_prob=0.351, last_search_target=(0, 1), last_eval=75.85, last_depth=606, search_miss_streak=0, search_gain=-1000000000.00, board_gain=-6.07, opp_threat=2.00, opp_setup_threat=1.20, search_threshold=0.550", "start_time": 240, "start_moves": 80, "turn_count": 80, "result": 1, "reason": "POINTS", "trapdoors": [[7, 1], [7, 1], [7, 2], [7, 3], [7, 4], [7, 4], [7, 5], [7, 5], [7, 5], [7, 5], [7, 5], [7, 5], [7, 5], [6, 5], [6, 5], [6, 5], [6, 6], [6, 6], [6, 6], [6, 6], [6, 7], [6, 7], [6, 7], [6, 7], [7, 7], [7, 7], [6, 7], [6, 7], [6, 7], [6, 7], [6, 3], [6, 3], [6, 3], [6, 3], [6, 3], [6, 3], [6, 3], [6, 3], [0, 4], [0, 3], [1, 3], [1, 3], [1, 3], [6, 5], [6, 5], [6, 5], [6, 5], [6, 6], [6, 7], [6, 7], [7, 7], [7, 7], [7, 7], [0, 3], [0, 2], [0, 2], [0, 2], [0, 2], [0, 2], [0, 1], [0, 1], [0, 1], [1, 1], [1, 1], [1, 0], [2, 0], [3, 0], [3, 0], [3, 1], [4, 0], [4, 0], [4, 0], [5, 0], [5, 0], [1, 6], [2, 6], [0, 3], [0, 2], [0, 1], [0, 1], [0, 0]], "spawn_a": [3, 2], "spawn_b": [4, 2]}