{"pos": [[2, 4], [5, 4], [2, 3], [5, 3], [3, 3], [5, 2], [4, 3], [4, 2], [4, 4], [3, 2], [4, 5], [5, 2], [4, 6], [4, 2], [4, 3], [3, 2], [4, 3], [3, 3], [4, 4], [3, 2], [3, 4], [2, 2], [2, 4], [2, 1], [3, 4], [2, 0], [3, 2], [2, 2], [3, 1], [2, 3], [3, 0], [2, 3], [4, 0], [1, 3], [4, 1], [2, 3], [3, 1], [2, 2], [3, 2], [2, 4], [3, 0], [2, 5], [3, 0], [1, 5], [3, 1], [2, 5], [3, 2], [3, 5], [3, 3], [4, 5], [4, 3], [1, 5], [4, 4], [1, 5], [4, 5], [0, 5], [5, 5], [0, 4], [5, 6], [1, 4], [5, 7], [1, 4], [4, 7], [1, 5], [3, 7], [1, 3], [3, 7], [2, 3], [5, 7], [3, 3], [5, 3], [4, 3], [5, 3], [4, 4], [6, 3], [4, 5], [6, 4], [4, 6], [6, 4], [3, 6]], "a_points": [1, 1, 1, 1, 1, 1, 1, 1, 2, 2, 3, 3, 4, 4, 8, 8, 6, 6, 6, 6, 5, 5, 5, 5, 6, 6, 8, 8, 8, 8, 8, 8, 9, 9, 10, 10, 11, 11, 12, 12, 14, 14, 18, 18, 18, 18, 18, 18, 18, 18, 18, 18, 18, 18, 18, 18, 18, 18, 19, 19, 20, 20, 21, 21, 22, 22, 20, 20, 22, 22, 28, 28, 32, 32, 32, 32, 33, 33, 37, 37], "b_points": [0, 0, 0, 1, 1, 2, 2, 3, 3, 4, 4, 6, 6, 6, 6, 6, 6, 6, 6, 7, 7, 8, 8, 9, 9, 10, 10, 12, 12, 12, 12, 16, 16, 16, 16, 17, 17, 18, 18, 20, 20, 20, 20, 20, 20, 21, 21, 22, 22, 23, 23, 27, 27, 25, 25, 25, 25, 26, 26, 27, 27, 31, 31, 32, 32, 34, 34, 34, 34, 34, 34, 34, 34, 34, 34, 34, 34, 34, 34, 35], "a_turns_left": [39, 39, 38, 38, 37, 37, 36, 36, 35, 35, 34, 34, 33, 33, 32, 32, 31, 31, 30, 30, 29, 29, 28, 28, 27, 27, 26, 26, 25, 25, 24, 24, 23, 23, 22, 22, 21, 21, 20, 20, 19, 19, 18, 18, 17, 17, 16, 16, 15, 15, 14, 14, 13, 13, 12, 12, 11, 11, 10, 10, 9, 9, 8, 8, 7, 7, 6, 6, 5, 5, 4, 4, 3, 3, 2, 2, 1, 1, 0, 0], "b_turns_left": [40, 39, 39, 38, 38, 37, 37, 36, 36, 35, 35, 34, 34, 33, 33, 32, 32, 31, 31, 30, 30, 29, 29, 28, 28, 27, 27, 26, 26, 25, 25, 24, 24, 23, 23, 22, 22, 21, 21, 20, 20, 19, 19, 18, 18, 17, 17, 16, 16, 15, 15, 14, 14, 13, 13, 12, 12, 11, 11, 10, 10, 9, 9, 8, 8, 7, 7, 6, 6, 5, 5, 4, 4, 3, 3, 2, 2, 1, 1, 0], "a_time_left": [235.38922679098323, 235.38922679098323, 230.76720691588707, 230.76720691588707, 226.1426068318542, 226.1426068318542, 221.50355774885975, 221.50355774885975, 216.88807008205913, 216.88807008205913, 212.26898029004224, 212.26898029004224, 207.65175437298603, 207.65175437298603, 203.0171821231488, 203.0171821231488, 198.33065949822776, 198.33065949822776, 193.72271449817345, 193.72271449817345, 189.0538927060552, 189.0538927060552, 184.43462504004128, 184.43462504004128, 179.81068591517396, 179.81068591517396, 175.2012161652092, 175.2012161652092, 170.5897117902059, 170.5897117902059, 165.95494708209299, 165.95494708209299, 161.31159766600467, 161.31159766600467, 156.68100358196534, 156.68100358196534, 152.07144541479647, 152.07144541479647, 147.4534292067401, 147.4534292067401, 142.8399670398794, 142.8399670398794, 138.2209815820679, 138.2209815820679, 133.61220120708458, 133.61220120708458, 129.00239237421192, 129.00239237421192, 124.38214637432247, 124.38214637432247, 119.76695520733483, 119.76695520733483, 115.1372500823345, 115.1372500823345, 110.5251241242513, 110.5251241242513, 105.90072879125364, 105.90072879125364, 101.27971816621721, 101.27971816621721, 96.66669975034893, 96.66669975034893, 92.05284883431159, 92.05284883431159, 87.43921741750091, 87.43921741750091, 82.82215779251419, 82.82215779251419, 78.19845170946792, 78.19845170946792, 73.58623000141233, 73.58623000141233, 68.97076704353094, 68.97076704353094, 64.35639412654564, 64.35639412654564, 59.74364600144327, 59.74364600144327, 55.12132362648845, 55.12132362648845], "b_time_left": [240, 235.3726568329148, 235.3726568329148, 230.75733408285305, 230.75733408285305, 226.1385004578624, 226.1385004578624, 221.52737441682257, 221.52737441682257, 216.91004920867272, 216.91004920867272, 212.2868359584827, 212.2868359584827, 207.66942016640678, 207.66942016640678, 203.0489175412804, 203.0489175412804, 198.4364910412114, 198.4364910412114, 193.8235384162981, 193.8235384162981, 189.21118308324367, 189.21118308324367, 184.5867957083974, 184.5867957083974, 179.95434329239652, 179.95434329239652, 175.33975258329883, 175.33975258329883, 170.713405625429, 170.713405625429, 166.08986495854333, 166.08986495854333, 161.45321054174565, 161.45321054174565, 156.83563462481834, 156.83563462481834, 152.21512666577473, 152.21512666577473, 147.59363129083067, 147.59363129083067, 142.9867301657796, 142.9867301657796, 138.36785449879244, 138.36785449879244, 133.74464791477658, 133.74464791477658, 129.12190916459076, 129.12190916459076, 124.50421795551665, 124.50421795551665, 119.81562928948551, 119.81562928948551, 115.2009782474488, 115.2009782474488, 110.58458237256855, 110.58458237256855, 105.81986599741504, 105.81986599741504, 101.19652320537716, 101.19652320537716, 96.57878624740988, 96.57878624740988, 91.95183983049355, 91.95183983049355, 87.34166066348553, 87.34166066348553, 82.73035866348073, 82.73035866348073, 78.11545649752952, 78.11545649752952, 73.50754099735059, 73.50754099735059, 68.88618478924036, 68.88618478924036, 64.27638403931633, 64.27638403931633, 59.52834828919731, 59.52834828919731, 54.91970678931102], "rat_caught": [false, false, false, false, false, false, false, false, false, false, false, false, false, false, false, false, false, false, false, false, false, false, false, false, false, false, false, false, false, false, false, true, false, false, false, false, false, false, false, false, false, false, true, false, false, false, false, false, false, false, false, false, false, false, false, false, false, false, false, false, false, true, false, false, false, false, false, false, false, false, false, false, true, false, false, false, false, false, true, false], "left_behind": ["prime", "plain", "plain", "prime", "plain", "prime", "plain", "prime", "prime", "prime", "prime", "carpet", "prime", "plain", "carpet", "plain", "search", "plain", "plain", "prime", "carpet", "prime", "plain", "prime", "prime", "prime", "carpet", "carpet", "plain", "plain", "plain", "search", "prime", "plain", "prime", "prime", "prime", "prime", "prime", "carpet", "carpet", "plain", "search", "plain", "plain", "prime", "plain", "prime", "plain", "prime", "plain", "carpet", "plain", "search", "plain", "plain", "plain", "prime", "prime", "prime", "prime", "search", "prime", "prime", "prime", "carpet", "search", "plain", "carpet", "plain", "carpet", "plain", "search", "plain", "plain", "plain", "prime", "plain", "search", "prime"], "errlog_a": "turns=40, last_best_rat_prob=0.639, last_search_target=(6, 5), last_eval=27.89, last_depth=90, search_miss_streak=0, search_gain=27.89, board_gain=-18.25, opp_threat=1.00, opp_setup_threat=0.55, search_threshold=0.480", "errlog_b": "turns=40, last_best_rat_prob=0.182, last_search_target=(1, 5), last_eval=-39.48, last_depth=489, search_miss_streak=0, search_gain=-1000000000.00, board_gain=33.04, opp_threat=1.00, opp_setup_threat=0.55, search_threshold=0.410", "start_time": 240, "start_moves": 80, "turn_count": 80, "result": 0, "reason": "POINTS", "trapdoors": [[6, 3], [7, 3], [7, 2], [7, 3], [7, 2], [7, 3], [7, 3], [7, 2], [7, 2], [7, 2], [7, 1], [7, 1], [7, 0], [7, 0], [7, 0], [7, 0], [6, 0], [5, 0], [5, 0], [5, 0], [5, 0], [5, 0], [5, 0], [5, 0], [5, 0], [5, 0], [5, 0], [5, 0], [5, 0], [5, 1], [5, 1], [5, 1], [1, 1], [1, 1], [1, 2], [2, 2], [2, 2], [2, 2], [2, 2], [2, 2], [2, 2], [3, 2], [2, 2], [4, 3], [4, 3], [3, 3], [3, 3], [3, 3], [3, 4], [3, 5], [3, 6], [3, 6], [2, 6], [1, 6], [2, 6], [2, 6], [1, 6], [1, 6], [1, 6], [1, 6], [1, 5], [1, 5], [4, 2], [4, 3], [4, 3], [4, 3], [3, 3], [3, 4], [3, 4], [3, 5], [3, 5], [3, 5], [3, 5], [5, 5], [5, 5], [5, 4], [5, 5], [5, 5], [5, 5], [3, 3], [3, 3]], "spawn_a": [3, 4], "spawn_b": [4, 4]}