{"pos": [[3, 3], [4, 3], [3, 4], [4, 4], [3, 5], [4, 5], [3, 6], [4, 6], [3, 4], [4, 3], [3, 3], [5, 3], [3, 2], [5, 3], [3, 1], [4, 3], [3, 3], [4, 2], [4, 3], [4, 1], [4, 4], [4, 0], [5, 4], [3, 0], [5, 5], [2, 0], [6, 5], [2, 1], [7, 5], [2, 1], [5, 5], [2, 2], [5, 3], [3, 2], [4, 3], [3, 3], [4, 2], [3, 4], [3, 2], [2, 4], [2, 2], [1, 4], [3, 2], [1, 5], [3, 1], [0, 5], [3, 2], [1, 5], [4, 2], [2, 5], [5, 2], [2, 4], [5, 2], [3, 4], [5, 1], [1, 4], [5, 0], [2, 4], [4, 0], [3, 4], [4, 0], [3, 5], [2, 0], [0, 5], [3, 0], [0, 5], [4, 0], [0, 4], [3, 0], [0, 4], [3, 0], [1, 4], [5, 0], [1, 3], [5, 2], [0, 3], [5, 1], [2, 3], [5, 1], [3, 3]], "a_points": [1, 1, 1, 1, 2, 2, 3, 3, 5, 5, 5, 5, 6, 6, 7, 7, 9, 9, 9, 9, 9, 9, 9, 9, 10, 10, 11, 11, 12, 12, 14, 14, 16, 16, 16, 16, 15, 15, 15, 15, 14, 14, 14, 14, 14, 14, 15, 15, 15, 15, 15, 15, 19, 19, 20, 20, 21, 21, 22, 22, 26, 26, 28, 28, 28, 28, 28, 28, 29, 29, 33, 33, 35, 35, 37, 37, 37, 37, 41, 41], "b_points": [0, 0, 0, 1, 1, 2, 2, 3, 3, 7, 7, 7, 7, 11, 11, 12, 12, 12, 12, 13, 13, 14, 14, 14, 14, 15, 15, 16, 16, 20, 20, 21, 21, 22, 22, 22, 22, 22, 22, 22, 22, 22, 22, 23, 23, 23, 23, 24, 24, 25, 25, 26, 26, 27, 27, 29, 29, 29, 29, 29, 29, 29, 29, 33, 33, 31, 31, 31, 31, 29, 29, 30, 30, 30, 30, 31, 31, 33, 33, 33], "a_turns_left": [39, 39, 38, 38, 37, 37, 36, 36, 35, 35, 34, 34, 33, 33, 32, 32, 31, 31, 30, 30, 29, 29, 28, 28, 27, 27, 26, 26, 25, 25, 24, 24, 23, 23, 22, 22, 21, 21, 20, 20, 19, 19, 18, 18, 17, 17, 16, 16, 15, 15, 14, 14, 13, 13, 12, 12, 11, 11, 10, 10, 9, 9, 8, 8, 7, 7, 6, 6, 5, 5, 4, 4, 3, 3, 2, 2, 1, 1, 0, 0], "b_turns_left": [40, 39, 39, 38, 38, 37, 37, 36, 36, 35, 35, 34, 34, 33, 33, 32, 32, 31, 31, 30, 30, 29, 29, 28, 28, 27, 27, 26, 26, 25, 25, 24, 24, 23, 23, 22, 22, 21, 21, 20, 20, 19, 19, 18, 18, 17, 17, 16, 16, 15, 15, 14, 14, 13, 13, 12, 12, 11, 11, 10, 10, 9, 9, 8, 8, 7, 7, 6, 6, 5, 5, 4, 4, 3, 3, 2, 2, 1, 1, 0], "a_time_left": [235.38889649999328, 235.38889649999328, 230.77505783294328, 230.77505783294328, 226.16207449883223, 226.16207449883223, 221.55019824882038, 221.55019824882038, 216.9392208319623, 216.9392208319623, 212.31620895699598, 212.31620895699598, 207.69826487405226, 207.69826487405226, 203.0629744580947, 203.0629744580947, 198.45011120801792, 198.45011120801792, 193.83608949999325, 193.83608949999325, 189.2233957920689, 189.2233957920689, 184.61228525126353, 184.61228525126353, 179.9990866673179, 179.9990866673179, 175.3914652504027, 175.3914652504027, 170.7820866664406, 170.7820866664406, 166.17302958248183, 166.17302958248183, 161.56257991562597, 161.56257991562597, 156.95541199855506, 156.95541199855506, 152.34246741444804, 152.34246741444804, 147.73409391450696, 147.73409391450696, 143.1205973306205, 143.1205973306205, 138.50985133065842, 138.50985133065842, 133.8998772886116, 133.8998772886116, 129.28460107953288, 129.28460107953288, 124.67301182961091, 124.67301182961091, 120.06239187181927, 120.06239187181927, 115.44638324691914, 115.44638324691914, 110.83278207993135, 110.83278207993135, 106.22126162191853, 106.22126162191853, 101.61174508091062, 101.61174508091062, 96.9959674149286, 96.9959674149286, 92.38658037292771, 92.38658037292771, 87.77570545580238, 87.77570545580238, 83.16594853880815, 83.16594853880815, 78.55602499679662, 78.55602499679662, 73.94164978782646, 73.94164978782646, 69.32822249666788, 69.32822249666788, 64.72052724682726, 64.72052724682726, 60.114841079805046, 60.114841079805046, 55.50602412200533, 55.50602412200533], "b_time_left": [240, 235.3856940830592, 235.3856940830592, 230.76836083293892, 230.76836083293892, 226.15851029078476, 226.15851029078476, 221.54342258162796, 221.54342258162796, 216.87066745664924, 216.87066745664924, 212.2539859986864, 212.2539859986864, 207.59077358176, 207.59077358176, 202.96602720674127, 202.96602720674127, 198.35186287388206, 198.35186287388206, 193.7319264158141, 193.7319264158141, 189.0974766248837, 189.0974766248837, 184.48574854107574, 184.48574854107574, 179.87438091589138, 179.87438091589138, 175.2651135828346, 175.2651135828346, 170.65429699979722, 170.65429699979722, 166.03586741676554, 166.03586741676554, 161.42478745779954, 161.42478745779954, 156.74414245784283, 156.74414245784283, 152.13723374996334, 152.13723374996334, 147.52917416696437, 147.52917416696437, 142.91714324988425, 142.91714324988425, 138.30715904175304, 138.30715904175304, 133.6976259998046, 133.6976259998046, 129.08638745802455, 129.08638745802455, 124.4701099160593, 124.4701099160593, 119.85550591605715, 119.85550591605715, 115.24600679124705, 115.24600679124705, 110.63709191628732, 110.63709191628732, 106.02960829134099, 106.02960829134099, 101.42190379137173, 101.42190379137173, 96.81526237516664, 96.81526237516664, 92.20163191715255, 92.20163191715255, 87.58985350001603, 87.58985350001603, 82.9672338750679, 82.9672338750679, 78.3482959580142, 78.3482959580142, 73.7357382918708, 73.7357382918708, 69.12317316699773, 69.12317316699773, 64.50896875094622, 64.50896875094622, 59.903279542922974, 59.903279542922974, 55.297453209990636], "rat_caught": [false, false, false, false, false, false, false, false, false, false, false, false, false, true, false, false, false, false, false, false, false, false, false, false, false, false, false, false, false, true, false, false, false, false, false, false, false, false, false, false, false, false, false, false, false, false, false, false, false, false, false, false, true, false, false, false, false, false, false, false, true, false, false, false, false, false, false, false, false, false, true, false, false, false, false, false, false, false, true, false], "left_behind": ["prime", "plain", "plain", "prime", "prime", "prime", "prime", "prime", "carpet", "carpet", "plain", "plain", "prime", "search", "prime", "prime", "carpet", "plain", "plain", "prime", "plain", "prime", "plain", "plain", "prime", "prime", "prime", "prime", "prime", "search", "carpet", "prime", "carpet", "prime", "plain", "plain", "carpet", "plain", "plain", "plain", "carpet", "plain", "plain", "prime", "plain", "plain", "prime", "prime", "plain", "prime", "plain", "prime", "search", "prime", "prime", "carpet", "prime", "plain", "prime", "plain", "search", "plain", "carpet", "carpet", "plain", "search", "plain", "plain", "prime", "search", "search", "prime", "carpet", "plain", "carpet", "prime", "plain", "carpet", "search", "plain"], "errlog_a": "turns=40, last_best_rat_prob=0.674, last_search_target=(3, 4), last_eval=0.63, last_depth=230, search_miss_streak=0, search_gain=0.63, board_gain=-59.26, opp_threat=0.00, opp_setup_threat=0.00, search_threshold=0.650", "errlog_b": "turns=40, last_best_rat_prob=0.161, last_search_target=(7, 2), last_eval=-316.83, last_depth=1060, search_miss_streak=2, search_gain=-1000000000.00, board_gain=-11.96, opp_threat=4.00, opp_setup_threat=4.00, search_threshold=0.500", "start_time": 240, "start_moves": 80, "turn_count": 80, "result": 0, "reason": "POINTS", "trapdoors": [[1, 2], [2, 2], [2, 2], [2, 2], [2, 2], [2, 2], [3, 2], [2, 2], [2, 2], [2, 2], [2, 2], [2, 2], [2, 2], [2, 3], [1, 5], [1, 5], [1, 4], [1, 4], [1, 4], [1, 4], [1, 4], [1, 4], [1, 4], [1, 4], [1, 3], [1, 3], [1, 2], [1, 2], [1, 2], [1, 2], [7, 1], [7, 1], [7, 1], [7, 0], [7, 0], [6, 0], [6, 0], [6, 0], [5, 0], [5, 1], [4, 1], [4, 1], [4, 2], [4, 3], [4, 4], [4, 4], [4, 4], [4, 4], [4, 4], [4, 4], [4, 5], [4, 5], [4, 6], [1, 7], [1, 7], [1, 7], [0, 7], [0, 6], [0, 7], [0, 7], [0, 7], [5, 2], [5, 2], [5, 2], [5, 3], [5, 3], [5, 3], [5, 4], [5, 4], [5, 4], [5, 5], [3, 3], [3, 3], [3, 3], [3, 4], [3, 4], [3, 4], [3, 4], [3, 4], [7, 1], [6, 1]], "spawn_a": [2, 3], "spawn_b": [5, 3]}