{"pos": [[3, 4], [4, 4], [3, 3], [4, 3], [2, 3], [5, 3], [4, 3], [5, 4], [4, 5], [5, 5], [4, 6], [5, 5], [5, 6], [5, 3], [4, 6], [5, 2], [3, 6], [4, 2], [3, 7], [4, 2], [3, 7], [3, 2], [3, 4], [2, 2], [2, 4], [5, 2], [2, 3], [5, 2], [2, 2], [5, 1], [2, 1], [4, 1], [3, 1], [4, 1], [3, 2], [4, 1], [3, 1], [4, 1], [2, 1], [4, 1], [2, 4], [4, 0], [2, 5], [3, 0], [2, 5], [3, 1], [2, 6], [5, 1], [2, 7], [5, 2], [3, 7], [5, 2], [4, 7], [6, 2], [5, 7], [7, 2], [5, 7], [7, 3], [5, 7], [7, 4], [2, 7], [7, 5], [2, 5], [7, 2], [2, 5], [7, 3], [3, 5], [6, 3], [3, 6], [6, 4], [5, 6], [6, 4], [5, 5], [6, 5], [5, 4], [6, 2], [6, 4], [6, 3], [6, 5], [6, 4]], "a_points": [1, 1, 2, 2, 3, 3, 5, 5, 7, 7, 7, 7, 7, 7, 8, 8, 9, 9, 10, 10, 14, 14, 18, 18, 18, 18, 19, 19, 20, 20, 21, 21, 22, 22, 23, 23, 22, 22, 21, 21, 25, 25, 25, 25, 29, 29, 30, 30, 31, 31, 32, 32, 33, 33, 34, 34, 32, 32, 36, 36, 40, 40, 42, 42, 46, 46, 46, 46, 46, 46, 48, 48, 48, 48, 49, 49, 49, 49, 49, 49], "b_points": [0, 1, 1, 2, 2, 3, 3, 4, 4, 5, 5, 9, 9, 11, 11, 11, 11, 12, 12, 16, 16, 17, 17, 18, 18, 22, 22, 26, 26, 26, 26, 27, 27, 25, 25, 29, 29, 27, 27, 31, 31, 32, 32, 33, 33, 34, 34, 36, 36, 36, 36, 34, 34, 34, 34, 35, 35, 36, 36, 37, 37, 38, 38, 42, 42, 42, 42, 42, 42, 43, 43, 47, 47, 48, 48, 52, 52, 52, 52, 52], "a_turns_left": [39, 39, 38, 38, 37, 37, 36, 36, 35, 35, 34, 34, 33, 33, 32, 32, 31, 31, 30, 30, 29, 29, 28, 28, 27, 27, 26, 26, 25, 25, 24, 24, 23, 23, 22, 22, 21, 21, 20, 20, 19, 19, 18, 18, 17, 17, 16, 16, 15, 15, 14, 14, 13, 13, 12, 12, 11, 11, 10, 10, 9, 9, 8, 8, 7, 7, 6, 6, 5, 5, 4, 4, 3, 3, 2, 2, 1, 1, 0, 0], "b_turns_left": [40, 39, 39, 38, 38, 37, 37, 36, 36, 35, 35, 34, 34, 33, 33, 32, 32, 31, 31, 30, 30, 29, 29, 28, 28, 27, 27, 26, 26, 25, 25, 24, 24, 23, 23, 22, 22, 21, 21, 20, 20, 19, 19, 18, 18, 17, 17, 16, 16, 15, 15, 14, 14, 13, 13, 12, 12, 11, 11, 10, 10, 9, 9, 8, 8, 7, 7, 6, 6, 5, 5, 4, 4, 3, 3, 2, 2, 1, 1, 0], "a_time_left": [235.39143020799384, 235.39143020799384, 230.7805927079171, 230.7805927079171, 226.1690027078148, 226.1690027078148, 221.55938320793211, 221.55938320793211, 216.9526619159151, 216.9526619159151, 212.34423437388614, 212.34423437388614, 207.7309450819157, 207.7309450819157, 203.12154245679267, 203.12154245679267, 198.51215991470963, 198.51215991470963, 193.9000897477381, 193.9000897477381, 189.28727628965862, 189.28727628965862, 184.67527703964151, 184.67527703964151, 180.05780512373894, 180.05780512373894, 175.4489458736498, 175.4489458736498, 170.83896654075943, 170.83896654075943, 166.22900849883445, 166.22900849883445, 161.62156545673497, 161.62156545673497, 157.01323724887334, 157.01323724887334, 152.4039081237279, 152.4039081237279, 147.79546041577123, 147.79546041577123, 143.18754312489182, 143.18754312489182, 138.5758904577233, 138.5758904577233, 133.97028699959628, 133.97028699959628, 129.36170862452127, 129.36170862452127, 124.7546294995118, 124.7546294995118, 120.14837562455796, 120.14837562455796, 115.53772862441838, 115.53772862441838, 110.92733637429774, 110.92733637429774, 106.3183438742999, 106.3183438742999, 101.70804716646671, 101.70804716646671, 97.099077666644, 97.099077666644, 92.49174458370544, 92.49174458370544, 87.88316945871338, 87.88316945871338, 83.27569212485105, 83.27569212485105, 78.66051391675137, 78.66051391675137, 74.0518058326561, 74.0518058326561, 69.44128116569482, 69.44128116569482, 64.83363312459551, 64.83363312459551, 60.227323583560064, 60.227323583560064, 55.622135375626385, 55.622135375626385], "b_time_left": [240, 235.39002895797603, 235.39002895797603, 230.77978795813397, 230.77978795813397, 226.17024358315393, 226.17024358315393, 221.5576628332492, 221.5576628332492, 216.94948425027542, 216.94948425027542, 212.33536354242824, 212.33536354242824, 207.7224253762979, 207.7224253762979, 203.11689412640408, 203.11689412640408, 198.50529570924118, 198.50529570924118, 193.89638833422214, 193.89638833422214, 189.28799237613566, 189.28799237613566, 184.5710647511296, 184.5710647511296, 179.9552674179431, 179.9552674179431, 175.3462939178571, 175.3462939178571, 170.73738129273988, 170.73738129273988, 166.12952454271726, 166.12952454271726, 161.51958975172602, 161.51958975172602, 156.9053215016611, 156.9053215016611, 152.29554925160483, 152.29554925160483, 147.68651829240844, 147.68651829240844, 143.0765241254121, 143.0765241254121, 138.46544437552802, 138.46544437552802, 133.85552700050175, 133.85552700050175, 129.24461383442394, 129.24461383442394, 124.63552954350598, 124.63552954350598, 120.02901587635279, 120.02901587635279, 115.41721604345366, 115.41721604345366, 110.80818216851912, 110.80818216851912, 106.13170558447018, 106.13170558447018, 101.52000616746955, 101.52000616746955, 96.91057416750118, 96.91057416750118, 92.3014805004932, 92.3014805004932, 87.68879375047982, 87.68879375047982, 83.08275725040585, 83.08275725040585, 78.47044008341618, 78.47044008341618, 73.85906295850873, 73.85906295850873, 69.24552179244347, 69.24552179244347, 64.6357466254849, 64.6357466254849, 60.03048641746864, 60.03048641746864, 55.42648870847188], "rat_caught": [false, false, false, false, false, false, false, false, false, false, false, true, false, false, false, false, false, false, false, true, true, false, false, false, false, false, false, true, false, false, false, false, false, false, false, true, false, false, false, true, false, false, false, false, true, false, false, false, false, false, false, false, false, false, false, false, false, false, true, false, false, false, false, false, true, false, false, false, false, false, false, true, false, false, false, false, false, false, false, false], "left_behind": ["prime", "prime", "prime", "prime", "prime", "prime", "carpet", "prime", "carpet", "prime", "plain", "search", "plain", "carpet", "prime", "plain", "prime", "prime", "prime", "search", "search", "prime", "carpet", "prime", "plain", "carpet", "prime", "search", "prime", "plain", "prime", "prime", "prime", "search", "prime", "search", "carpet", "search", "carpet", "search", "carpet", "prime", "plain", "prime", "search", "prime", "prime", "carpet", "prime", "plain", "prime", "search", "prime", "plain", "prime", "prime", "search", "prime", "search", "prime", "carpet", "prime", "carpet", "carpet", "search", "plain", "plain", "plain", "plain", "prime", "carpet", "search", "plain", "prime", "prime", "carpet", "plain", "plain", "plain", "plain"], "errlog_a": "turns=40, last_best_rat_prob=0.444, last_search_target=(5, 1), last_eval=-68.70, last_depth=312, search_miss_streak=0, search_gain=1.33, board_gain=7.51, opp_threat=0.00, opp_setup_threat=0.00", "errlog_b": "turns=40, last_best_rat_prob=0.311, last_search_target=(4, 3), last_eval=88.90, last_depth=1063, search_miss_streak=0, search_gain=-1044.06, board_gain=71.46, opp_threat=1.00, opp_setup_threat=3.70", "start_time": 240, "start_moves": 80, "turn_count": 80, "result": 1, "reason": "POINTS", "trapdoors": [[6, 7], [6, 7], [6, 6], [6, 5], [5, 5], [5, 4], [5, 4], [5, 4], [5, 5], [5, 5], [5, 5], [5, 5], [5, 3], [5, 3], [6, 3], [6, 2], [5, 2], [5, 2], [4, 2], [5, 2], [5, 3], [3, 3], [3, 3], [4, 3], [4, 2], [4, 2], [4, 2], [4, 2], [3, 4], [3, 4], [2, 4], [2, 5], [3, 5], [3, 5], [3, 5], [3, 4], [4, 7], [4, 6], [4, 6], [5, 6], [2, 6], [2, 6], [2, 6], [2, 5], [2, 5], [2, 7], [3, 7], [3, 7], [3, 7], [3, 7], [4, 7], [4, 6], [4, 6], [4, 6], [4, 5], [4, 4], [4, 4], [4, 3], [4, 3], [4, 4], [4, 5], [4, 5], [4, 5], [4, 4], [4, 4], [3, 4], [3, 4], [2, 4], [2, 4], [2, 4], [2, 4], [2, 4], [5, 2], [5, 2], [5, 2], [4, 2], [4, 2], [4, 2], [4, 3], [4, 4], [5, 4]], "spawn_a": [3, 5], "spawn_b": [4, 5]}