{"pos": [[2, 3], [4, 2], [2, 4], [3, 2], [2, 5], [2, 2], [2, 3], [3, 2], [3, 3], [3, 1], [4, 3], [3, 0], [3, 3], [3, 2], [4, 3], [5, 2], [5, 3], [5, 1], [6, 3], [5, 2], [3, 3], [6, 2], [3, 4], [6, 3], [4, 4], [6, 4], [5, 4], [6, 5], [5, 5], [7, 5], [4, 5], [7, 4], [5, 5], [7, 3], [4, 5], [7, 5], [6, 5], [7, 4], [6, 4], [7, 3], [6, 4], [7, 4]], "a_points": [1, 1, 2, 2, 3, 3, 5, 5, 5, 5, 5, 5, 5, 5, 6, 6, 7, 7, 8, 8, 12, 12, 12, 12, 13, 13, 14, 14, 14, 14, 14, 14, 14, 14, 15, 15, 17, 17, 16, 16, 14, 14], "b_points": [0, 1, 1, 2, 2, 1, 1, 1, 1, 2, 2, 3, 3, 5, 5, 7, 7, 7, 7, 8, 8, 8, 8, 9, 9, 10, 10, 11, 11, 12, 12, 13, 13, 14, 14, 16, 16, 16, 16, 16, 16, 17], "a_turns_left": [39, 39, 38, 38, 37, 37, 36, 36, 35, 35, 34, 34, 33, 33, 32, 32, 31, 31, 30, 30, 29, 29, 28, 28, 27, 27, 26, 26, 25, 25, 24, 24, 23, 23, 22, 22, 21, 21, 20, 20, 19, 19], "b_turns_left": [40, 39, 39, 38, 38, 37, 37, 36, 36, 35, 35, 34, 34, 33, 33, 32, 32, 31, 31, 30, 30, 29, 29, 28, 28, 27, 27, 26, 26, 25, 25, 24, 24, 23, 23, 22, 22, 21, 21, 20, 20, 19], "a_time_left": [235.3883984577842, 235.3883984577842, 230.77324412483722, 230.77324412483722, 226.16181483282708, 226.16181483282708, 221.5489948738832, 221.5489948738832, 216.93923616595566, 216.93923616595566, 212.32729145791382, 212.32729145791382, 207.7151103329379, 207.7151103329379, 203.10551866609603, 203.10551866609603, 198.49268366605975, 198.49268366605975, 193.87293433304876, 193.87293433304876, 189.25401508319192, 189.25401508319192, 184.6385853330139, 184.6385853330139, 179.99669075012207, 179.99669075012207, 175.28497579111718, 175.28497579111718, 170.67355024907738, 170.67355024907738, 166.06093991617672, 166.06093991617672, 161.44227212411352, 161.44227212411352, 156.8146633321885, 156.8146633321885, 152.19987833220512, 152.19987833220512, 147.56189120723866, 147.56189120723866, 142.94792895717546, 142.94792895717546], "b_time_left": [240, 235.3859939998947, 235.3859939998947, 230.77655674982816, 230.77655674982816, 226.1640659577679, 226.1640659577679, 221.55278916680254, 221.55278916680254, 216.9402091668453, 216.9402091668453, 212.33216499979608, 212.33216499979608, 207.72127283294685, 207.72127283294685, 203.11011204193346, 203.11011204193346, 198.50202787597664, 198.50202787597664, 193.88455775077455, 193.88455775077455, 189.2697878337931, 189.2697878337931, 184.64506825082935, 184.64506825082935, 179.98328512581065, 179.98328512581065, 175.33335391781293, 175.33335391781293, 170.72167095984332, 170.72167095984332, 166.1102136678528, 166.1102136678528, 161.49867983488366, 161.49867983488366, 156.87299666786566, 156.87299666786566, 152.2513530428987, 152.2513530428987, 147.6369832099881, 147.6369832099881, 143.0137813759502], "rat_caught": [false, false, false, false, false, false, false, false, false, false, false, false, false, false, false, false, false, false, false, false, false, false, false, false, false, false, false, false, false, false, false, false, false, false, false, false, false, false, false, false, false, false], "left_behind": ["prime", "prime", "prime", "prime", "prime", "carpet", "carpet", "plain", "plain", "prime", "plain", "prime", "plain", "carpet", "prime", "carpet", "prime", "plain", "prime", "prime", "carpet", "plain", "plain", "prime", "prime", "prime", "prime", "prime", "plain", "prime", "plain", "prime", "plain", "prime", "prime", "carpet", "carpet", "plain", "carpet", "plain", "search", "prime"], "errlog_a": "Traceback (most recent call last):\n  File \"/Users/aryanpatel/CS3600/dist 3/engine/player_process.py\", line 280, in run_player_process\n    player_move = player.play(\n        temp_board, rat_samples, time_left_func\n    )\n  File \"/Users/aryanpatel/CS3600/dist 3/3600-agents/fastcopy/agent.py\", line 163, in play\n    move_at_depth, value_at_depth, completed = self._search_root_to_depth(\n                                               ~~~~~~~~~~~~~~~~~~~~~~~~~~^\n        board,\n        ^^^^^^\n    ...<5 lines>...\n        self.belief,\n        ^^^^^^^^^^^^\n    )\n    ^\n  File \"/Users/aryanpatel/CS3600/dist 3/3600-agents/fastcopy/agent.py\", line 340, in _search_root_to_depth\n    val = -self._negamax(\n           ~~~~~~~~~~~~~^\n        next_board,\n        ^^^^^^^^^^^\n    ...<6 lines>...\n        future_belief,\n        ^^^^^^^^^^^^^^\n    )\n    ^\n  File \"/Users/aryanpatel/CS3600/dist 3/3600-agents/fastcopy/agent.py\", line 466, in _negamax\n    score = -self._negamax(\n             ~~~~~~~~~~~~~^\n        next_board,\n        ^^^^^^^^^^^\n    ...<6 lines>...\n        next_belief,\n        ^^^^^^^^^^^^\n    )\n    ^\n  File \"/Users/aryanpatel/CS3600/dist 3/3600-agents/fastcopy/agent.py\", line 466, in _negamax\n    score = -self._negamax(\n             ~~~~~~~~~~~~~^\n        next_board,\n        ^^^^^^^^^^^\n    ...<6 lines>...\n        next_belief,\n        ^^^^^^^^^^^^\n    )\n    ^\n  File \"/Users/aryanpatel/CS3600/dist 3/3600-agents/fastcopy/agent.py\", line 466, in _negamax\n    score = -self._negamax(\n             ~~~~~~~~~~~~~^\n        next_board,\n        ^^^^^^^^^^^\n    ...<6 lines>...\n        next_belief,\n        ^^^^^^^^^^^^\n    )\n    ^\n  [Previous line repeated 2 more times]\n  File \"/Users/aryanpatel/CS3600/dist 3/3600-agents/fastcopy/agent.py\", line 452, in _negamax\n    valid_moves = self._order_moves(board_obj, valid_moves, belief_vec)\n  File \"/Users/aryanpatel/CS3600/dist 3/3600-agents/fastcopy/agent.py\", line 761, in _order_moves\n    return sorted(moves, key=move_key, reverse=True)\n  File \"/Users/aryanpatel/CS3600/dist 3/3600-agents/fastcopy/agent.py\", line 749, in move_key\n    if low_value:\n       ^^^^^^^^^\nUnboundLocalError: cannot access local variable 'low_value' where it is not associated with a value\n", "errlog_b": "turns=21, last_best_rat_prob=0.439, last_search_target=(0, 2), last_eval=20.63, last_depth=6, search_miss_streak=0, search_gain=-1000000000.00, board_gain=11.12, opp_threat=2.00, opp_setup_threat=2.70, search_threshold=0.500", "start_time": 240, "start_moves": 80, "turn_count": 42, "result": 1, "reason": "CODE_CRASH", "trapdoors": [[1, 5], [1, 5], [1, 5], [1, 5], [1, 4], [1, 4], [1, 4], [1, 4], [1, 4], [1, 4], [1, 4], [1, 4], [1, 4], [1, 4], [1, 4], [1, 4], [1, 4], [1, 4], [1, 4], [1, 4], [1, 4], [1, 4], [1, 4], [1, 4], [1, 4], [1, 4], [1, 4], [1, 3], [1, 3], [1, 3], [1, 3], [1, 2], [1, 2], [1, 1], [2, 1], [2, 1], [2, 1], [3, 1], [2, 1], [2, 0], [2, 0], [3, 0], [2, 0], [2, 0]], "spawn_a": [2, 2], "spawn_b": [5, 2]}