{"pos": [[3, 4], [4, 4], [3, 3], [5, 4], [3, 2], [6, 4], [3, 5], [6, 3], [2, 5], [5, 3], [2, 4], [4, 3], [3, 4], [4, 3], [6, 4], [3, 3], [7, 4], [6, 3], [7, 3], [6, 2], [6, 3], [5, 2], [6, 3], [4, 2], [5, 3], [4, 2], [4, 3], [4, 1], [4, 2], [3, 1], [3, 2], [2, 1], [2, 2], [2, 0], [1, 2], [3, 0], [1, 2], [4, 0], [2, 2], [5, 0], [2, 3], [2, 0], [2, 3], [3, 0], [2, 2], [3, 2], [2, 5], [2, 2], [1, 5], [2, 3], [0, 5], [2, 4], [0, 4], [1, 4], [0, 3], [1, 3], [0, 2], [2, 3], [0, 5], [1, 3], [1, 5], [2, 3], [2, 5], [3, 3], [3, 5], [3, 4], [3, 5], [3, 3], [3, 6], [4, 3], [3, 7], [4, 3], [3, 6], [4, 3], [4, 6], [4, 4], [3, 6], [4, 3], [3, 5], [4, 2]], "a_points": [1, 1, 2, 2, 3, 3, 7, 7, 7, 7, 8, 8, 9, 9, 13, 13, 13, 13, 14, 14, 15, 15, 13, 13, 13, 13, 13, 13, 12, 12, 12, 12, 13, 13, 13, 13, 17, 17, 18, 18, 18, 18, 16, 16, 17, 17, 21, 21, 21, 21, 22, 22, 23, 23, 24, 24, 25, 25, 29, 29, 28, 28, 28, 28, 28, 28, 32, 32, 32, 32, 32, 32, 33, 33, 33, 33, 34, 34, 35, 35], "b_points": [0, 1, 1, 2, 2, 3, 3, 4, 4, 5, 5, 6, 6, 4, 4, 5, 5, 9, 9, 9, 9, 10, 10, 11, 11, 15, 15, 16, 16, 17, 17, 18, 18, 19, 19, 20, 20, 21, 21, 22, 22, 26, 26, 26, 26, 28, 28, 28, 28, 29, 29, 29, 29, 29, 29, 30, 30, 31, 31, 30, 30, 30, 30, 30, 30, 30, 30, 30, 30, 30, 30, 28, 28, 26, 26, 26, 26, 26, 26, 26], "a_turns_left": [39, 39, 38, 38, 37, 37, 36, 36, 35, 35, 34, 34, 33, 33, 32, 32, 31, 31, 30, 30, 29, 29, 28, 28, 27, 27, 26, 26, 25, 25, 24, 24, 23, 23, 22, 22, 21, 21, 20, 20, 19, 19, 18, 18, 17, 17, 16, 16, 15, 15, 14, 14, 13, 13, 12, 12, 11, 11, 10, 10, 9, 9, 8, 8, 7, 7, 6, 6, 5, 5, 4, 4, 3, 3, 2, 2, 1, 1, 0, 0], "b_turns_left": [40, 39, 39, 38, 38, 37, 37, 36, 36, 35, 35, 34, 34, 33, 33, 32, 32, 31, 31, 30, 30, 29, 29, 28, 28, 27, 27, 26, 26, 25, 25, 24, 24, 23, 23, 22, 22, 21, 21, 20, 20, 19, 19, 18, 18, 17, 17, 16, 16, 15, 15, 14, 14, 13, 13, 12, 12, 11, 11, 10, 10, 9, 9, 8, 8, 7, 7, 6, 6, 5, 5, 4, 4, 3, 3, 2, 2, 1, 1, 0], "a_time_left": [236.3087297079619, 236.3087297079619, 232.61526354099624, 232.61526354099624, 228.90785987395793, 228.90785987395793, 225.20119212381542, 225.20119212381542, 221.5056367488578, 221.5056367488578, 217.79804404079914, 217.79804404079914, 214.09175741579384, 214.09175741579384, 210.38897729082964, 210.38897729082964, 206.69837470795028, 206.69837470795028, 202.98848062497564, 202.98848062497564, 199.2931922080461, 199.2931922080461, 195.59390583308414, 195.59390583308414, 191.89534929115325, 191.89534929115325, 188.20050604105927, 188.20050604105927, 184.50985787506215, 184.50985787506215, 180.8181494169403, 180.8181494169403, 177.10918483394198, 177.10918483394198, 173.41251062601805, 173.41251062601805, 169.71530858404003, 169.71530858404003, 165.99557212507352, 165.99557212507352, 162.2913796659559, 162.2913796659559, 158.56347574898973, 158.56347574898973, 154.86728158197366, 154.86728158197366, 151.18020108202472, 151.18020108202472, 147.4815132478252, 147.4815132478252, 143.78886366379447, 143.78886366379447, 140.09210374671966, 140.09210374671966, 136.38039278867655, 136.38039278867655, 132.6778852045536, 132.6778852045536, 128.9728999545332, 128.9728999545332, 125.2768611216452, 125.2768611216452, 121.58660837169737, 121.58660837169737, 117.89823087188415, 117.89823087188415, 114.20344382990152, 114.20344382990152, 110.50067049684003, 110.50067049684003, 106.80106245586649, 106.80106245586649, 103.10500124678947, 103.10500124678947, 99.37507382989861, 99.37507382989861, 95.68177891289815, 95.68177891289815, 91.991916495841, 91.991916495841], "b_time_left": [240, 236.30787745909765, 236.30787745909765, 232.60566320922226, 232.60566320922226, 228.8922200431116, 228.8922200431116, 225.19241133518517, 225.19241133518517, 221.42278933501802, 221.42278933501802, 217.72411241801456, 217.72411241801456, 214.01538546010852, 214.01538546010852, 210.32233850215562, 210.32233850215562, 206.62286596000195, 206.62286596000195, 202.91836008499376, 202.91836008499376, 199.21030566794798, 199.21030566794798, 195.51491262600757, 195.51491262600757, 191.80258904281072, 191.80258904281072, 188.10090958466753, 188.10090958466753, 184.40720741753466, 184.40720741753466, 180.7005599583499, 180.7005599583499, 176.99780383333564, 176.99780383333564, 173.29678408335894, 173.29678408335894, 169.58156404132023, 169.58156404132023, 165.88247058331035, 165.88247058331035, 162.19042633334175, 162.19042633334175, 158.495088333264, 158.495088333264, 154.79325708327815, 154.79325708327815, 151.09878095821477, 151.09878095821477, 147.40586458332837, 147.40586458332837, 143.71024183323607, 143.71024183323607, 140.0146867921576, 140.0146867921576, 136.31234429217875, 136.31234429217875, 132.61195020820014, 132.61195020820014, 128.92009108304046, 128.92009108304046, 125.22267570812255, 125.22267570812255, 121.52606404107064, 121.52606404107064, 117.82432087417692, 117.82432087417692, 114.132201874163, 114.132201874163, 110.4316817491781, 110.4316817491781, 106.73627016623504, 106.73627016623504, 103.03921599918976, 103.03921599918976, 99.34259166615084, 99.34259166615084, 95.6465360831935, 95.6465360831935, 91.96158729121089], "rat_caught": [false, false, false, false, false, false, false, false, false, false, false, false, false, false, false, false, false, false, false, false, false, false, false, false, false, true, false, false, false, false, false, false, false, false, false, false, true, false, false, false, false, false, false, false, false, false, false, false, false, false, false, false, false, false, false, false, false, false, false, false, false, false, false, false, false, false, true, false, false, false, false, false, false, false, false, false, false, false, false, false], "left_behind": ["prime", "prime", "prime", "prime", "prime", "prime", "carpet", "prime", "plain", "prime", "prime", "prime", "prime", "search", "carpet", "prime", "plain", "carpet", "prime", "plain", "prime", "prime", "search", "prime", "plain", "search", "plain", "prime", "carpet", "prime", "plain", "prime", "prime", "prime", "plain", "prime", "search", "prime", "prime", "prime", "plain", "carpet", "search", "plain", "prime", "carpet", "carpet", "plain", "plain", "prime", "prime", "plain", "prime", "plain", "prime", "prime", "prime", "prime", "carpet", "carpet", "carpet", "plain", "plain", "plain", "plain", "plain", "search", "plain", "plain", "plain", "plain", "search", "prime", "search", "plain", "plain", "prime", "plain", "prime", "plain"], "errlog_a": "turns=40, last_best_rat_prob=0.445, last_search_target=(5, 3), last_eval=158.64, last_depth=185, search_miss_streak=0, search_gain=-1000000000.00, board_gain=16.14, opp_threat=0.00, opp_setup_threat=2.70, search_threshold=0.580", "errlog_b": "turns=40, last_best_rat_prob=0.367, last_search_target=(5, 3), last_eval=-159.63, last_depth=769, search_miss_streak=2, search_gain=-1000000006.50, board_gain=-55.30, opp_threat=2.00, opp_setup_threat=2.00, search_threshold=0.410", "start_time": 240, "start_moves": 80, "turn_count": 80, "result": 0, "reason": "POINTS", "trapdoors": [[6, 2], [6, 2], [6, 2], [6, 2], [5, 2], [5, 2], [5, 2], [5, 3], [5, 2], [5, 2], [6, 2], [6, 2], [5, 2], [5, 1], [5, 0], [5, 0], [5, 0], [4, 0], [3, 0], [3, 0], [3, 0], [2, 0], [1, 0], [1, 1], [0, 1], [1, 1], [3, 7], [3, 7], [4, 7], [5, 7], [6, 7], [6, 7], [7, 7], [7, 6], [7, 6], [7, 7], [7, 7], [0, 1], [0, 1], [0, 1], [0, 1], [0, 1], [0, 1], [0, 2], [0, 2], [0, 2], [0, 3], [0, 3], [0, 4], [0, 4], [0, 5], [0, 5], [0, 5], [0, 5], [0, 5], [0, 6], [0, 7], [0, 7], [0, 6], [1, 6], [1, 6], [1, 7], [1, 7], [1, 7], [1, 7], [1, 6], [1, 7], [5, 7], [5, 6], [5, 6], [5, 5], [5, 5], [5, 5], [5, 4], [6, 4], [6, 4], [5, 4], [5, 4], [5, 4], [5, 4], [5, 3]], "spawn_a": [3, 5], "spawn_b": [4, 5]}