{"pos": [[2, 4], [4, 3], [2, 5], [4, 4], [2, 6], [3, 4], [2, 7], [2, 4], [2, 5], [3, 4], [2, 4], [3, 5], [4, 4], [4, 5], [5, 4], [5, 5], [6, 4], [6, 5], [6, 3], [3, 5], [6, 3], [3, 6], [7, 3], [3, 7], [4, 3], [4, 7], [4, 2], [4, 6], [3, 2], [3, 6], [2, 2], [3, 5], [1, 2], [3, 4], [0, 2], [3, 3], [4, 2], [4, 3], [5, 2], [4, 3], [6, 2], [4, 2], [6, 2], [5, 2], [7, 2], [5, 1], [7, 3], [4, 1], [6, 3], [4, 0], [5, 3], [3, 0], [5, 3], [3, 1], [4, 3], [4, 1], [2, 3], [3, 1], [1, 3], [3, 2], [0, 3], [3, 0], [0, 4], [3, 1], [0, 4], [5, 1], [0, 5], [5, 1], [1, 5], [5, 2], [1, 4], [5, 2], [2, 4], [5, 2], [2, 3], [5, 3], [2, 2], [4, 3], [1, 2], [4, 4]], "a_points": [1, 1, 2, 2, 3, 3, 4, 4, 6, 6, 6, 6, 8, 8, 8, 8, 9, 9, 10, 10, 14, 14, 15, 15, 19, 19, 19, 19, 20, 20, 21, 21, 22, 22, 23, 23, 29, 29, 29, 29, 30, 30, 34, 34, 35, 35, 36, 36, 37, 37, 37, 37, 41, 41, 41, 41, 43, 43, 43, 43, 44, 44, 45, 45, 49, 49, 50, 50, 51, 51, 52, 52, 53, 53, 53, 53, 53, 53, 53, 53], "b_points": [0, 1, 1, 2, 2, 3, 3, 2, 2, 2, 2, 3, 3, 4, 4, 5, 5, 6, 6, 10, 10, 10, 10, 10, 10, 11, 11, 12, 12, 13, 13, 14, 14, 14, 14, 14, 14, 15, 15, 13, 13, 13, 13, 12, 12, 12, 12, 13, 13, 13, 13, 14, 14, 15, 15, 15, 15, 16, 16, 17, 17, 19, 19, 19, 19, 21, 21, 19, 19, 19, 19, 23, 23, 27, 27, 27, 27, 27, 27, 27], "a_turns_left": [39, 39, 38, 38, 37, 37, 36, 36, 35, 35, 34, 34, 33, 33, 32, 32, 31, 31, 30, 30, 29, 29, 28, 28, 27, 27, 26, 26, 25, 25, 24, 24, 23, 23, 22, 22, 21, 21, 20, 20, 19, 19, 18, 18, 17, 17, 16, 16, 15, 15, 14, 14, 13, 13, 12, 12, 11, 11, 10, 10, 9, 9, 8, 8, 7, 7, 6, 6, 5, 5, 4, 4, 3, 3, 2, 2, 1, 1, 0, 0], "b_turns_left": [40, 39, 39, 38, 38, 37, 37, 36, 36, 35, 35, 34, 34, 33, 33, 32, 32, 31, 31, 30, 30, 29, 29, 28, 28, 27, 27, 26, 26, 25, 25, 24, 24, 23, 23, 22, 22, 21, 21, 20, 20, 19, 19, 18, 18, 17, 17, 16, 16, 15, 15, 14, 14, 13, 13, 12, 12, 11, 11, 10, 10, 9, 9, 8, 8, 7, 7, 6, 6, 5, 5, 4, 4, 3, 3, 2, 2, 1, 1, 0], "a_time_left": [235.38612799998373, 235.38612799998373, 230.77417237497866, 230.77417237497866, 226.16167116677389, 226.16167116677389, 221.55222208378837, 221.55222208378837, 216.9435057088267, 216.9435057088267, 212.3309927508235, 212.3309927508235, 207.71565329190344, 207.71565329190344, 203.1041457920801, 203.1041457920801, 198.4961916669272, 198.4961916669272, 193.88755316706374, 193.88755316706374, 189.27246125019155, 189.27246125019155, 184.6228758750949, 184.6228758750949, 180.011206000112, 180.011206000112, 175.403710084036, 175.403710084036, 170.7880014171824, 170.7880014171824, 166.17284270818345, 166.17284270818345, 161.56513020815328, 161.56513020815328, 156.95182762527838, 156.95182762527838, 152.3330970001407, 152.3330970001407, 147.72418929217383, 147.72418929217383, 143.11006379220635, 143.11006379220635, 138.44658725126646, 138.44658725126646, 133.83574787643738, 133.83574787643738, 129.22317362646572, 129.22317362646572, 124.60622670943849, 124.60622670943849, 119.9970377094578, 119.9970377094578, 115.38450650149025, 115.38450650149025, 110.77272808435373, 110.77272808435373, 106.16073733451776, 106.16073733451776, 101.54739758442156, 101.54739758442156, 96.93766866764054, 96.93766866764054, 92.32524741743691, 92.32524741743691, 87.71248620958067, 87.71248620958067, 83.10221841745079, 83.10221841745079, 78.49530620849691, 78.49530620849691, 73.8703750835266, 73.8703750835266, 69.26023041643202, 69.26023041643202, 64.652005874319, 64.652005874319, 60.04239683342166, 60.04239683342166, 55.43505333340727, 55.43505333340727], "b_time_left": [240, 235.38797649997286, 235.38797649997286, 230.7755471249111, 230.7755471249111, 226.1647217918653, 226.1647217918653, 221.55752429179847, 221.55752429179847, 216.94828141690232, 216.94828141690232, 212.33701866678894, 212.33701866678894, 207.72705458360724, 207.72705458360724, 203.11753470869735, 203.11753470869735, 198.50726633379236, 198.50726633379236, 193.8979441258125, 193.8979441258125, 189.2661420418881, 189.2661420418881, 184.6414110418409, 184.6414110418409, 180.03369737579487, 180.03369737579487, 175.18703145859763, 175.18703145859763, 170.5708922916092, 170.5708922916092, 165.96105304174125, 165.96105304174125, 161.35337804164737, 161.35337804164737, 156.74159004166722, 156.74159004166722, 152.11269316682592, 152.11269316682592, 147.49713691696525, 147.49713691696525, 142.85776324989274, 142.85776324989274, 138.2501610829495, 138.2501610829495, 133.62880974891596, 133.62880974891596, 129.01885674893856, 129.01885674893856, 124.40323183196597, 124.40323183196597, 119.79212149907835, 119.79212149907835, 115.18216716498137, 115.18216716498137, 110.56864195689559, 110.56864195689559, 105.95355812367052, 105.95355812367052, 101.34032483259216, 101.34032483259216, 96.72289787349291, 96.72289787349291, 92.1103757894598, 92.1103757894598, 87.49584866454825, 87.49584866454825, 82.87873491435312, 82.87873491435312, 78.27068253932521, 78.27068253932521, 73.64068099739961, 73.64068099739961, 69.02911524754018, 69.02911524754018, 64.41923624766059, 64.41923624766059, 59.811199247604236, 59.811199247604236, 55.20466166455299], "rat_caught": [false, false, false, false, false, false, false, false, false, false, false, false, false, false, false, false, false, false, false, false, true, false, false, false, false, false, false, false, false, false, false, false, false, false, false, false, false, false, false, false, false, false, true, false, false, false, false, false, false, false, false, false, true, false, false, false, false, false, false, false, false, false, false, false, true, false, false, false, false, false, false, true, false, true, false, false, false, false, false, false], "left_behind": ["prime", "prime", "prime", "prime", "prime", "prime", "prime", "carpet", "carpet", "plain", "plain", "prime", "carpet", "prime", "plain", "prime", "prime", "prime", "prime", "carpet", "search", "plain", "prime", "plain", "carpet", "prime", "plain", "prime", "prime", "prime", "prime", "prime", "prime", "plain", "prime", "plain", "carpet", "prime", "plain", "search", "prime", "plain", "search", "carpet", "prime", "plain", "prime", "prime", "prime", "plain", "plain", "prime", "search", "prime", "plain", "plain", "carpet", "prime", "plain", "prime", "prime", "carpet", "prime", "plain", "search", "carpet", "prime", "search", "prime", "plain", "prime", "search", "prime", "search", "plain", "plain", "plain", "plain", "plain", "plain"], "errlog_a": "turns=40, last_best_rat_prob=0.303, last_search_target=(0, 4), last_eval=730.30, last_depth=239, search_miss_streak=0, search_gain=-1000000000.00, board_gain=22.92, opp_threat=0.00, opp_setup_threat=2.70, search_threshold=0.500", "errlog_b": "turns=40, last_best_rat_prob=0.345, last_search_target=(4, 5), last_eval=-722.55, last_depth=1049, search_miss_streak=0, search_gain=-1000000000.50, board_gain=-16.62, opp_threat=4.00, opp_setup_threat=5.80, search_threshold=0.460", "start_time": 240, "start_moves": 80, "turn_count": 80, "result": 0, "reason": "POINTS", "trapdoors": [[4, 4], [4, 4], [5, 4], [5, 4], [5, 4], [5, 4], [5, 4], [4, 4], [4, 4], [4, 5], [4, 5], [4, 5], [4, 6], [4, 7], [5, 7], [6, 7], [6, 7], [7, 7], [7, 6], [7, 5], [7, 4], [6, 0], [5, 0], [5, 0], [4, 0], [4, 0], [4, 0], [5, 0], [4, 0], [4, 0], [4, 0], [4, 1], [4, 2], [4, 3], [4, 3], [4, 3], [4, 3], [4, 3], [4, 3], [4, 3], [5, 3], [5, 3], [4, 3], [1, 0], [2, 0], [3, 0], [3, 0], [3, 0], [4, 0], [3, 0], [3, 0], [3, 0], [3, 0], [6, 4], [6, 4], [6, 4], [6, 4], [7, 4], [7, 4], [7, 4], [6, 4], [6, 4], [6, 4], [6, 4], [7, 4], [7, 6], [7, 5], [7, 5], [7, 5], [7, 6], [7, 5], [7, 5], [2, 7], [2, 7], [5, 4], [5, 4], [5, 4], [5, 4], [4, 4], [4, 4], [3, 4]], "spawn_a": [2, 3], "spawn_b": [5, 3]}