{"pos": [[2, 3], [4, 4], [2, 2], [3, 4], [2, 1], [4, 4], [2, 0], [3, 4], [2, 4], [3, 3], [2, 5], [4, 3], [3, 5], [3, 3], [3, 5], [3, 2], [3, 3], [4, 2], [3, 4], [4, 1], [4, 4], [4, 3], [4, 5], [5, 3], [4, 6], [4, 3], [4, 4], [5, 3], [3, 4], [5, 2], [3, 4], [6, 2], [3, 5], [7, 2], [3, 6], [7, 2], [4, 6], [5, 2], [4, 5], [5, 4], [5, 5], [5, 3], [6, 5], [4, 3], [6, 4], [4, 4], [6, 3], [4, 4], [6, 2], [4, 5], [6, 5], [2, 5], [7, 5], [2, 5], [7, 4], [1, 5], [7, 3], [1, 4], [7, 2], [0, 4], [7, 5], [0, 3], [7, 4], [0, 3], [6, 4], [1, 3], [5, 4], [1, 2], [4, 4], [1, 5], [4, 3], [1, 5], [4, 2], [0, 5], [4, 1], [0, 3], [3, 1], [0, 3], [3, 0], [1, 3]], "a_points": [1, 1, 2, 2, 3, 3, 4, 4, 10, 10, 10, 10, 11, 11, 15, 15, 17, 17, 17, 17, 17, 17, 18, 18, 19, 19, 21, 21, 21, 21, 25, 25, 25, 25, 26, 26, 27, 27, 28, 28, 28, 28, 29, 29, 30, 30, 31, 31, 32, 32, 36, 36, 36, 36, 37, 37, 38, 38, 39, 39, 43, 43, 43, 43, 43, 43, 43, 43, 43, 43, 43, 43, 43, 43, 43, 43, 44, 44, 45, 45], "b_points": [0, 1, 1, 1, 1, 1, 1, 1, 1, 2, 2, 2, 2, 3, 3, 4, 4, 5, 5, 6, 6, 8, 8, 8, 8, 8, 8, 8, 8, 9, 9, 10, 10, 11, 11, 15, 15, 17, 17, 19, 19, 19, 19, 19, 19, 19, 19, 23, 23, 23, 23, 25, 25, 29, 29, 29, 29, 30, 30, 31, 31, 32, 32, 36, 36, 37, 37, 38, 38, 42, 42, 46, 46, 46, 46, 48, 48, 46, 46, 46], "a_turns_left": [39, 39, 38, 38, 37, 37, 36, 36, 35, 35, 34, 34, 33, 33, 32, 32, 31, 31, 30, 30, 29, 29, 28, 28, 27, 27, 26, 26, 25, 25, 24, 24, 23, 23, 22, 22, 21, 21, 20, 20, 19, 19, 18, 18, 17, 17, 16, 16, 15, 15, 14, 14, 13, 13, 12, 12, 11, 11, 10, 10, 9, 9, 8, 8, 7, 7, 6, 6, 5, 5, 4, 4, 3, 3, 2, 2, 1, 1, 0, 0], "b_turns_left": [40, 39, 39, 38, 38, 37, 37, 36, 36, 35, 35, 34, 34, 33, 33, 32, 32, 31, 31, 30, 30, 29, 29, 28, 28, 27, 27, 26, 26, 25, 25, 24, 24, 23, 23, 22, 22, 21, 21, 20, 20, 19, 19, 18, 18, 17, 17, 16, 16, 15, 15, 14, 14, 13, 13, 12, 12, 11, 11, 10, 10, 9, 9, 8, 8, 7, 7, 6, 6, 5, 5, 4, 4, 3, 3, 2, 2, 1, 1, 0], "a_time_left": [236.28702837508172, 236.28702837508172, 232.5792512919288, 232.5792512919288, 228.87517329188995, 228.87517329188995, 225.17367245885544, 225.17367245885544, 221.47999270888977, 221.47999270888977, 217.78691066685133, 217.78691066685133, 214.09434879175387, 214.09434879175387, 210.3702348335646, 210.3702348335646, 206.67281979252584, 206.67281979252584, 202.9823220015969, 202.9823220015969, 199.2875050015282, 199.2875050015282, 195.59252091753297, 195.59252091753297, 191.8969033344183, 191.8969033344183, 188.19998545921408, 188.19998545921408, 184.5107244180981, 184.5107244180981, 180.792139376048, 180.792139376048, 177.09315200103447, 177.09315200103447, 173.27562550106086, 173.27562550106086, 169.57646825094707, 169.57646825094707, 165.88181708496995, 165.88181708496995, 162.17640841798857, 162.17640841798857, 158.47207679320127, 158.47207679320127, 154.77236275211908, 154.77236275211908, 151.07923629391007, 151.07923629391007, 147.35576933482662, 147.35576933482662, 143.66597404284403, 143.66597404284403, 139.97597679286264, 139.97597679286264, 136.28146170987748, 136.28146170987748, 132.57770554278977, 132.57770554278977, 128.88253379263915, 128.88253379263915, 125.18793633463793, 125.18793633463793, 121.48304591770284, 121.48304591770284, 117.79297683364712, 117.79297683364712, 114.0970567506738, 114.0970567506738, 110.40485620871186, 110.40485620871186, 106.7152914586477, 106.7152914586477, 103.02570324973203, 103.02570324973203, 99.33846154180355, 99.33846154180355, 95.65243499982171, 95.65243499982171, 91.96639929083176, 91.96639929083176], "b_time_left": [240, 236.2978358331602, 236.2978358331602, 232.58625941630453, 232.58625941630453, 228.87090712436475, 228.87090712436475, 225.1766552904155, 225.1766552904155, 221.47440570755862, 221.47440570755862, 217.76952341664582, 217.76952341664582, 214.05866791657172, 214.05866791657172, 210.36036333348602, 210.36036333348602, 206.6624683754053, 206.6624683754053, 202.96559812524356, 202.96559812524356, 199.25851991726086, 199.25851991726086, 195.56353320926428, 195.56353320926428, 191.8726339172572, 191.8726339172572, 188.18255937634967, 188.18255937634967, 184.48637175140902, 184.48637175140902, 180.73755783447996, 180.73755783447996, 177.03625137661584, 177.03625137661584, 173.33011583448388, 173.33011583448388, 169.62650716747157, 169.62650716747157, 165.93467520945705, 165.93467520945705, 162.24828420951962, 162.24828420951962, 158.53697300050408, 158.53697300050408, 154.81966337561607, 154.81966337561607, 150.95904304250143, 150.95904304250143, 147.2667840423528, 147.2667840423528, 143.56829108437523, 143.56829108437523, 139.85307754250243, 139.85307754250243, 136.14468816760927, 136.14468816760927, 132.45311129279435, 132.45311129279435, 128.76031195977703, 128.76031195977703, 125.0679920008406, 125.0679920008406, 121.37012179172598, 121.37012179172598, 117.67546816682443, 117.67546816682443, 113.9688465828076, 113.9688465828076, 110.27497099991888, 110.27497099991888, 106.58510537492111, 106.58510537492111, 102.89881929196417, 102.89881929196417, 99.21228758385405, 99.21228758385405, 95.51937141781673, 95.51937141781673, 91.83518262580037], "rat_caught": [false, false, false, false, false, false, false, false, false, false, false, false, false, false, true, false, false, false, false, false, false, false, false, false, false, false, false, false, false, false, true, false, false, false, false, true, false, false, false, false, false, false, false, false, false, false, false, true, false, false, false, false, false, true, false, false, false, false, false, false, false, false, false, true, false, false, false, false, false, false, false, true, false, false, false, false, false, false, false, false], "left_behind": ["prime", "prime", "prime", "plain", "prime", "plain", "prime", "plain", "carpet", "prime", "plain", "plain", "prime", "prime", "search", "prime", "carpet", "prime", "plain", "prime", "plain", "carpet", "prime", "plain", "prime", "plain", "carpet", "plain", "plain", "prime", "search", "prime", "plain", "prime", "prime", "search", "prime", "carpet", "prime", "carpet", "plain", "plain", "prime", "plain", "prime", "plain", "prime", "search", "prime", "plain", "carpet", "carpet", "plain", "search", "prime", "plain", "prime", "prime", "prime", "prime", "carpet", "prime", "plain", "search", "plain", "prime", "plain", "prime", "plain", "carpet", "plain", "search", "plain", "plain", "plain", "carpet", "prime", "search", "prime", "plain"], "errlog_a": "turns=40, last_best_rat_prob=0.317, last_search_target=(1, 5), last_eval=-3.48, last_depth=182, search_miss_streak=0, search_gain=-999999998.00, board_gain=-78.81, opp_threat=0.00, opp_setup_threat=0.35, search_threshold=0.480", "errlog_b": "turns=40, last_best_rat_prob=0.297, last_search_target=(1, 6), last_eval=3.00, last_depth=1007, search_miss_streak=1, search_gain=-1000000018.00, board_gain=-14.38, opp_threat=2.00, opp_setup_threat=2.00, search_threshold=0.560", "start_time": 240, "start_moves": 80, "turn_count": 80, "result": 1, "reason": "POINTS", "trapdoors": [[1, 5], [2, 5], [2, 6], [2, 6], [3, 6], [3, 6], [3, 6], [3, 5], [3, 4], [3, 4], [3, 3], [3, 3], [3, 3], [3, 4], [3, 4], [6, 5], [6, 4], [6, 4], [6, 4], [6, 4], [6, 4], [6, 4], [6, 4], [6, 4], [6, 4], [6, 4], [6, 4], [6, 4], [5, 4], [6, 4], [6, 4], [5, 3], [4, 3], [4, 3], [4, 3], [4, 3], [2, 5], [2, 5], [2, 5], [2, 5], [2, 5], [2, 6], [3, 6], [3, 6], [3, 6], [4, 6], [4, 6], [4, 6], [3, 5], [2, 5], [2, 5], [2, 5], [1, 5], [1, 6], [6, 2], [6, 2], [6, 2], [5, 2], [5, 2], [4, 2], [4, 2], [5, 2], [5, 2], [5, 1], [5, 1], [5, 1], [5, 0], [5, 0], [5, 0], [4, 0], [4, 0], [4, 0], [2, 4], [2, 4], [1, 4], [1, 4], [1, 4], [1, 4], [1, 4], [1, 4], [1, 4]], "spawn_a": [2, 4], "spawn_b": [5, 4]}