{"pos": [[2, 4], [4, 3], [1, 4], [4, 4], [3, 4], [4, 5], [3, 5], [4, 6], [4, 5], [3, 6], [3, 5], [3, 7], [3, 5], [4, 7], [4, 5], [5, 7], [4, 3], [3, 7], [4, 2], [3, 5], [3, 2], [3, 4], [3, 3], [4, 4], [2, 3], [5, 4], [3, 3], [5, 3], [4, 3], [5, 2], [4, 2], [6, 2], [5, 2], [6, 3], [5, 2], [5, 3], [4, 2], [4, 3], [4, 1], [2, 3], [4, 0], [2, 2], [4, 0], [1, 2], [4, 1], [0, 2], [4, 1], [3, 2], [3, 1], [3, 3], [3, 0], [2, 3], [3, 1], [1, 3], [3, 2], [1, 4], [3, 0], [1, 5], [3, 1], [2, 5], [3, 2], [3, 5], [3, 3], [3, 5], [4, 3], [1, 5], [5, 3], [0, 5], [5, 3], [0, 4], [6, 3], [0, 3], [6, 4], [0, 3], [7, 4], [0, 2], [5, 4], [0, 5], [6, 4], [1, 5]], "a_points": [1, 1, 2, 2, 4, 4, 4, 4, 3, 3, 3, 3, 1, 1, 2, 2, 4, 4, 4, 4, 5, 5, 6, 6, 6, 6, 7, 7, 8, 8, 7, 7, 6, 6, 10, 10, 10, 10, 10, 10, 10, 10, 8, 8, 9, 9, 13, 13, 14, 14, 14, 14, 15, 15, 16, 16, 18, 18, 18, 18, 18, 18, 18, 18, 18, 18, 18, 18, 16, 16, 16, 16, 17, 17, 18, 18, 20, 20, 20, 20], "b_points": [0, 0, 0, 1, 1, 2, 2, 3, 3, 4, 4, 5, 5, 6, 6, 7, 7, 9, 9, 11, 11, 11, 11, 11, 11, 11, 11, 12, 12, 13, 13, 14, 14, 15, 15, 14, 14, 14, 14, 16, 16, 16, 16, 17, 17, 18, 18, 22, 22, 22, 22, 22, 22, 22, 22, 23, 23, 24, 24, 25, 25, 26, 26, 30, 30, 32, 32, 32, 32, 33, 33, 34, 34, 38, 38, 39, 39, 43, 43, 43], "a_turns_left": [39, 39, 38, 38, 37, 37, 36, 36, 35, 35, 34, 34, 33, 33, 32, 32, 31, 31, 30, 30, 29, 29, 28, 28, 27, 27, 26, 26, 25, 25, 24, 24, 23, 23, 22, 22, 21, 21, 20, 20, 19, 19, 18, 18, 17, 17, 16, 16, 15, 15, 14, 14, 13, 13, 12, 12, 11, 11, 10, 10, 9, 9, 8, 8, 7, 7, 6, 6, 5, 5, 4, 4, 3, 3, 2, 2, 1, 1, 0, 0], "b_turns_left": [40, 39, 39, 38, 38, 37, 37, 36, 36, 35, 35, 34, 34, 33, 33, 32, 32, 31, 31, 30, 30, 29, 29, 28, 28, 27, 27, 26, 26, 25, 25, 24, 24, 23, 23, 22, 22, 21, 21, 20, 20, 19, 19, 18, 18, 17, 17, 16, 16, 15, 15, 14, 14, 13, 13, 12, 12, 11, 11, 10, 10, 9, 9, 8, 8, 7, 7, 6, 6, 5, 5, 4, 4, 3, 3, 2, 2, 1, 1, 0], "a_time_left": [236.3108259998262, 236.3108259998262, 232.62060437491164, 232.62060437491164, 228.9236779997591, 228.9236779997591, 225.2244740827009, 225.2244740827009, 221.52825766662136, 221.52825766662136, 217.82822750066407, 217.82822750066407, 214.13234979263507, 214.13234979263507, 210.43820354272611, 210.43820354272611, 206.7390233767219, 206.7390233767219, 203.03387770964764, 203.03387770964764, 199.34085537679493, 199.34085537679493, 195.6300191686023, 195.6300191686023, 191.93464995967224, 191.93464995967224, 188.2368156677112, 188.2368156677112, 184.53661025175825, 184.53661025175825, 180.83294666861184, 180.83294666861184, 177.1382273347117, 177.1382273347117, 173.4328420017846, 173.4328420017846, 169.7346416679211, 169.7346416679211, 166.03923079301603, 166.03923079301603, 162.34925412596203, 162.34925412596203, 158.65065016807057, 158.65065016807057, 154.95392191805877, 154.95392191805877, 151.26217662612908, 151.26217662612908, 147.56667204294354, 147.56667204294354, 143.87719116802327, 143.87719116802327, 140.18447512597777, 140.18447512597777, 136.48518325109035, 136.48518325109035, 132.79365895921364, 132.79365895921364, 129.10474975127727, 129.10474975127727, 125.41315554222092, 125.41315554222092, 121.71180962515064, 121.71180962515064, 117.98924745805562, 117.98924745805562, 114.29905595816672, 114.29905595816672, 110.59648941620253, 110.59648941620253, 106.89582624915056, 106.89582624915056, 103.19922079122625, 103.19922079122625, 99.49692987417802, 99.49692987417802, 95.80733858211897, 95.80733858211897, 92.11694249906577, 92.11694249906577], "b_time_left": [240, 236.30919137503952, 236.30919137503952, 232.6160964590963, 232.6160964590963, 228.92573220911436, 228.92573220911436, 225.23237862531096, 225.23237862531096, 221.54048945824616, 221.54048945824616, 217.8414523752872, 217.8414523752872, 214.14451437513344, 214.14451437513344, 210.43852637521923, 210.43852637521923, 206.73628783319145, 206.73628783319145, 203.0433728741482, 203.0433728741482, 199.3363016662188, 199.3363016662188, 195.64223270723596, 195.64223270723596, 191.9453310824465, 191.9453310824465, 188.24621216533706, 188.24621216533706, 184.54799783136696, 184.54799783136696, 180.852708873339, 180.852708873339, 177.14366604038514, 177.14366604038514, 173.43831424834207, 173.43831424834207, 169.74585920735262, 169.74585920735262, 166.05689045740291, 166.05689045740291, 162.3586764994543, 162.3586764994543, 158.6577757494524, 158.6577757494524, 154.96841683238745, 154.96841683238745, 151.27939333231188, 151.27939333231188, 147.58254741644487, 147.58254741644487, 143.88769433344714, 143.88769433344714, 140.197033083532, 140.197033083532, 136.5037609585561, 136.5037609585561, 132.80749154253863, 132.80749154253863, 129.11787566752173, 129.11787566752173, 125.4159791674465, 125.4159791674465, 121.71081312559545, 121.71081312559545, 118.01229112548754, 118.01229112548754, 114.30491241649725, 114.30491241649725, 110.60745074949227, 110.60745074949227, 106.91672229161486, 106.91672229161486, 103.21153820771724, 103.21153820771724, 99.50886187469587, 99.50886187469587, 95.81829524948262, 95.81829524948262, 92.1299489994999], "rat_caught": [false, false, false, false, false, false, false, false, false, false, false, false, false, false, false, false, false, false, false, false, false, false, false, false, false, false, false, false, false, false, false, false, false, false, true, false, false, false, false, false, false, false, false, false, false, false, true, false, false, false, false, false, false, false, false, false, false, false, false, false, false, false, false, true, false, false, false, false, false, false, false, false, false, true, false, false, false, false, false, false], "left_behind": ["prime", "plain", "prime", "prime", "carpet", "prime", "plain", "prime", "carpet", "prime", "plain", "prime", "search", "prime", "prime", "prime", "carpet", "carpet", "plain", "carpet", "prime", "plain", "prime", "plain", "plain", "plain", "prime", "prime", "prime", "prime", "carpet", "prime", "carpet", "prime", "search", "carpet", "plain", "plain", "plain", "carpet", "plain", "plain", "search", "prime", "prime", "prime", "search", "carpet", "prime", "plain", "plain", "plain", "prime", "plain", "prime", "prime", "carpet", "prime", "plain", "prime", "plain", "prime", "plain", "search", "plain", "carpet", "plain", "plain", "search", "prime", "plain", "prime", "prime", "search", "prime", "prime", "carpet", "carpet", "plain", "plain"], "errlog_a": "turns=40, last_best_rat_prob=0.289, last_search_target=(4, 2), last_eval=-343.16, last_depth=208, search_miss_streak=1, search_gain=-1000000004.00, board_gain=-8.75, opp_threat=0.00, opp_setup_threat=2.70, search_threshold=0.460", "errlog_b": "turns=40, last_best_rat_prob=0.367, last_search_target=(7, 3), last_eval=363.27, last_depth=996, search_miss_streak=0, search_gain=-1000000006.50, board_gain=-24.36, opp_threat=2.00, opp_setup_threat=2.00, search_threshold=0.600", "start_time": 240, "start_moves": 80, "turn_count": 80, "result": 1, "reason": "POINTS", "trapdoors": [[0, 0], [0, 0], [1, 0], [2, 0], [2, 0], [3, 0], [3, 0], [3, 1], [3, 1], [3, 1], [4, 1], [5, 1], [6, 1], [6, 2], [6, 2], [6, 2], [6, 2], [6, 2], [6, 2], [6, 2], [7, 2], [7, 2], [7, 3], [7, 3], [7, 3], [7, 3], [7, 4], [7, 4], [7, 4], [7, 3], [7, 3], [7, 3], [7, 4], [7, 4], [7, 4], [4, 0], [4, 0], [4, 0], [4, 0], [5, 0], [5, 0], [5, 0], [6, 0], [6, 0], [6, 0], [6, 0], [6, 0], [1, 5], [1, 5], [0, 5], [0, 5], [0, 6], [0, 6], [0, 6], [0, 6], [0, 6], [0, 5], [0, 6], [0, 5], [0, 5], [0, 5], [1, 5], [1, 5], [1, 5], [6, 5], [6, 5], [6, 5], [6, 6], [6, 7], [6, 7], [6, 6], [6, 6], [6, 7], [6, 7], [3, 1], [4, 1], [5, 1], [5, 1], [6, 1], [6, 1], [6, 1]], "spawn_a": [3, 4], "spawn_b": [4, 4]}