{"pos": [[2, 3], [4, 4], [2, 2], [4, 3], [2, 1], [3, 3], [2, 0], [2, 3], [2, 2], [3, 3], [2, 3], [3, 2], [4, 3], [3, 3], [5, 3], [3, 4], [6, 3], [5, 4], [5, 3], [5, 5], [5, 2], [4, 5], [5, 1], [3, 5], [5, 3], [3, 6], [5, 4], [3, 6], [4, 4], [3, 6], [3, 4], [3, 5], [3, 3], [3, 4], [4, 3], [3, 5], [4, 4], [2, 5], [4, 5], [3, 5], [4, 6], [3, 5], [4, 5], [3, 5], [4, 4], [4, 5], [4, 4], [2, 5], [4, 3], [1, 5], [4, 2], [1, 4], [5, 2], [1, 4], [5, 1], [0, 4], [4, 1], [0, 3], [3, 1], [1, 3], [3, 1], [1, 2], [2, 1], [0, 2], [5, 1], [0, 4], [5, 1], [2, 4], [5, 0], [1, 4], [5, 1], [1, 2], [5, 2], [2, 2], [3, 2], [2, 2], [3, 3], [2, 2], [3, 4], [2, 3]], "a_points": [1, 1, 2, 2, 3, 3, 4, 4, 6, 6, 6, 6, 8, 8, 8, 8, 8, 8, 9, 9, 10, 10, 11, 11, 13, 13, 13, 13, 13, 13, 13, 13, 14, 14, 14, 14, 14, 14, 13, 13, 13, 13, 14, 14, 14, 14, 18, 18, 18, 18, 18, 18, 19, 19, 19, 19, 20, 20, 21, 21, 25, 25, 26, 26, 30, 30, 34, 34, 34, 34, 35, 35, 35, 35, 37, 37, 37, 37, 37, 37], "b_points": [0, 1, 1, 2, 2, 3, 3, 2, 2, 2, 2, 3, 3, 4, 4, 4, 4, 6, 6, 6, 6, 7, 7, 8, 8, 8, 8, 6, 6, 10, 10, 11, 11, 10, 10, 10, 10, 10, 10, 11, 11, 9, 9, 13, 13, 14, 14, 16, 16, 16, 16, 17, 17, 21, 21, 22, 22, 23, 23, 24, 24, 25, 25, 26, 26, 28, 28, 30, 30, 30, 30, 32, 32, 32, 32, 30, 30, 28, 28, 28], "a_turns_left": [39, 39, 38, 38, 37, 37, 36, 36, 35, 35, 34, 34, 33, 33, 32, 32, 31, 31, 30, 30, 29, 29, 28, 28, 27, 27, 26, 26, 25, 25, 24, 24, 23, 23, 22, 22, 21, 21, 20, 20, 19, 19, 18, 18, 17, 17, 16, 16, 15, 15, 14, 14, 13, 13, 12, 12, 11, 11, 10, 10, 9, 9, 8, 8, 7, 7, 6, 6, 5, 5, 4, 4, 3, 3, 2, 2, 1, 1, 0, 0], "b_turns_left": [40, 39, 39, 38, 38, 37, 37, 36, 36, 35, 35, 34, 34, 33, 33, 32, 32, 31, 31, 30, 30, 29, 29, 28, 28, 27, 27, 26, 26, 25, 25, 24, 24, 23, 23, 22, 22, 21, 21, 20, 20, 19, 19, 18, 18, 17, 17, 16, 16, 15, 15, 14, 14, 13, 13, 12, 12, 11, 11, 10, 10, 9, 9, 8, 8, 7, 7, 6, 6, 5, 5, 4, 4, 3, 3, 2, 2, 1, 1, 0], "a_time_left": [235.3868393751327, 235.3868393751327, 230.77356079104356, 230.77356079104356, 226.16150325001217, 226.16150325001217, 221.54976454214193, 221.54976454214193, 216.9401379171759, 216.9401379171759, 212.32386695919558, 212.32386695919558, 207.7072717093397, 207.7072717093397, 203.09647354250774, 203.09647354250774, 198.48105833446607, 198.48105833446607, 193.87114216736518, 193.87114216736518, 189.25486095924862, 189.25486095924862, 184.64489983441308, 184.64489983441308, 180.0298659594264, 180.0298659594264, 175.42089775158092, 175.42089775158092, 170.8096616687253, 170.8096616687253, 166.20209708460607, 166.20209708460607, 161.5932887517847, 161.5932887517847, 156.9846672937274, 156.9846672937274, 152.37662404379807, 152.37662404379807, 147.76499796076678, 147.76499796076678, 143.1583686277736, 143.1583686277736, 138.53880275273696, 138.53880275273696, 133.92183991870843, 133.92183991870843, 129.3101402518805, 129.3101402518805, 124.69719846104272, 124.69719846104272, 120.08476041886024, 120.08476041886024, 115.47299950290471, 115.47299950290471, 110.86279883678071, 110.86279883678071, 106.2513815027196, 106.2513815027196, 101.6401054605376, 101.6401054605376, 97.02189133549109, 97.02189133549109, 92.40878296038136, 92.40878296038136, 87.79546183533967, 87.79546183533967, 83.18515908531845, 83.18515908531845, 78.57671162649058, 78.57671162649058, 73.96551012643613, 73.96551012643613, 69.35217683436349, 69.35217683436349, 64.7373066265136, 64.7373066265136, 60.12861704360694, 60.12861704360694, 55.52386700268835, 55.52386700268835], "b_time_left": [240, 235.3836961670313, 235.3836961670313, 230.76978125120513, 230.76978125120513, 226.1516260842327, 226.1516260842327, 221.54071400105022, 221.54071400105022, 216.933554291958, 216.933554291958, 212.3153600008227, 212.3153600008227, 207.7010693338234, 207.7010693338234, 203.09211233397946, 203.09211233397946, 198.45857987599447, 198.45857987599447, 193.84393116808496, 193.84393116808496, 189.2326148771681, 189.2326148771681, 184.6178108351305, 184.6178108351305, 180.00482941814698, 180.00482941814698, 175.3928543771617, 175.3928543771617, 170.77525496017188, 170.77525496017188, 166.1639556682203, 166.1639556682203, 161.55547783523798, 161.55547783523798, 156.94763121032156, 156.94763121032156, 152.33724696049467, 152.33724696049467, 147.72403171029873, 147.72403171029873, 143.10823641950265, 143.10823641950265, 138.4975212526042, 138.4975212526042, 133.88478204468265, 133.88478204468265, 129.2711920447182, 129.2711920447182, 124.65788762760349, 124.65788762760349, 120.046769419685, 120.046769419685, 115.4321038366761, 115.4321038366761, 110.82017062860541, 110.82017062860541, 106.2101612535771, 106.2101612535771, 101.59975592070259, 101.59975592070259, 96.98409108771011, 96.98409108771011, 92.37310008774512, 92.37310008774512, 87.76485658762977, 87.76485658762977, 83.14755271258764, 83.14755271258764, 78.53715396253392, 78.53715396253392, 73.92412133770995, 73.92412133770995, 69.31620262865908, 69.31620262865908, 64.70415250351653, 64.70415250351653, 60.095750795444474, 60.095750795444474, 55.48789492063224], "rat_caught": [false, false, false, false, false, false, false, false, false, false, false, false, false, false, false, false, false, false, false, false, false, false, false, false, false, false, false, false, false, true, false, false, false, false, false, false, false, false, false, false, false, false, false, true, false, false, true, false, false, false, false, false, false, true, false, false, false, false, false, false, true, false, false, false, false, false, true, false, false, false, false, false, false, false, false, false, false, false, false, false], "left_behind": ["prime", "prime", "prime", "prime", "prime", "prime", "prime", "carpet", "carpet", "plain", "plain", "prime", "carpet", "prime", "plain", "plain", "plain", "carpet", "prime", "plain", "prime", "prime", "prime", "prime", "carpet", "plain", "plain", "search", "plain", "search", "plain", "prime", "prime", "carpet", "plain", "plain", "plain", "plain", "carpet", "prime", "plain", "search", "prime", "search", "plain", "prime", "search", "carpet", "plain", "plain", "plain", "prime", "prime", "search", "plain", "prime", "prime", "prime", "prime", "prime", "search", "prime", "prime", "prime", "carpet", "carpet", "search", "carpet", "plain", "plain", "prime", "carpet", "plain", "plain", "carpet", "search", "plain", "search", "plain", "plain"], "errlog_a": "turns=40, last_best_rat_prob=0.405, last_search_target=(4, 7), last_eval=244.09, last_depth=209, search_miss_streak=0, search_gain=-1000000000.00, board_gain=-50.62, opp_threat=0.00, opp_setup_threat=0.00, search_threshold=0.470", "errlog_b": "turns=40, last_best_rat_prob=0.506, last_search_target=(7, 4), last_eval=-191.44, last_depth=1012, search_miss_streak=2, search_gain=5.98, board_gain=6.81, opp_threat=0.00, opp_setup_threat=0.00, search_threshold=0.460", "start_time": 240, "start_moves": 80, "turn_count": 80, "result": 0, "reason": "POINTS", "trapdoors": [[5, 5], [5, 5], [5, 6], [5, 6], [5, 5], [5, 5], [6, 5], [6, 6], [5, 6], [5, 6], [5, 7], [5, 7], [5, 7], [5, 7], [5, 7], [5, 6], [5, 6], [6, 6], [6, 7], [6, 7], [6, 7], [5, 7], [5, 7], [5, 7], [5, 7], [4, 7], [4, 7], [4, 6], [3, 6], [3, 6], [2, 6], [2, 6], [2, 6], [2, 6], [2, 6], [2, 6], [1, 6], [1, 6], [1, 6], [2, 6], [2, 6], [2, 6], [2, 6], [2, 6], [4, 5], [4, 5], [4, 5], [2, 0], [2, 0], [2, 0], [2, 0], [2, 0], [3, 0], [3, 0], [0, 7], [1, 7], [1, 7], [1, 7], [1, 7], [1, 7], [0, 7], [1, 6], [1, 6], [1, 6], [1, 7], [1, 7], [1, 7], [5, 7], [4, 7], [5, 7], [4, 7], [4, 7], [4, 7], [4, 7], [3, 7], [3, 7], [3, 7], [2, 7], [1, 7], [0, 7], [0, 7]], "spawn_a": [2, 4], "spawn_b": [5, 4]}