{"pos": [[3, 4], [4, 4], [3, 3], [4, 3], [2, 3], [5, 3], [2, 2], [4, 3], [3, 2], [4, 2], [3, 1], [4, 1], [3, 4], [4, 0], [4, 4], [4, 3], [5, 4], [4, 4], [5, 5], [4, 4], [6, 5], [4, 5], [6, 5], [4, 4], [6, 4], [4, 5], [7, 4], [6, 5], [5, 4], [6, 4], [4, 4], [6, 4], [3, 4], [6, 3], [2, 4], [6, 2], [2, 5], [5, 2], [1, 5], [4, 2], [0, 5], [6, 2], [3, 5], [6, 2], [3, 6], [7, 2], [3, 5], [7, 3], [2, 5], [7, 4], [2, 2], [7, 5], [2, 2], [7, 2], [2, 1], [7, 2], [2, 1], [7, 3], [2, 0], [7, 3], [3, 0], [5, 3], [4, 0], [4, 3], [2, 0], [4, 3], [2, 1], [3, 3], [3, 1], [2, 3], [3, 1], [1, 3], [4, 1], [0, 3], [2, 1], [0, 4], [2, 2], [1, 4], [2, 2], [2, 4]], "a_points": [1, 1, 2, 2, 3, 3, 4, 4, 5, 5, 6, 6, 10, 10, 9, 9, 9, 9, 10, 10, 11, 11, 15, 15, 16, 16, 17, 17, 19, 19, 19, 19, 19, 19, 19, 19, 20, 20, 21, 21, 22, 22, 26, 26, 26, 26, 27, 27, 27, 27, 31, 31, 29, 29, 29, 29, 27, 27, 27, 27, 28, 28, 29, 29, 31, 31, 31, 31, 32, 32, 36, 36, 37, 37, 39, 39, 39, 39, 43, 43], "b_points": [0, 1, 1, 2, 2, 2, 2, 3, 3, 4, 4, 5, 5, 6, 6, 10, 10, 10, 10, 14, 14, 13, 13, 13, 13, 13, 13, 15, 15, 15, 15, 19, 19, 19, 19, 20, 20, 21, 21, 22, 22, 24, 24, 28, 28, 28, 28, 29, 29, 30, 30, 31, 31, 35, 35, 33, 33, 33, 33, 31, 31, 33, 33, 33, 33, 31, 31, 31, 31, 31, 31, 31, 31, 31, 31, 32, 32, 33, 33, 34], "a_turns_left": [39, 39, 38, 38, 37, 37, 36, 36, 35, 35, 34, 34, 33, 33, 32, 32, 31, 31, 30, 30, 29, 29, 28, 28, 27, 27, 26, 26, 25, 25, 24, 24, 23, 23, 22, 22, 21, 21, 20, 20, 19, 19, 18, 18, 17, 17, 16, 16, 15, 15, 14, 14, 13, 13, 12, 12, 11, 11, 10, 10, 9, 9, 8, 8, 7, 7, 6, 6, 5, 5, 4, 4, 3, 3, 2, 2, 1, 1, 0, 0], "b_turns_left": [40, 39, 39, 38, 38, 37, 37, 36, 36, 35, 35, 34, 34, 33, 33, 32, 32, 31, 31, 30, 30, 29, 29, 28, 28, 27, 27, 26, 26, 25, 25, 24, 24, 23, 23, 22, 22, 21, 21, 20, 20, 19, 19, 18, 18, 17, 17, 16, 16, 15, 15, 14, 14, 13, 13, 12, 12, 11, 11, 10, 10, 9, 9, 8, 8, 7, 7, 6, 6, 5, 5, 4, 4, 3, 3, 2, 2, 1, 1, 0], "a_time_left": [235.38182100001723, 235.38182100001723, 230.76254120795056, 230.76254120795056, 226.1445042078849, 226.1445042078849, 221.52409466705285, 221.52409466705285, 216.91331575112417, 216.91331575112417, 212.2894913761411, 212.2894913761411, 207.67699600127526, 207.67699600127526, 203.06442304328084, 203.06442304328084, 198.45118046039715, 198.45118046039715, 193.84080504323356, 193.84080504323356, 189.21861929330043, 189.21861929330043, 184.59936591843143, 184.59936591843143, 179.9807562935166, 179.9807562935166, 175.3493517935276, 175.3493517935276, 170.7360790434759, 170.7360790434759, 166.1266373344697, 166.1266373344697, 161.5069955845829, 161.5069955845829, 156.89314237656072, 156.89314237656072, 152.2823985016439, 152.2823985016439, 147.66979062650353, 147.66979062650353, 143.05368491867557, 143.05368491867557, 138.4205208767671, 138.4205208767671, 133.8000205848366, 133.8000205848366, 129.185384292854, 129.185384292854, 124.56925320904702, 124.56925320904702, 119.95280870911665, 119.95280870911665, 115.34227645909414, 115.34227645909414, 110.73366658412851, 110.73366658412851, 106.11647137627006, 106.11647137627006, 101.50243958528154, 101.50243958528154, 96.89393116836436, 96.89393116836436, 92.26816979353316, 92.26816979353316, 87.65892846067436, 87.65892846067436, 83.04988550278358, 83.04988550278358, 78.44076604489237, 78.44076604489237, 73.82265246193856, 73.82265246193856, 69.19134983676486, 69.19134983676486, 64.57452800380997, 64.57452800380997, 59.96852200385183, 59.96852200385183, 55.358869295800105, 55.358869295800105], "b_time_left": [240, 235.36633220897056, 235.36633220897056, 230.74814875097945, 230.74814875097945, 226.13294162601233, 226.13294162601233, 221.50694666802883, 221.50694666802883, 216.89428133401088, 216.89428133401088, 212.26918108388782, 212.26918108388782, 207.64816491678357, 207.64816491678357, 203.0334009588696, 203.0334009588696, 198.4241964169778, 198.4241964169778, 193.80527354194783, 193.80527354194783, 189.19109154189937, 189.19109154189937, 184.56558770895936, 184.56558770895936, 179.94647916709073, 179.94647916709073, 175.33167725009844, 175.33167725009844, 170.72281508427113, 170.72281508427113, 166.09735104232095, 166.09735104232095, 161.4872661253903, 161.4872661253903, 156.85308466735296, 156.85308466735296, 152.23700812552124, 152.23700812552124, 147.63008508342318, 147.63008508342318, 143.00671170838177, 143.00671170838177, 138.3980417503044, 138.3980417503044, 133.77108683320694, 133.77108683320694, 129.15311750024557, 129.15311750024557, 124.53932733344845, 124.53932733344845, 119.92617799947038, 119.92617799947038, 115.313632666599, 115.313632666599, 110.70278791640885, 110.70278791640885, 106.09421920846216, 106.09421920846216, 101.47924804245122, 101.47924804245122, 96.86637637554668, 96.86637637554668, 92.23092587571591, 92.23092587571591, 87.62084883381613, 87.62084883381613, 83.01030779164284, 83.01030779164284, 78.40122337453067, 78.40122337453067, 73.7016464995686, 73.7016464995686, 69.08586345752701, 69.08586345752701, 64.47303833253682, 64.47303833253682, 59.86394629068673, 59.86394629068673, 55.25598849868402], "rat_caught": [false, false, false, false, false, false, false, false, false, false, false, false, false, false, false, false, false, false, false, true, false, false, true, false, false, false, false, false, false, false, false, true, false, false, false, false, false, false, false, false, false, false, false, true, false, false, false, false, false, false, false, false, false, false, false, false, false, false, false, false, false, false, false, false, false, false, false, false, false, false, true, false, false, false, false, false, false, false, true, false], "left_behind": ["prime", "prime", "prime", "prime", "prime", "plain", "prime", "prime", "prime", "prime", "prime", "prime", "carpet", "prime", "carpet", "carpet", "plain", "plain", "prime", "search", "prime", "carpet", "search", "plain", "prime", "plain", "prime", "carpet", "carpet", "plain", "plain", "search", "plain", "plain", "plain", "prime", "prime", "prime", "prime", "prime", "prime", "carpet", "carpet", "search", "plain", "plain", "prime", "prime", "plain", "prime", "carpet", "prime", "search", "carpet", "plain", "search", "search", "plain", "plain", "search", "prime", "carpet", "prime", "plain", "carpet", "search", "plain", "plain", "prime", "plain", "search", "plain", "prime", "plain", "carpet", "prime", "plain", "prime", "search", "prime"], "errlog_a": "turns=40, last_best_rat_prob=0.631, last_search_target=(1, 2), last_eval=53.16, last_depth=222, search_miss_streak=0, search_gain=53.16, board_gain=19.55, opp_threat=1.00, opp_setup_threat=3.70, search_threshold=0.600", "errlog_b": "turns=40, last_best_rat_prob=0.204, last_search_target=(5, 6), last_eval=-180.19, last_depth=661, search_miss_streak=3, search_gain=-1000000000.00, board_gain=32.44, opp_threat=0.00, opp_setup_threat=0.00, search_threshold=0.470", "start_time": 240, "start_moves": 80, "turn_count": 80, "result": 0, "reason": "POINTS", "trapdoors": [[3, 4], [3, 4], [3, 5], [3, 6], [3, 6], [3, 6], [2, 6], [1, 6], [1, 7], [1, 6], [1, 5], [1, 4], [1, 4], [1, 4], [1, 4], [1, 4], [1, 4], [1, 4], [1, 3], [1, 3], [4, 5], [4, 5], [4, 5], [0, 5], [0, 5], [0, 5], [0, 6], [0, 5], [0, 5], [0, 5], [0, 4], [0, 4], [6, 1], [6, 1], [6, 1], [6, 1], [6, 1], [5, 1], [6, 1], [6, 1], [6, 1], [6, 1], [5, 1], [5, 1], [2, 1], [2, 1], [2, 1], [2, 1], [2, 1], [2, 1], [3, 1], [3, 2], [3, 3], [3, 3], [3, 3], [3, 3], [3, 3], [4, 3], [5, 3], [5, 3], [5, 2], [5, 2], [5, 3], [5, 4], [5, 4], [5, 4], [5, 4], [5, 4], [5, 4], [5, 5], [5, 5], [0, 4], [0, 3], [1, 3], [1, 3], [0, 3], [0, 3], [0, 2], [0, 2], [4, 7], [4, 7]], "spawn_a": [3, 5], "spawn_b": [4, 5]}