{"pos": [[2, 4], [5, 4], [1, 4], [4, 4], [3, 4], [4, 3], [3, 3], [5, 3], [3, 2], [6, 3], [3, 3], [4, 3], [2, 3], [4, 2], [1, 3], [4, 3], [3, 3], [5, 3], [3, 4], [5, 4], [3, 5], [6, 4], [4, 5], [7, 4], [5, 5], [4, 4], [3, 5], [4, 4], [3, 6], [4, 5], [2, 6], [5, 5], [2, 7], [6, 5], [2, 6], [6, 5], [2, 5], [7, 5], [1, 5], [6, 5], [0, 5], [5, 5], [0, 4], [5, 5]], "a_points": [1, 1, 2, 2, 4, 4, 4, 4, 4, 4, 5, 5, 6, 6, 7, 7, 9, 9, 9, 9, 9, 9, 10, 10, 11, 11, 13, 13, 13, 13, 14, 14, 14, 14, 15, 15, 16, 16, 17, 17, 18, 18, 18, 18], "b_points": [0, 0, 0, 0, 0, 1, 1, 2, 2, 3, 3, 5, 5, 5, 5, 6, 6, 6, 6, 6, 6, 7, 7, 8, 8, 12, 12, 16, 16, 16, 16, 16, 16, 16, 16, 14, 14, 14, 14, 15, 15, 16, 16, 14], "a_turns_left": [39, 39, 38, 38, 37, 37, 36, 36, 35, 35, 34, 34, 33, 33, 32, 32, 31, 31, 30, 30, 29, 29, 28, 28, 27, 27, 26, 26, 25, 25, 24, 24, 23, 23, 22, 22, 21, 21, 20, 20, 19, 19, 18, 18], "b_turns_left": [40, 39, 39, 38, 38, 37, 37, 36, 36, 35, 35, 34, 34, 33, 33, 32, 32, 31, 31, 30, 30, 29, 29, 28, 28, 27, 27, 26, 26, 25, 25, 24, 24, 23, 23, 22, 22, 21, 21, 20, 20, 19, 19, 18], "a_time_left": [235.3879470829852, 235.3879470829852, 230.77593712485395, 230.77593712485395, 226.15547370887361, 226.15547370887361, 221.53634958388284, 221.53634958388284, 216.9147268338129, 216.9147268338129, 212.29885162599385, 212.29885162599385, 207.68336937599815, 207.68336937599815, 203.07306029298343, 203.07306029298343, 198.45221345988102, 198.45221345988102, 193.83756991801783, 193.83756991801783, 189.2223770429846, 189.2223770429846, 184.60077487584203, 184.60077487584203, 179.97392545896582, 179.97392545896582, 175.35628883400932, 175.35628883400932, 170.73941070889123, 170.73941070889123, 166.12809641682543, 166.12809641682543, 161.51736316690221, 161.51736316690221, 156.89375995798036, 156.89375995798036, 152.2824551658705, 152.2824551658705, 147.67217899905518, 147.67217899905518, 143.0560935831163, 143.0560935831163, 138.44505333295092, 138.44505333295092], "b_time_left": [240, 235.38600183301605, 235.38600183301605, 230.76943516614847, 230.76943516614847, 226.15040112496354, 226.15040112496354, 221.52690466679633, 221.52690466679633, 216.87725020875223, 216.87725020875223, 212.2542637498118, 212.2542637498118, 207.63735379185528, 207.63735379185528, 203.01779791666195, 203.01779791666195, 198.40583862457424, 198.40583862457424, 193.78637083247304, 193.78637083247304, 189.1579421244096, 189.1579421244096, 184.51090287440456, 184.51090287440456, 179.88503174949437, 179.88503174949437, 175.2731002084911, 175.2731002084911, 170.6590189584531, 170.6590189584531, 166.05106516741216, 166.05106516741216, 161.44073087535799, 161.44073087535799, 156.81744008348323, 156.81744008348323, 152.20550770848058, 152.20550770848058, 147.58178270841017, 147.58178270841017, 142.96425554249436, 142.96425554249436, 138.34189975028858], "rat_caught": [false, false, false, false, false, false, false, false, false, false, false, false, false, false, false, false, false, false, false, false, false, false, false, false, false, false, false, true, false, false, false, false, false, false, false, false, false, false, false, false, false, false, false, false], "left_behind": ["prime", "plain", "prime", "plain", "carpet", "prime", "plain", "prime", "plain", "prime", "prime", "carpet", "prime", "plain", "prime", "prime", "carpet", "plain", "plain", "plain", "plain", "prime", "prime", "prime", "prime", "carpet", "carpet", "search", "plain", "plain", "prime", "plain", "plain", "plain", "prime", "search", "prime", "plain", "prime", "prime", "prime", "prime", "plain", "search"], "errlog_a": "Traceback (most recent call last):\n  File \"/Users/aryanpatel/CS3600/dist 3/engine/player_process.py\", line 280, in run_player_process\n    player_move = player.play(\n        temp_board, rat_samples, time_left_func\n    )\n  File \"/Users/aryanpatel/CS3600/dist 3/3600-agents/fastcopy/agent.py\", line 163, in play\n    move_at_depth, value_at_depth, completed = self._search_root_to_depth(\n                                               ~~~~~~~~~~~~~~~~~~~~~~~~~~^\n        board,\n        ^^^^^^\n    ...<5 lines>...\n        self.belief,\n        ^^^^^^^^^^^^\n    )\n    ^\n  File \"/Users/aryanpatel/CS3600/dist 3/3600-agents/fastcopy/agent.py\", line 340, in _search_root_to_depth\n    val = -self._negamax(\n           ~~~~~~~~~~~~~^\n        next_board,\n        ^^^^^^^^^^^\n    ...<6 lines>...\n        future_belief,\n        ^^^^^^^^^^^^^^\n    )\n    ^\n  File \"/Users/aryanpatel/CS3600/dist 3/3600-agents/fastcopy/agent.py\", line 466, in _negamax\n    score = -self._negamax(\n             ~~~~~~~~~~~~~^\n        next_board,\n        ^^^^^^^^^^^\n    ...<6 lines>...\n        next_belief,\n        ^^^^^^^^^^^^\n    )\n    ^\n  File \"/Users/aryanpatel/CS3600/dist 3/3600-agents/fastcopy/agent.py\", line 466, in _negamax\n    score = -self._negamax(\n             ~~~~~~~~~~~~~^\n        next_board,\n        ^^^^^^^^^^^\n    ...<6 lines>...\n        next_belief,\n        ^^^^^^^^^^^^\n    )\n    ^\n  File \"/Users/aryanpatel/CS3600/dist 3/3600-agents/fastcopy/agent.py\", line 466, in _negamax\n    score = -self._negamax(\n             ~~~~~~~~~~~~~^\n        next_board,\n        ^^^^^^^^^^^\n    ...<6 lines>...\n        next_belief,\n        ^^^^^^^^^^^^\n    )\n    ^\n  File \"/Users/aryanpatel/CS3600/dist 3/3600-agents/fastcopy/agent.py\", line 452, in _negamax\n    valid_moves = self._order_moves(board_obj, valid_moves, belief_vec)\n  File \"/Users/aryanpatel/CS3600/dist 3/3600-agents/fastcopy/agent.py\", line 761, in _order_moves\n    return sorted(moves, key=move_key, reverse=True)\n  File \"/Users/aryanpatel/CS3600/dist 3/3600-agents/fastcopy/agent.py\", line 749, in move_key\n    if low_value:\n       ^^^^^^^^^\nUnboundLocalError: cannot access local variable 'low_value' where it is not associated with a value\n", "errlog_b": "turns=22, last_best_rat_prob=0.552, last_search_target=(7, 5), last_eval=25.42, last_depth=6, search_miss_streak=1, search_gain=25.42, board_gain=-24.84, opp_threat=1.00, opp_setup_threat=3.70, search_threshold=0.530", "start_time": 240, "start_moves": 80, "turn_count": 44, "result": 1, "reason": "CODE_CRASH", "trapdoors": [[0, 6], [0, 6], [0, 5], [0, 5], [0, 5], [0, 4], [0, 3], [1, 3], [1, 3], [1, 2], [1, 1], [2, 1], [2, 1], [2, 1], [2, 1], [3, 1], [3, 1], [3, 1], [3, 1], [3, 1], [4, 1], [4, 1], [4, 2], [4, 2], [4, 2], [5, 2], [5, 3], [5, 3], [7, 5], [7, 5], [7, 5], [7, 5], [7, 5], [7, 5], [7, 5], [7, 5], [7, 5], [7, 5], [7, 5], [7, 5], [6, 5], [7, 5], [7, 4], [7, 4], [7, 4], [6, 4]], "spawn_a": [3, 4], "spawn_b": [4, 4]}