{"pos": [[2, 4], [4, 4], [2, 3], [4, 3], [3, 3], [5, 3], [3, 2], [6, 3], [3, 3], [4, 3], [3, 2], [2, 3], [2, 2], [2, 4], [3, 2], [1, 4], [4, 2], [1, 3], [4, 3], [1, 2], [4, 4], [1, 4], [2, 4], [1, 3], [2, 3], [1, 2], [2, 2], [0, 2], [4, 2], [0, 3], [5, 2], [1, 3], [5, 2], [2, 3], [5, 3], [2, 2], [5, 4], [2, 1], [5, 5], [2, 0], [5, 5], [3, 0], [4, 5], [4, 0], [4, 6], [4, 0], [3, 6], [4, 1], [3, 5], [3, 1], [2, 5], [2, 1], [2, 6], [2, 1], [2, 7], [4, 1], [2, 5], [4, 2], [5, 5], [4, 3], [6, 5], [4, 3], [6, 4], [4, 4], [7, 4], [4, 4], [7, 3], [3, 4], [6, 3], [5, 4], [7, 3], [5, 4], [6, 3], [5, 3], [6, 2], [7, 3], [6, 3], [7, 2], [6, 4], [5, 2]], "a_points": [1, 1, 1, 1, 2, 2, 2, 2, 2, 2, 3, 3, 3, 3, 4, 4, 5, 5, 6, 6, 6, 6, 8, 8, 8, 8, 7, 7, 9, 9, 9, 9, 13, 13, 14, 14, 14, 14, 15, 15, 19, 19, 20, 20, 21, 21, 22, 22, 23, 23, 24, 24, 25, 25, 26, 26, 28, 28, 32, 32, 32, 32, 33, 33, 33, 33, 34, 34, 34, 34, 34, 34, 35, 35, 36, 36, 37, 37, 37, 37], "b_points": [0, 4, 4, 4, 4, 5, 5, 6, 6, 8, 8, 10, 10, 10, 10, 11, 11, 12, 12, 13, 13, 15, 15, 15, 15, 15, 15, 16, 16, 17, 17, 18, 18, 18, 18, 18, 18, 18, 18, 18, 18, 19, 19, 20, 20, 24, 24, 25, 25, 26, 26, 27, 27, 25, 25, 27, 27, 27, 27, 27, 27, 25, 25, 25, 25, 29, 29, 30, 30, 32, 32, 30, 30, 30, 30, 32, 32, 32, 32, 34], "a_turns_left": [39, 39, 38, 38, 37, 37, 36, 36, 35, 35, 34, 34, 33, 33, 32, 32, 31, 31, 30, 30, 29, 29, 28, 28, 27, 27, 26, 26, 25, 25, 24, 24, 23, 23, 22, 22, 21, 21, 20, 20, 19, 19, 18, 18, 17, 17, 16, 16, 15, 15, 14, 14, 13, 13, 12, 12, 11, 11, 10, 10, 9, 9, 8, 8, 7, 7, 6, 6, 5, 5, 4, 4, 3, 3, 2, 2, 1, 1, 0, 0], "b_turns_left": [40, 39, 39, 38, 38, 37, 37, 36, 36, 35, 35, 34, 34, 33, 33, 32, 32, 31, 31, 30, 30, 29, 29, 28, 28, 27, 27, 26, 26, 25, 25, 24, 24, 23, 23, 22, 22, 21, 21, 20, 20, 19, 19, 18, 18, 17, 17, 16, 16, 15, 15, 14, 14, 13, 13, 12, 12, 11, 11, 10, 10, 9, 9, 8, 8, 7, 7, 6, 6, 5, 5, 4, 4, 3, 3, 2, 2, 1, 1, 0], "a_time_left": [235.38917983416468, 235.38917983416468, 230.77773116715252, 230.77773116715252, 226.16357850003988, 226.16357850003988, 221.53281320817769, 221.53281320817769, 216.90917641622946, 216.90917641622946, 212.2818817491643, 212.2818817491643, 207.6671792070847, 207.6671792070847, 203.04750108206645, 203.04750108206645, 198.42463403986767, 198.42463403986767, 193.7808324978687, 193.7808324978687, 189.16213853983209, 189.16213853983209, 184.54440503986552, 184.54440503986552, 179.93154608178884, 179.93154608178884, 175.3160080409143, 175.3160080409143, 170.7010828750208, 170.7010828750208, 166.08798579103313, 166.08798579103313, 161.46776366606355, 161.46776366606355, 156.85354620800354, 156.85354620800354, 152.23876199917868, 152.23876199917868, 147.6114425822161, 147.6114425822161, 142.99268674920313, 142.99268674920313, 138.37652579019777, 138.37652579019777, 133.75246320734732, 133.75246320734732, 129.13170274929143, 129.13170274929143, 124.51886674924754, 124.51886674924754, 119.89733479125425, 119.89733479125425, 115.28238562541083, 115.28238562541083, 110.674810083583, 110.674810083583, 106.05857125041075, 106.05857125041075, 101.44102575047873, 101.44102575047873, 96.8273425004445, 96.8273425004445, 92.20619508437812, 92.20619508437812, 87.58708616835065, 87.58708616835065, 82.9724715843331, 82.9724715843331, 78.35658066743053, 78.35658066743053, 73.74083387549035, 73.74083387549035, 69.12377250054851, 69.12377250054851, 64.51168516767211, 64.51168516767211, 59.897635001689196, 59.897635001689196, 55.28967316867784, 55.28967316867784], "b_time_left": [240, 235.3845254580956, 235.3845254580956, 230.77433616598137, 230.77433616598137, 226.1644250829704, 226.1644250829704, 221.54827270796522, 221.54827270796522, 216.9205720408354, 216.9205720408354, 212.30086970771663, 212.30086970771663, 207.68998454185203, 207.68998454185203, 203.06050704186782, 203.06050704186782, 198.43291170871817, 198.43291170871817, 193.81450841668993, 193.81450841668993, 189.20506062568165, 189.20506062568165, 184.59613258368336, 184.59613258368336, 179.98116975068115, 179.98116975068115, 175.3677993756719, 175.3677993756719, 170.75135470973328, 170.75135470973328, 166.13692520954646, 166.13692520954646, 161.5202521267347, 161.5202521267347, 156.90324375173077, 156.90324375173077, 152.28754820977338, 152.28754820977338, 147.66001491760835, 147.66001491760835, 143.04672945966013, 143.04672945966013, 138.42757362662815, 138.42757362662815, 133.81402879348025, 133.81402879348025, 129.20269362651743, 129.20269362651743, 124.58897125138901, 124.58897125138901, 119.97392646037042, 119.97392646037042, 115.35957521037199, 115.35957521037199, 110.73581258533522, 110.73581258533522, 106.11008875234984, 106.11008875234984, 101.49668246041983, 101.49668246041983, 96.88180371047929, 96.88180371047929, 92.25443133548833, 92.25443133548833, 87.62731941859238, 87.62731941859238, 83.0071064606309, 83.0071064606309, 78.39793712762184, 78.39793712762184, 73.77422275277786, 73.77422275277786, 69.15540012763813, 69.15540012763813, 64.54050796153024, 64.54050796153024, 59.888560711639, 59.888560711639, 55.28087483649142], "rat_caught": [false, true, false, false, false, false, false, false, false, false, false, false, false, false, false, false, false, false, false, false, false, false, false, false, false, false, false, false, false, false, false, false, true, false, false, false, false, false, false, false, true, false, false, false, false, true, false, false, false, false, false, false, false, false, false, false, false, false, false, false, false, false, false, false, false, true, false, false, false, false, false, false, false, false, false, false, false, false, false, false], "left_behind": ["prime", "search", "plain", "plain", "prime", "prime", "plain", "prime", "plain", "carpet", "prime", "carpet", "plain", "plain", "prime", "prime", "prime", "prime", "prime", "prime", "plain", "carpet", "carpet", "plain", "plain", "plain", "carpet", "prime", "carpet", "prime", "plain", "prime", "search", "plain", "prime", "plain", "plain", "plain", "prime", "plain", "search", "prime", "prime", "prime", "prime", "search", "prime", "prime", "prime", "prime", "prime", "prime", "prime", "search", "prime", "carpet", "carpet", "plain", "carpet", "plain", "plain", "search", "prime", "plain", "plain", "search", "prime", "prime", "plain", "carpet", "plain", "search", "prime", "plain", "prime", "carpet", "prime", "plain", "plain", "carpet"], "errlog_a": "turns=40, last_best_rat_prob=0.369, last_search_target=(4, 7), last_eval=87.50, last_depth=217, search_miss_streak=0, search_gain=-1000000000.00, board_gain=-50.15, opp_threat=2.00, opp_setup_threat=2.00, search_threshold=0.600", "errlog_b": "turns=40, last_best_rat_prob=0.484, last_search_target=(3, 6), last_eval=-108.70, last_depth=1077, search_miss_streak=1, search_gain=20.87, board_gain=64.60, opp_threat=1.00, opp_setup_threat=3.70, search_threshold=0.410", "start_time": 240, "start_moves": 80, "turn_count": 80, "result": 0, "reason": "POINTS", "trapdoors": [[4, 4], [4, 4], [4, 7], [5, 7], [5, 7], [5, 7], [5, 7], [5, 7], [4, 7], [5, 7], [4, 7], [5, 7], [5, 7], [5, 7], [5, 7], [5, 7], [5, 7], [5, 6], [5, 6], [6, 6], [6, 6], [6, 6], [6, 5], [6, 5], [6, 4], [6, 4], [6, 3], [6, 3], [6, 3], [5, 3], [5, 3], [5, 3], [5, 3], [1, 7], [2, 7], [2, 7], [1, 7], [1, 7], [1, 7], [1, 7], [1, 7], [5, 4], [5, 4], [4, 4], [4, 5], [4, 5], [5, 3], [5, 3], [5, 3], [5, 3], [5, 3], [6, 3], [6, 3], [6, 3], [6, 4], [6, 4], [6, 3], [6, 4], [6, 4], [6, 4], [6, 5], [6, 5], [6, 5], [6, 5], [6, 6], [6, 6], [4, 4], [4, 4], [4, 5], [3, 5], [2, 5], [2, 5], [2, 5], [2, 5], [2, 5], [2, 5], [3, 5], [3, 6], [3, 7], [3, 7], [4, 7]], "spawn_a": [3, 4], "spawn_b": [4, 4]}