{"pos": [[2, 5], [5, 5], [4, 5], [5, 4], [4, 4], [6, 4], [3, 4], [4, 4], [3, 3], [4, 3], [2, 3], [4, 2], [2, 2], [3, 2], [1, 2], [3, 2], [1, 3], [3, 1], [3, 3], [4, 1], [3, 3], [4, 0], [3, 1], [4, 2], [3, 2], [5, 2], [1, 2], [5, 3], [1, 3], [6, 3], [1, 4], [5, 3], [1, 5], [4, 3], [2, 5], [4, 3], [3, 5], [3, 3], [1, 5], [6, 3], [1, 5], [6, 4], [0, 5], [7, 4], [0, 4], [6, 4], [0, 3], [6, 5], [0, 2], [6, 5], [0, 2], [7, 5], [0, 2], [6, 5], [0, 5], [6, 4], [1, 5], [5, 4], [1, 3], [5, 4], [2, 3], [7, 4], [2, 4], [6, 4], [2, 5], [6, 3], [3, 5], [5, 3], [3, 6], [5, 3], [4, 6], [5, 4], [4, 5], [5, 5], [4, 4], [5, 5], [2, 4], [7, 5], [3, 4], [6, 5]], "a_points": [1, 1, 3, 3, 3, 3, 4, 4, 5, 5, 6, 6, 7, 7, 8, 8, 9, 9, 11, 11, 9, 9, 11, 11, 11, 11, 13, 13, 13, 13, 14, 14, 15, 15, 16, 16, 17, 17, 19, 19, 23, 23, 23, 23, 24, 24, 25, 25, 26, 26, 30, 30, 34, 34, 38, 38, 38, 38, 40, 40, 40, 40, 40, 40, 41, 41, 41, 41, 41, 41, 42, 42, 43, 43, 43, 43, 45, 45, 45, 45], "b_points": [0, 1, 1, 2, 2, 3, 3, 5, 5, 5, 5, 5, 5, 6, 6, 10, 10, 11, 11, 12, 12, 13, 13, 15, 15, 15, 15, 16, 16, 16, 16, 17, 17, 18, 18, 22, 22, 23, 23, 27, 27, 27, 27, 27, 27, 28, 28, 28, 28, 26, 26, 26, 26, 27, 27, 28, 28, 29, 29, 33, 33, 35, 35, 35, 35, 35, 35, 35, 35, 33, 33, 33, 33, 32, 32, 36, 36, 38, 38, 38], "a_turns_left": [39, 39, 38, 38, 37, 37, 36, 36, 35, 35, 34, 34, 33, 33, 32, 32, 31, 31, 30, 30, 29, 29, 28, 28, 27, 27, 26, 26, 25, 25, 24, 24, 23, 23, 22, 22, 21, 21, 20, 20, 19, 19, 18, 18, 17, 17, 16, 16, 15, 15, 14, 14, 13, 13, 12, 12, 11, 11, 10, 10, 9, 9, 8, 8, 7, 7, 6, 6, 5, 5, 4, 4, 3, 3, 2, 2, 1, 1, 0, 0], "b_turns_left": [40, 39, 39, 38, 38, 37, 37, 36, 36, 35, 35, 34, 34, 33, 33, 32, 32, 31, 31, 30, 30, 29, 29, 28, 28, 27, 27, 26, 26, 25, 25, 24, 24, 23, 23, 22, 22, 21, 21, 20, 20, 19, 19, 18, 18, 17, 17, 16, 16, 15, 15, 14, 14, 13, 13, 12, 12, 11, 11, 10, 10, 9, 9, 8, 8, 7, 7, 6, 6, 5, 5, 4, 4, 3, 3, 2, 2, 1, 1, 0], "a_time_left": [235.3879395830445, 235.3879395830445, 230.7747526250314, 230.7747526250314, 226.16710791597143, 226.16710791597143, 221.55673762387596, 221.55673762387596, 216.9469266657252, 216.9469266657252, 212.33844737475738, 212.33844737475738, 207.72739799972624, 207.72739799972624, 203.1187351658009, 203.1187351658009, 198.5100641248282, 198.5100641248282, 193.90213324991055, 193.90213324991055, 189.29433329193853, 189.29433329193853, 184.68653612490743, 184.68653612490743, 180.0763817918487, 180.0763817918487, 175.46740279183723, 175.46740279183723, 170.85839150077663, 170.85839150077663, 166.24905937584117, 166.24905937584117, 161.64104512589984, 161.64104512589984, 157.03261379292235, 157.03261379292235, 152.42205520998687, 152.42205520998687, 147.81387337693013, 147.81387337693013, 143.20893204398453, 143.20893204398453, 138.60123546095565, 138.60123546095565, 133.993555377936, 133.993555377936, 129.38500079489313, 129.38500079489313, 124.77648408687674, 124.77648408687674, 120.16881725378335, 120.16881725378335, 115.55859200377017, 115.55859200377017, 110.94047700380906, 110.94047700380906, 105.72425254480913, 105.72425254480913, 101.11258850269951, 101.11258850269951, 96.50584566965699, 96.50584566965699, 91.89316171174869, 91.89316171174869, 87.27011346165091, 87.27011346165091, 82.66290533682331, 82.66290533682331, 78.05619871173985, 78.05619871173985, 73.44640441983938, 73.44640441983938, 68.8383893778082, 68.8383893778082, 64.23240546090528, 64.23240546090528, 59.62588583584875, 59.62588583584875, 55.02178071066737, 55.02178071066737], "b_time_left": [240, 235.3899154998362, 235.3899154998362, 230.78131687478162, 230.78131687478162, 226.16791962482966, 226.16791962482966, 221.55863741599023, 221.55863741599023, 216.949862124864, 216.949862124864, 212.33995124977082, 212.33995124977082, 207.72795887477696, 207.72795887477696, 203.119224707596, 203.119224707596, 198.50644441577606, 198.50644441577606, 193.89575837482698, 193.89575837482698, 189.28844608273357, 189.28844608273357, 184.6792211655993, 184.6792211655993, 180.0722306247335, 180.0722306247335, 175.46305962488987, 175.46305962488987, 170.85344033385627, 170.85344033385627, 166.23896362585947, 166.23896362585947, 161.62666920898482, 161.62666920898482, 157.01577625097707, 157.01577625097707, 152.40403962600976, 152.40403962600976, 147.7939317091368, 147.7939317091368, 143.18601129204035, 143.18601129204035, 138.5783852080349, 138.5783852080349, 133.96741854213178, 133.96741854213178, 129.35657375026494, 129.35657375026494, 124.74585504224524, 124.74585504224524, 120.13676712615415, 120.13676712615415, 115.53081741719507, 115.53081741719507, 110.9200470012147, 110.9200470012147, 106.30184025107883, 106.30184025107883, 101.69411716819741, 101.69411716819741, 97.08425375213847, 97.08425375213847, 92.47649225220084, 92.47649225220084, 87.86670837714337, 87.86670837714337, 83.25792162725702, 83.25792162725702, 78.64896933641285, 78.64896933641285, 74.03718967037275, 74.03718967037275, 69.43014887929894, 69.43014887929894, 64.81903529632837, 64.81903529632837, 60.21306254621595, 60.21306254621595, 55.60961358831264], "rat_caught": [false, false, false, false, false, false, false, false, false, false, false, false, false, false, false, true, false, false, false, false, false, false, false, false, false, false, false, false, false, false, false, false, false, false, false, true, false, false, false, false, true, false, false, false, false, false, false, false, false, false, true, false, true, false, false, false, false, false, false, true, false, false, false, false, false, false, false, false, false, false, false, false, false, false, false, true, false, false, false, false], "left_behind": ["prime", "prime", "carpet", "prime", "plain", "prime", "prime", "carpet", "prime", "plain", "prime", "plain", "prime", "prime", "prime", "search", "prime", "prime", "carpet", "prime", "search", "prime", "carpet", "carpet", "plain", "plain", "carpet", "prime", "plain", "plain", "prime", "prime", "prime", "prime", "prime", "search", "prime", "prime", "carpet", "carpet", "search", "plain", "plain", "plain", "prime", "prime", "prime", "plain", "prime", "search", "search", "plain", "search", "prime", "carpet", "prime", "plain", "prime", "carpet", "search", "plain", "carpet", "plain", "plain", "prime", "plain", "plain", "plain", "plain", "search", "prime", "plain", "prime", "carpet", "plain", "search", "carpet", "carpet", "plain", "plain"], "errlog_a": "turns=40, last_best_rat_prob=0.261, last_search_target=(7, 3), last_eval=173.36, last_depth=509, search_miss_streak=0, search_gain=-1008.45, board_gain=-3.79, opp_threat=0.00, opp_setup_threat=0.00", "errlog_b": "turns=40, last_best_rat_prob=0.464, last_search_target=(5, 7), last_eval=-201.02, last_depth=2084, search_miss_streak=0, search_gain=-42.74, board_gain=21.85, opp_threat=0.00, opp_setup_threat=0.00", "start_time": 240, "start_moves": 80, "turn_count": 80, "result": 0, "reason": "POINTS", "trapdoors": [[1, 1], [2, 1], [2, 1], [2, 1], [2, 1], [3, 1], [3, 2], [2, 2], [2, 1], [2, 0], [1, 0], [1, 0], [0, 0], [0, 0], [0, 0], [1, 0], [6, 7], [6, 7], [6, 7], [5, 7], [5, 6], [5, 6], [5, 6], [5, 7], [5, 7], [5, 7], [4, 7], [3, 7], [3, 7], [3, 7], [3, 7], [3, 7], [2, 7], [2, 7], [2, 7], [2, 7], [1, 5], [1, 5], [1, 5], [1, 5], [1, 5], [5, 2], [5, 2], [5, 2], [5, 3], [5, 3], [5, 3], [5, 3], [6, 3], [6, 3], [6, 3], [0, 2], [0, 2], [6, 4], [6, 4], [6, 5], [6, 6], [6, 7], [6, 7], [6, 7], [4, 1], [5, 1], [5, 1], [6, 1], [6, 1], [6, 1], [6, 1], [6, 2], [7, 2], [7, 2], [7, 2], [7, 1], [7, 1], [6, 1], [7, 1], [7, 2], [6, 7], [5, 7], [5, 7], [5, 7], [5, 7]], "spawn_a": [3, 5], "spawn_b": [4, 5]}