{"pos": [[2, 4], [5, 4], [2, 3], [5, 3], [2, 2], [5, 2], [2, 1], [5, 1], [2, 1], [5, 0], [2, 0], [5, 5], [2, 5], [5, 5], [3, 5], [4, 5], [3, 4], [4, 4], [3, 3], [4, 3], [2, 3], [4, 3], [3, 3], [4, 2], [4, 3], [3, 2], [3, 3], [2, 2], [3, 2], [2, 2], [3, 3], [3, 2], [3, 5], [3, 3], [3, 6], [4, 3], [4, 6], [4, 5], [5, 6], [5, 5], [3, 6], [5, 6], [3, 7], [5, 6], [2, 7], [5, 6], [2, 6], [5, 7], [3, 6], [5, 6], [4, 6], [5, 5], [4, 5], [5, 7], [5, 5], [4, 7], [6, 5], [5, 7], [7, 5], [2, 7], [7, 4], [3, 7], [7, 3], [4, 7], [7, 3], [4, 7], [7, 5], [4, 6], [7, 4], [4, 5], [7, 3], [4, 6], [6, 3], [4, 5], [6, 4], [4, 5], [5, 4], [4, 4], [5, 4], [4, 3]], "a_points": [1, 1, 2, 2, 3, 3, 4, 4, 8, 8, 9, 9, 19, 19, 19, 19, 20, 20, 21, 21, 22, 22, 21, 21, 20, 20, 20, 20, 19, 19, 19, 19, 21, 21, 21, 21, 22, 22, 23, 23, 25, 25, 25, 25, 26, 26, 27, 27, 28, 28, 28, 28, 28, 28, 28, 28, 28, 28, 29, 29, 30, 30, 31, 31, 35, 35, 37, 37, 37, 37, 37, 37, 38, 38, 39, 39, 40, 40, 44, 44], "b_points": [0, 1, 1, 2, 2, 3, 3, 4, 4, 5, 5, 15, 15, 19, 19, 19, 19, 20, 20, 21, 21, 25, 25, 26, 26, 27, 27, 28, 28, 26, 26, 26, 26, 26, 26, 26, 26, 28, 28, 28, 28, 28, 28, 26, 26, 24, 24, 24, 24, 25, 25, 26, 26, 28, 28, 28, 28, 29, 29, 33, 33, 33, 33, 33, 33, 37, 37, 37, 37, 37, 37, 37, 37, 37, 37, 41, 41, 41, 41, 41], "a_turns_left": [39, 39, 38, 38, 37, 37, 36, 36, 35, 35, 34, 34, 33, 33, 32, 32, 31, 31, 30, 30, 29, 29, 28, 28, 27, 27, 26, 26, 25, 25, 24, 24, 23, 23, 22, 22, 21, 21, 20, 20, 19, 19, 18, 18, 17, 17, 16, 16, 15, 15, 14, 14, 13, 13, 12, 12, 11, 11, 10, 10, 9, 9, 8, 8, 7, 7, 6, 6, 5, 5, 4, 4, 3, 3, 2, 2, 1, 1, 0, 0], "b_turns_left": [40, 39, 39, 38, 38, 37, 37, 36, 36, 35, 35, 34, 34, 33, 33, 32, 32, 31, 31, 30, 30, 29, 29, 28, 28, 27, 27, 26, 26, 25, 25, 24, 24, 23, 23, 22, 22, 21, 21, 20, 20, 19, 19, 18, 18, 17, 17, 16, 16, 15, 15, 14, 14, 13, 13, 12, 12, 11, 11, 10, 10, 9, 9, 8, 8, 7, 7, 6, 6, 5, 5, 4, 4, 3, 3, 2, 2, 1, 1, 0], "a_time_left": [235.38948337500915, 235.38948337500915, 230.77391258301213, 230.77391258301213, 226.1466415419709, 226.1466415419709, 221.52748412499204, 221.52748412499204, 216.89706545788795, 216.89706545788795, 212.2529594579246, 212.2529594579246, 207.63026504102163, 207.63026504102163, 203.01241612504236, 203.01241612504236, 198.39864300005138, 198.39864300005138, 193.77576870913617, 193.77576870913617, 189.1543201250024, 189.1543201250024, 184.53632070799358, 184.53632070799358, 179.91973141604103, 179.91973141604103, 175.30308500002138, 175.30308500002138, 170.67824933305383, 170.67824933305383, 166.06336737400852, 166.06336737400852, 161.45240916498005, 161.45240916498005, 156.839718290139, 156.839718290139, 152.22633720608428, 152.22633720608428, 147.60936349793337, 147.60936349793337, 142.97618258185685, 142.97618258185685, 138.3656238738913, 138.3656238738913, 133.74992754100822, 133.74992754100822, 129.13885333295912, 129.13885333295912, 124.52617358299904, 124.52617358299904, 119.9142588749528, 119.9142588749528, 115.30272399983369, 115.30272399983369, 110.6882722498849, 110.6882722498849, 106.07136324979365, 106.07136324979365, 101.46328962501138, 101.46328962501138, 96.85553470789455, 96.85553470789455, 92.23977249977179, 92.23977249977179, 87.62301629083231, 87.62301629083231, 83.01333495788276, 83.01333495788276, 78.40073429094627, 78.40073429094627, 73.7879264159128, 73.7879264159128, 69.17813529097475, 69.17813529097475, 64.56725779105909, 64.56725779105909, 59.95570879103616, 59.95570879103616, 55.34806429105811, 55.34806429105811], "b_time_left": [240, 235.3732580000069, 235.3732580000069, 230.74812145810574, 230.74812145810574, 226.11243433319032, 226.11243433319032, 221.49417608301155, 221.49417608301155, 216.8539422908798, 216.8539422908798, 212.23776341602206, 212.23776341602206, 207.6222002909053, 207.6222002909053, 202.9972230817657, 202.9972230817657, 198.3683775817044, 198.3683775817044, 193.7326268318575, 193.7326268318575, 189.11374937393703, 189.11374937393703, 184.49092604103498, 184.49092604103498, 179.8742823319044, 179.8742823319044, 175.26012937282212, 175.26012937282212, 170.6479281228967, 170.6479281228967, 166.03765674796887, 166.03765674796887, 161.4174688309431, 161.4174688309431, 156.79602033109404, 156.79602033109404, 152.16910541523248, 152.16910541523248, 147.52760204020888, 147.52760204020888, 142.91297070635483, 142.91297070635483, 138.29467978933826, 138.29467978933826, 133.68172349734232, 133.68172349734232, 129.07075103837997, 129.07075103837997, 124.45390195446089, 124.45390195446089, 119.83820474543609, 119.83820474543609, 115.2170343704056, 115.2170343704056, 110.60697749536484, 110.60697749536484, 105.99630637047812, 105.99630637047812, 101.38370078755543, 101.38370078755543, 96.7709720376879, 96.7709720376879, 92.15299074584618, 92.15299074584618, 87.52866220381111, 87.52866220381111, 82.912371203769, 82.912371203769, 78.29659962072037, 78.29659962072037, 73.6773434127681, 73.6773434127681, 69.06839737179689, 69.06839737179689, 64.45585895585828, 64.45585895585828, 59.846472039818764, 59.846472039818764, 55.24158903979696], "rat_caught": [false, false, false, false, false, false, false, false, true, false, false, false, false, true, false, false, false, false, false, false, false, true, false, false, false, false, false, false, false, false, false, false, false, false, false, false, false, false, false, false, false, false, false, false, false, false, false, false, false, false, false, false, false, false, false, false, false, false, false, false, false, false, false, false, true, true, false, false, false, false, false, false, false, false, false, true, false, false, true, false], "left_behind": ["prime", "prime", "prime", "prime", "prime", "prime", "prime", "prime", "search", "prime", "prime", "carpet", "carpet", "search", "plain", "plain", "prime", "prime", "prime", "prime", "prime", "search", "carpet", "prime", "carpet", "prime", "plain", "prime", "carpet", "search", "plain", "plain", "carpet", "plain", "plain", "plain", "prime", "carpet", "prime", "plain", "carpet", "plain", "plain", "search", "prime", "search", "prime", "plain", "prime", "prime", "plain", "prime", "plain", "carpet", "plain", "plain", "plain", "prime", "prime", "carpet", "prime", "plain", "prime", "plain", "search", "search", "carpet", "plain", "plain", "plain", "plain", "plain", "prime", "plain", "prime", "search", "prime", "plain", "search", "plain"], "errlog_a": "turns=40, last_best_rat_prob=0.556, last_search_target=(6, 1), last_eval=46.69, last_depth=342, search_miss_streak=0, search_gain=46.69, board_gain=-12.77, opp_threat=0.00, opp_setup_threat=0.00, search_threshold=0.460", "errlog_b": "turns=40, last_best_rat_prob=0.157, last_search_target=(5, 2), last_eval=-50.71, last_depth=1506, search_miss_streak=0, search_gain=-1000000000.00, board_gain=-1.64, opp_threat=0.00, opp_setup_threat=2.70, search_threshold=0.490", "start_time": 240, "start_moves": 80, "turn_count": 80, "result": 0, "reason": "POINTS", "trapdoors": [[4, 2], [5, 2], [5, 2], [5, 2], [4, 2], [4, 2], [4, 2], [5, 2], [5, 2], [5, 4], [5, 5], [5, 5], [5, 4], [5, 4], [7, 2], [7, 2], [7, 2], [6, 2], [6, 2], [6, 1], [5, 1], [5, 1], [1, 7], [1, 7], [2, 7], [3, 7], [2, 7], [3, 7], [3, 7], [3, 7], [3, 7], [3, 7], [4, 7], [3, 7], [2, 7], [3, 7], [2, 7], [2, 7], [3, 7], [3, 7], [4, 7], [5, 7], [5, 7], [6, 7], [7, 7], [7, 7], [6, 7], [6, 6], [6, 6], [6, 5], [7, 5], [7, 4], [7, 4], [7, 3], [7, 3], [7, 2], [7, 2], [7, 1], [7, 1], [7, 1], [7, 1], [7, 0], [7, 0], [6, 0], [6, 0], [4, 7], [2, 3], [2, 3], [2, 3], [3, 3], [3, 3], [3, 3], [3, 4], [3, 4], [4, 4], [4, 4], [6, 1], [6, 1], [6, 1], [2, 3], [3, 3]], "spawn_a": [2, 5], "spawn_b": [5, 5]}