{"pos": [[3, 3], [4, 3], [3, 4], [5, 3], [4, 4], [3, 3], [5, 4], [2, 3], [6, 4], [2, 3], [7, 4], [2, 2], [3, 4], [2, 1], [2, 4], [2, 3], [2, 5], [1, 3], [2, 6], [1, 3], [2, 7], [1, 4], [2, 4], [1, 5], [2, 3], [0, 5], [2, 2], [0, 5], [2, 1], [0, 4], [3, 1], [0, 3], [4, 1], [0, 2], [5, 1], [1, 2], [5, 1], [2, 2], [5, 2], [0, 2], [5, 3], [0, 2], [5, 4], [0, 5], [5, 1], [1, 5], [2, 1], [1, 5], [2, 2], [1, 3], [4, 2], [1, 4], [4, 3], [1, 5], [4, 4], [2, 5], [4, 4], [3, 5], [4, 5], [3, 6], [3, 5], [4, 6], [4, 5], [4, 7], [5, 5], [4, 5], [5, 5], [4, 6], [6, 5], [4, 6], [7, 5], [4, 5], [7, 5], [5, 5], [7, 4], [5, 5], [7, 3], [5, 4], [6, 3], [5, 4]], "a_points": [1, 1, 2, 2, 3, 3, 4, 4, 5, 5, 6, 6, 12, 12, 12, 12, 13, 13, 14, 14, 15, 15, 19, 19, 19, 19, 19, 19, 19, 19, 20, 20, 21, 21, 22, 22, 26, 26, 27, 27, 28, 28, 29, 29, 33, 33, 37, 37, 37, 37, 39, 39, 39, 39, 39, 39, 43, 43, 43, 43, 43, 43, 44, 44, 45, 45, 43, 43, 43, 43, 43, 43, 47, 47, 48, 48, 49, 49, 50, 50], "b_points": [0, 1, 1, 2, 2, 4, 4, 4, 4, 2, 2, 3, 3, 4, 4, 6, 6, 6, 6, 10, 10, 11, 11, 12, 12, 12, 12, 16, 16, 17, 17, 18, 18, 19, 19, 20, 20, 21, 21, 23, 23, 27, 27, 31, 31, 31, 31, 35, 35, 37, 37, 37, 37, 37, 37, 38, 38, 38, 38, 38, 38, 39, 39, 40, 40, 42, 42, 42, 42, 46, 46, 46, 46, 46, 46, 50, 50, 51, 51, 55], "a_turns_left": [39, 39, 38, 38, 37, 37, 36, 36, 35, 35, 34, 34, 33, 33, 32, 32, 31, 31, 30, 30, 29, 29, 28, 28, 27, 27, 26, 26, 25, 25, 24, 24, 23, 23, 22, 22, 21, 21, 20, 20, 19, 19, 18, 18, 17, 17, 16, 16, 15, 15, 14, 14, 13, 13, 12, 12, 11, 11, 10, 10, 9, 9, 8, 8, 7, 7, 6, 6, 5, 5, 4, 4, 3, 3, 2, 2, 1, 1, 0, 0], "b_turns_left": [40, 39, 39, 38, 38, 37, 37, 36, 36, 35, 35, 34, 34, 33, 33, 32, 32, 31, 31, 30, 30, 29, 29, 28, 28, 27, 27, 26, 26, 25, 25, 24, 24, 23, 23, 22, 22, 21, 21, 20, 20, 19, 19, 18, 18, 17, 17, 16, 16, 15, 15, 14, 14, 13, 13, 12, 12, 11, 11, 10, 10, 9, 9, 8, 8, 7, 7, 6, 6, 5, 5, 4, 4, 3, 3, 2, 2, 1, 1, 0], "a_time_left": [235.37387791695073, 235.37387791695073, 230.75767945800908, 230.75767945800908, 226.13806754117832, 226.13806754117832, 221.52846066630445, 221.52846066630445, 216.91294395830482, 216.91294395830482, 212.2985277492553, 212.2985277492553, 207.6868327083066, 207.6868327083066, 203.07740658335388, 203.07740658335388, 198.46789500047453, 198.46789500047453, 193.8558149584569, 193.8558149584569, 189.24187587434426, 189.24187587434426, 184.6336906652432, 184.6336906652432, 180.01669708220288, 180.01669708220288, 175.410326623125, 175.410326623125, 170.7696552062407, 170.7696552062407, 166.14926933124661, 166.14926933124661, 161.5341699142009, 161.5341699142009, 156.89695324818604, 156.89695324818604, 152.25707149808295, 152.25707149808295, 147.63029999821447, 147.63029999821447, 143.006011540303, 143.006011540303, 138.37904374930076, 138.37904374930076, 133.76133595732972, 133.76133595732972, 129.14545179135166, 129.14545179135166, 124.53402279131114, 124.53402279131114, 119.91147058340721, 119.91147058340721, 115.1711956243962, 115.1711956243962, 110.55745716532692, 110.55745716532692, 105.93844924820587, 105.93844924820587, 101.31441183225252, 101.31441183225252, 96.69786574924365, 96.69786574924365, 92.05531508219428, 92.05531508219428, 87.44021120714024, 87.44021120714024, 82.81510208221152, 82.81510208221152, 78.20571112423204, 78.20571112423204, 73.59303783322684, 73.59303783322684, 68.97940995823592, 68.97940995823592, 64.36852229107171, 64.36852229107171, 59.750815166160464, 59.750815166160464, 55.14348645810969, 55.14348645810969], "b_time_left": [240, 235.37507000006735, 235.37507000006735, 230.73471650015563, 230.73471650015563, 226.12121187523007, 226.12121187523007, 221.5045601252932, 221.5045601252932, 216.88172120810486, 216.88172120810486, 212.26976629113778, 212.26976629113778, 207.6598537073005, 207.6598537073005, 203.04050374939106, 203.04050374939106, 198.41688633244485, 198.41688633244485, 193.80139554128982, 193.80139554128982, 189.18903679121286, 189.18903679121286, 184.57568745827302, 184.57568745827302, 179.95083762519062, 179.95083762519062, 175.31199733330868, 175.31199733330868, 170.6942803331185, 170.6942803331185, 166.03616050025448, 166.03616050025448, 161.41451850021258, 161.41451850021258, 156.72022812534124, 156.72022812534124, 152.10669395839795, 152.10669395839795, 147.48589225043543, 147.48589225043543, 142.8617550425697, 142.8617550425697, 138.19397620949894, 138.19397620949894, 133.57821829244494, 133.57821829244494, 128.9502299593296, 128.9502299593296, 124.3283318344038, 124.3283318344038, 119.70680829253979, 119.70680829253979, 115.0877342086751, 115.0877342086751, 110.47363187582232, 110.47363187582232, 105.86581954266876, 105.86581954266876, 101.2526395006571, 101.2526395006571, 96.64150633360259, 96.64150633360259, 92.01951904268935, 92.01951904268935, 87.37929416773841, 87.37929416773841, 82.7617109597195, 82.7617109597195, 78.14689904381521, 78.14689904381521, 73.5358507107012, 73.5358507107012, 68.92332158563659, 68.92332158563659, 64.30865758564323, 64.30865758564323, 59.6945435856469, 59.6945435856469, 55.08210896071978], "rat_caught": [false, false, false, false, false, false, false, false, false, false, false, false, false, false, false, false, false, false, false, true, false, false, false, false, false, false, false, true, false, false, false, false, false, false, false, false, true, false, false, false, false, true, false, false, false, false, false, true, false, false, false, false, false, false, false, false, true, false, false, false, false, false, false, false, false, false, false, false, false, true, false, false, true, false, false, true, false, false, false, true], "left_behind": ["prime", "prime", "prime", "prime", "prime", "carpet", "prime", "plain", "prime", "search", "prime", "prime", "carpet", "prime", "plain", "carpet", "prime", "plain", "prime", "search", "prime", "prime", "carpet", "prime", "plain", "plain", "plain", "search", "plain", "prime", "prime", "prime", "prime", "prime", "prime", "prime", "search", "prime", "prime", "carpet", "prime", "search", "prime", "carpet", "carpet", "plain", "carpet", "search", "plain", "carpet", "carpet", "plain", "plain", "plain", "plain", "prime", "search", "plain", "plain", "plain", "plain", "prime", "prime", "prime", "prime", "carpet", "search", "plain", "plain", "search", "plain", "plain", "search", "plain", "prime", "search", "prime", "prime", "prime", "search"], "errlog_a": "turns=40, last_best_rat_prob=0.303, last_search_target=(3, 7), last_eval=-50.34, last_depth=154, search_miss_streak=0, search_gain=-1000000000.50, board_gain=-19.37, opp_threat=0.00, opp_setup_threat=0.00, search_threshold=0.480", "errlog_b": "turns=40, last_best_rat_prob=0.861, last_search_target=(2, 7), last_eval=96.86, last_depth=767, search_miss_streak=0, search_gain=96.86, board_gain=85.80, opp_threat=1.00, opp_setup_threat=3.70, search_threshold=0.550", "start_time": 240, "start_moves": 80, "turn_count": 80, "result": 1, "reason": "POINTS", "trapdoors": [[0, 6], [0, 6], [0, 7], [0, 7], [0, 6], [0, 6], [0, 6], [0, 6], [0, 6], [1, 6], [1, 6], [1, 6], [1, 6], [1, 6], [1, 6], [1, 5], [2, 5], [2, 5], [1, 5], [1, 5], [0, 3], [0, 2], [0, 2], [0, 2], [0, 2], [0, 2], [0, 1], [0, 1], [2, 4], [2, 4], [3, 4], [3, 4], [3, 5], [3, 5], [3, 5], [3, 6], [3, 6], [2, 0], [3, 0], [3, 0], [3, 0], [3, 1], [7, 4], [7, 4], [7, 3], [7, 4], [7, 4], [7, 4], [0, 7], [1, 7], [0, 7], [0, 7], [0, 6], [0, 6], [0, 6], [0, 6], [0, 6], [3, 1], [3, 2], [3, 2], [3, 3], [3, 3], [3, 3], [3, 3], [3, 3], [3, 3], [3, 3], [3, 3], [3, 4], [3, 3], [1, 2], [1, 2], [1, 2], [4, 5], [4, 5], [4, 5], [3, 5], [3, 6], [3, 6], [3, 7], [0, 5]], "spawn_a": [3, 2], "spawn_b": [4, 2]}