{"pos": [[3, 3], [5, 2], [4, 3], [5, 2], [4, 4], [5, 3], [3, 4], [5, 3], [2, 4], [6, 3], [2, 3], [4, 3], [1, 3], [4, 4], [2, 3], [4, 4], [2, 2], [2, 4], [5, 2], [1, 4], [4, 2], [1, 3], [4, 1], [3, 3], [3, 1], [3, 4], [2, 1], [2, 4], [4, 1], [2, 5], [3, 1], [3, 5], [3, 0], [3, 6], [2, 0], [4, 6], [2, 1], [5, 6], [2, 2], [5, 5], [1, 2], [5, 5], [0, 2], [5, 4], [0, 3], [6, 4], [0, 3], [6, 3], [0, 4], [5, 3], [0, 5], [5, 5], [0, 3], [5, 5], [1, 3], [4, 5], [1, 4], [5, 5], [2, 4], [2, 5], [2, 4], [3, 5], [2, 3], [3, 5], [2, 0], [3, 5], [3, 0], [3, 6], [3, 1], [3, 7], [3, 2], [4, 7], [3, 2], [3, 7], [3, 3], [3, 7], [2, 3], [3, 6], [2, 2], [3, 6]], "a_points": [1, 1, 2, 2, 3, 3, 4, 4, 5, 5, 6, 6, 6, 6, 7, 7, 8, 8, 12, 12, 12, 12, 12, 12, 13, 13, 14, 14, 16, 16, 16, 16, 16, 16, 17, 17, 18, 18, 19, 19, 20, 20, 21, 21, 22, 22, 20, 20, 21, 21, 22, 22, 24, 24, 24, 24, 24, 24, 25, 25, 23, 23, 23, 23, 27, 27, 26, 26, 26, 26, 26, 26, 24, 24, 24, 24, 24, 24, 24, 24], "b_points": [0, 1, 1, 5, 5, 6, 6, 10, 10, 11, 11, 13, 13, 12, 12, 16, 16, 18, 18, 18, 18, 17, 17, 19, 19, 19, 19, 19, 19, 19, 19, 20, 20, 21, 21, 22, 22, 23, 23, 24, 24, 28, 28, 29, 29, 30, 30, 31, 31, 32, 32, 34, 34, 38, 38, 38, 38, 39, 39, 43, 43, 43, 43, 47, 47, 51, 51, 50, 50, 50, 50, 50, 50, 51, 51, 55, 55, 56, 56, 54], "a_turns_left": [39, 39, 38, 38, 37, 37, 36, 36, 35, 35, 34, 34, 33, 33, 32, 32, 31, 31, 30, 30, 29, 29, 28, 28, 27, 27, 26, 26, 25, 25, 24, 24, 23, 23, 22, 22, 21, 21, 20, 20, 19, 19, 18, 18, 17, 17, 16, 16, 15, 15, 14, 14, 13, 13, 12, 12, 11, 11, 10, 10, 9, 9, 8, 8, 7, 7, 6, 6, 5, 5, 4, 4, 3, 3, 2, 2, 1, 1, 0, 0], "b_turns_left": [40, 39, 39, 38, 38, 37, 37, 36, 36, 35, 35, 34, 34, 33, 33, 32, 32, 31, 31, 30, 30, 29, 29, 28, 28, 27, 27, 26, 26, 25, 25, 24, 24, 23, 23, 22, 22, 21, 21, 20, 20, 19, 19, 18, 18, 17, 17, 16, 16, 15, 15, 14, 14, 13, 13, 12, 12, 11, 11, 10, 10, 9, 9, 8, 8, 7, 7, 6, 6, 5, 5, 4, 4, 3, 3, 2, 2, 1, 1, 0], "a_time_left": [235.38885704101995, 235.38885704101995, 230.77879312401637, 230.77879312401637, 226.1637894161977, 226.1637894161977, 221.54005920817144, 221.54005920817144, 216.9100075829774, 216.9100075829774, 212.2764349160716, 212.2764349160716, 207.6598273741547, 207.6598273741547, 203.0411556661129, 203.0411556661129, 198.42218037415296, 198.42218037415296, 193.79175774916075, 193.79175774916075, 189.13647849904373, 189.13647849904373, 184.5175770400092, 184.5175770400092, 179.9008394149132, 179.9008394149132, 175.28317658184096, 175.28317658184096, 170.67094508185983, 170.67094508185983, 166.06005937373266, 166.06005937373266, 161.4424335816875, 161.4424335816875, 156.82545208162628, 156.82545208162628, 152.21271803975105, 152.21271803975105, 147.59284649789333, 147.59284649789333, 142.97761345701292, 142.97761345701292, 138.36331978999078, 138.36331978999078, 133.75275137391873, 133.75275137391873, 129.12677741609514, 129.12677741609514, 124.5056439570617, 124.5056439570617, 119.89059541514143, 119.89059541514143, 115.2686053311918, 115.2686053311918, 110.64983653929085, 110.64983653929085, 106.0388016232755, 106.0388016232755, 101.42236616509035, 101.42236616509035, 96.79435612307861, 96.79435612307861, 92.17494224803522, 92.17494224803522, 87.56288012303412, 87.56288012303412, 82.9523032901343, 82.9523032901343, 78.32363379001617, 78.32363379001617, 73.71287683211267, 73.71287683211267, 69.09686637413688, 69.09686637413688, 64.48326412425376, 64.48326412425376, 59.8727250401862, 59.8727250401862, 55.26403087307699, 55.26403087307699], "b_time_left": [240, 235.38913249992765, 235.38913249992765, 230.77308529196307, 230.77308529196307, 226.1579732510727, 226.1579732510727, 221.5399951261934, 221.5399951261934, 216.91568141710013, 216.91568141710013, 212.28443483402953, 212.28443483402953, 207.66655016806908, 207.66655016806908, 203.046183668077, 203.046183668077, 198.42844004300423, 198.42844004300423, 193.8041105850134, 193.8041105850134, 189.17796295997687, 189.17796295997687, 184.56848345976323, 184.56848345976323, 179.94545687665232, 179.94545687665232, 175.3306085015647, 175.3306085015647, 170.72106600156985, 170.72106600156985, 166.10573750175536, 166.10573750175536, 161.49694658466615, 161.49694658466615, 156.87705166847445, 156.87705166847445, 152.25491962744854, 152.25491962744854, 147.64308846043423, 147.64308846043423, 143.02939446037635, 143.02939446037635, 138.40989125240594, 138.40989125240594, 133.7906494603958, 133.7906494603958, 129.1707426274661, 129.1707426274661, 124.54873946146108, 124.54873946146108, 119.92948608635925, 119.92948608635925, 115.31771721155383, 115.31771721155383, 110.7042583366856, 110.7042583366856, 106.0857233775314, 106.0857233775314, 101.46133416960947, 101.46133416960947, 96.84674091963097, 96.84674091963097, 92.22571804467589, 92.22571804467589, 87.60824237763882, 87.60824237763882, 82.9960467107594, 82.9960467107594, 78.37953475280665, 78.37953475280665, 73.76587987784296, 73.76587987784296, 69.14781433693133, 69.14781433693133, 64.53602900286205, 64.53602900286205, 59.9225887528155, 59.9225887528155, 55.31102875270881], "rat_caught": [false, false, false, true, false, false, false, true, false, false, false, false, false, false, false, true, false, false, false, false, false, false, false, false, false, false, false, false, false, false, false, false, false, false, false, false, false, false, false, false, false, true, false, false, false, false, false, false, false, false, false, false, false, true, false, false, false, false, false, false, false, false, false, true, false, true, false, false, false, false, false, false, false, false, false, true, false, false, false, false], "left_behind": ["prime", "prime", "prime", "search", "prime", "prime", "prime", "search", "prime", "prime", "prime", "carpet", "plain", "carpet", "prime", "search", "prime", "carpet", "carpet", "plain", "plain", "carpet", "plain", "carpet", "prime", "plain", "prime", "plain", "carpet", "plain", "plain", "prime", "plain", "prime", "prime", "prime", "prime", "prime", "prime", "prime", "prime", "search", "prime", "prime", "prime", "prime", "search", "prime", "prime", "prime", "prime", "carpet", "carpet", "search", "plain", "plain", "plain", "prime", "prime", "carpet", "search", "plain", "plain", "search", "carpet", "search", "carpet", "carpet", "plain", "plain", "plain", "plain", "search", "prime", "plain", "search", "plain", "prime", "plain", "search"], "errlog_a": "turns=40, last_best_rat_prob=0.149, last_search_target=(3, 1), last_eval=-525.19, last_depth=154, search_miss_streak=3, search_gain=-1000000024.50, board_gain=-49.18, opp_threat=2.00, opp_setup_threat=2.00, search_threshold=0.460", "errlog_b": "turns=40, last_best_rat_prob=0.692, last_search_target=(2, 4), last_eval=12.18, last_depth=852, search_miss_streak=0, search_gain=12.18, board_gain=-40.74, opp_threat=2.00, opp_setup_threat=2.00, search_threshold=0.550", "start_time": 240, "start_moves": 80, "turn_count": 80, "result": 1, "reason": "POINTS", "trapdoors": [[3, 7], [2, 7], [1, 7], [0, 7], [0, 6], [0, 6], [0, 6], [0, 6], [6, 4], [6, 4], [6, 3], [6, 3], [7, 3], [7, 3], [7, 2], [7, 2], [0, 1], [0, 1], [0, 1], [0, 2], [0, 2], [0, 1], [0, 1], [0, 1], [0, 1], [0, 1], [0, 1], [1, 1], [1, 1], [1, 2], [1, 2], [1, 2], [1, 2], [1, 2], [0, 2], [0, 2], [0, 1], [0, 1], [0, 1], [0, 0], [1, 0], [1, 0], [2, 6], [2, 6], [2, 6], [2, 6], [2, 6], [2, 6], [2, 6], [2, 6], [2, 6], [2, 7], [2, 7], [2, 7], [5, 3], [5, 3], [5, 3], [5, 4], [5, 4], [4, 4], [4, 4], [4, 4], [4, 4], [4, 4], [2, 5], [3, 5], [5, 4], [5, 4], [5, 4], [5, 4], [5, 4], [5, 4], [5, 4], [5, 4], [4, 4], [4, 4], [1, 4], [1, 4], [1, 4], [2, 4], [3, 4]], "spawn_a": [3, 2], "spawn_b": [4, 2]}