{"pos": [[3, 2], [5, 3], [3, 3], [5, 4], [3, 4], [4, 4], [3, 5], [4, 5], [3, 6], [5, 5], [3, 2], [5, 5], [4, 2], [5, 6], [4, 3], [5, 7], [5, 3], [5, 4], [4, 3], [5, 4], [4, 4], [6, 4], [5, 4], [6, 3], [4, 4], [7, 3], [5, 4], [6, 3], [5, 3], [6, 4], [5, 4], [6, 3], [5, 3], [6, 4], [5, 4], [6, 3], [5, 3], [6, 4], [5, 4], [6, 3], [5, 3], [6, 4], [5, 4], [6, 3], [5, 3], [6, 3], [5, 4], [6, 4], [5, 4], [7, 4], [4, 4], [7, 3], [5, 4], [6, 3], [5, 3], [7, 3], [6, 3], [7, 4], [5, 3], [7, 3], [5, 4], [6, 3], [5, 3], [6, 4], [5, 4], [6, 3], [5, 4], [5, 3], [4, 4], [4, 3], [3, 4], [3, 3], [2, 4], [2, 3], [1, 4], [1, 3], [0, 4], [0, 3], [2, 4], [2, 3]], "a_points": [1, 1, 2, 2, 3, 3, 4, 4, 5, 5, 11, 11, 11, 11, 12, 12, 11, 11, 11, 11, 12, 12, 13, 13, 12, 12, 12, 12, 12, 12, 12, 12, 12, 12, 12, 12, 12, 12, 12, 12, 12, 12, 12, 12, 12, 12, 12, 12, 16, 16, 16, 16, 16, 16, 16, 16, 16, 16, 16, 16, 16, 16, 16, 16, 16, 16, 20, 20, 20, 20, 20, 20, 20, 20, 21, 21, 22, 22, 24, 24], "b_points": [0, 1, 1, 2, 2, 3, 3, 3, 3, 4, 4, 8, 8, 9, 9, 10, 10, 14, 14, 18, 18, 18, 18, 18, 18, 18, 18, 18, 18, 18, 18, 18, 18, 18, 18, 18, 18, 18, 18, 18, 18, 18, 18, 18, 18, 16, 16, 17, 17, 18, 18, 19, 19, 18, 18, 18, 18, 17, 17, 17, 17, 18, 18, 17, 17, 17, 17, 17, 17, 16, 16, 16, 16, 16, 16, 17, 17, 18, 18, 20], "a_turns_left": [39, 39, 38, 38, 37, 37, 36, 36, 35, 35, 34, 34, 33, 33, 32, 32, 31, 31, 30, 30, 29, 29, 28, 28, 27, 27, 26, 26, 25, 25, 24, 24, 23, 23, 22, 22, 21, 21, 20, 20, 19, 19, 18, 18, 17, 17, 16, 16, 15, 15, 14, 14, 13, 13, 12, 12, 11, 11, 10, 10, 9, 9, 8, 8, 7, 7, 6, 6, 5, 5, 4, 4, 3, 3, 2, 2, 1, 1, 0, 0], "b_turns_left": [40, 39, 39, 38, 38, 37, 37, 36, 36, 35, 35, 34, 34, 33, 33, 32, 32, 31, 31, 30, 30, 29, 29, 28, 28, 27, 27, 26, 26, 25, 25, 24, 24, 23, 23, 22, 22, 21, 21, 20, 20, 19, 19, 18, 18, 17, 17, 16, 16, 15, 15, 14, 14, 13, 13, 12, 12, 11, 11, 10, 10, 9, 9, 8, 8, 7, 7, 6, 6, 5, 5, 4, 4, 3, 3, 2, 2, 1, 1, 0], "a_time_left": [235.38657620898448, 235.38657620898448, 230.77131183398888, 230.77131183398888, 226.15323183406144, 226.15323183406144, 221.54216458415613, 221.54216458415613, 216.92727370932698, 216.92727370932698, 212.29198129242286, 212.29198129242286, 207.67923158453777, 207.67923158453777, 203.04950920958072, 203.04950920958072, 198.4369776675012, 198.4369776675012, 193.82538958452642, 193.82538958452642, 189.20981204346754, 189.20981204346754, 184.60028954339214, 184.60028954339214, 179.99067925149575, 179.99067925149575, 175.381199168507, 175.381199168507, 170.77522283466533, 170.77522283466533, 166.16202245955355, 166.16202245955355, 161.5534488344565, 161.5534488344565, 156.94684816757217, 156.94684816757217, 152.33617679262534, 152.33617679262534, 147.72676116763614, 147.72676116763614, 143.1188654175494, 143.1188654175494, 138.5053542095702, 138.5053542095702, 133.89435479254462, 133.89435479254462, 129.28275108453818, 129.28275108453818, 124.66645708447322, 124.66645708447322, 120.05676904250868, 120.05676904250868, 115.44909770856611, 115.44909770856611, 110.83839529147372, 110.83839529147372, 106.22284616646357, 106.22284616646357, 101.61188524961472, 101.61188524961472, 97.0011551247444, 97.0011551247444, 92.38746595778503, 92.38746595778503, 87.77882316568866, 87.77882316568866, 83.12024924857542, 83.12024924857542, 78.50995024875738, 78.50995024875738, 73.903110581683, 73.903110581683, 69.29260353953578, 69.29260353953578, 64.68060153955594, 64.68060153955594, 60.0709190396592, 60.0709190396592, 55.46436553960666, 55.46436553960666], "b_time_left": [240, 235.38235141593032, 235.38235141593032, 230.76903533306904, 230.76903533306904, 226.15784358303063, 226.15784358303063, 221.5392398328986, 221.5392398328986, 216.90917091700248, 216.90917091700248, 212.2969491260592, 212.2969491260592, 207.6476250011474, 207.6476250011474, 203.03091316809878, 203.03091316809878, 198.41093646013178, 198.41093646013178, 193.7964470849838, 193.7964470849838, 189.18662033509463, 189.18662033509463, 184.57504854397848, 184.57504854397848, 179.96615483495407, 179.96615483495407, 175.35793908475898, 175.35793908475898, 170.749499584781, 170.749499584781, 166.13802433479577, 166.13802433479577, 161.5268350020051, 161.5268350020051, 156.91486025205813, 156.91486025205813, 152.29695629421622, 152.29695629421622, 147.68989441916347, 147.68989441916347, 143.07950796117075, 143.07950796117075, 138.4674880031962, 138.4674880031962, 133.84725075308233, 133.84725075308233, 129.2356650030706, 129.2356650030706, 124.62842604517937, 124.62842604517937, 120.02104512834921, 120.02104512834921, 115.40754441940226, 115.40754441940226, 110.79952512844466, 110.79952512844466, 106.18534321151674, 106.18534321151674, 101.57764808647335, 101.57764808647335, 96.96186896157451, 96.96186896157451, 92.3519548366312, 92.3519548366312, 87.74475487857126, 87.74475487857126, 83.12983175343834, 83.12983175343834, 78.51412387844175, 78.51412387844175, 73.90505637833849, 73.90505637833849, 69.29739321232773, 69.29739321232773, 64.68203975330107, 64.68203975330107, 60.073990462115034, 60.073990462115034, 55.46593983727507], "rat_caught": [false, false, false, false, false, false, false, false, false, false, false, true, false, false, false, false, false, false, false, true, false, false, false, false, false, false, false, false, false, false, false, false, false, false, false, false, false, false, false, false, false, false, false, false, false, false, false, false, true, false, false, false, false, false, false, false, false, false, false, false, false, false, false, false, false, false, true, false, false, false, false, false, false, false, false, false, false, false, false, false], "left_behind": ["prime", "prime", "prime", "prime", "prime", "prime", "prime", "plain", "prime", "prime", "carpet", "search", "plain", "prime", "prime", "prime", "carpet", "carpet", "plain", "search", "prime", "plain", "prime", "plain", "carpet", "plain", "plain", "plain", "plain", "plain", "plain", "plain", "plain", "plain", "plain", "plain", "plain", "plain", "plain", "plain", "plain", "plain", "plain", "plain", "plain", "search", "plain", "prime", "search", "prime", "plain", "prime", "plain", "carpet", "plain", "plain", "plain", "carpet", "plain", "plain", "plain", "prime", "plain", "carpet", "plain", "plain", "search", "plain", "plain", "carpet", "plain", "plain", "plain", "plain", "prime", "prime", "prime", "prime", "carpet", "carpet"], "errlog_a": "turns=40, last_best_rat_prob=0.408, last_search_target=(2, 7), last_eval=81.41, last_depth=208, search_miss_streak=0, search_gain=-1000000000.00, board_gain=-20.74, opp_threat=2.00, opp_setup_threat=1.20, search_threshold=0.620", "errlog_b": "turns=40, last_best_rat_prob=0.745, last_search_target=(3, 2), last_eval=-106.60, last_depth=744, search_miss_streak=1, search_gain=32.63, board_gain=187.71, opp_threat=2.00, opp_setup_threat=2.00, search_threshold=0.410", "start_time": 240, "start_moves": 80, "turn_count": 80, "result": 0, "reason": "POINTS", "trapdoors": [[3, 5], [3, 6], [3, 6], [3, 7], [3, 7], [3, 7], [2, 7], [2, 7], [2, 7], [2, 7], [2, 7], [2, 7], [5, 6], [5, 6], [5, 6], [5, 6], [5, 7], [5, 7], [5, 7], [5, 7], [5, 7], [5, 7], [5, 7], [5, 6], [5, 7], [5, 7], [6, 7], [7, 7], [7, 7], [7, 7], [7, 6], [7, 6], [7, 5], [7, 4], [7, 4], [6, 4], [6, 3], [6, 3], [6, 3], [5, 3], [5, 3], [5, 3], [6, 3], [6, 3], [6, 3], [6, 3], [6, 4], [6, 4], [6, 4], [3, 5], [3, 5], [3, 6], [4, 6], [4, 6], [4, 6], [4, 5], [4, 5], [4, 5], [4, 5], [4, 6], [4, 7], [3, 7], [3, 7], [3, 7], [3, 7], [3, 7], [3, 7], [1, 3], [2, 3], [2, 3], [2, 2], [1, 2], [1, 2], [1, 2], [1, 2], [1, 1], [1, 0], [0, 0], [0, 0], [0, 0], [1, 0]], "spawn_a": [2, 2], "spawn_b": [5, 2]}