{"pos": [[2, 4], [4, 3], [1, 4], [4, 4], [3, 4], [4, 5], [3, 5], [5, 5], [3, 4], [6, 5], [3, 3], [7, 5], [3, 2], [4, 5], [4, 2], [4, 3], [5, 2], [5, 3], [6, 2], [5, 2], [6, 3], [5, 3], [6, 4], [5, 4], [6, 2], [6, 4], [5, 2], [5, 4], [3, 2], [4, 4], [2, 2], [3, 4], [1, 2], [2, 4], [0, 2], [2, 3], [2, 2], [1, 3], [1, 2], [1, 4], [1, 3], [1, 5], [3, 3], [2, 5], [2, 3], [3, 5], [1, 3], [4, 5], [1, 5], [4, 5], [3, 5], [4, 6], [3, 6], [4, 5], [3, 6], [3, 5], [2, 6], [3, 6], [2, 5], [3, 5], [1, 5], [2, 5], [0, 5], [2, 4], [0, 4], [1, 4], [0, 4], [2, 4], [0, 3], [1, 4], [0, 3], [2, 4], [0, 2], [2, 5], [0, 2], [2, 4], [1, 2], [3, 4], [0, 2], [3, 4]], "a_points": [1, 1, 2, 2, 4, 4, 4, 4, 4, 4, 4, 4, 5, 5, 6, 6, 7, 7, 8, 8, 9, 9, 10, 10, 12, 12, 12, 12, 14, 14, 14, 14, 15, 15, 16, 16, 18, 18, 18, 18, 17, 17, 19, 19, 19, 19, 19, 19, 21, 21, 23, 23, 23, 23, 27, 27, 28, 28, 29, 29, 29, 29, 29, 29, 30, 30, 34, 34, 35, 35, 39, 39, 40, 40, 44, 44, 44, 44, 44, 44], "b_points": [0, 0, 0, 1, 1, 2, 2, 3, 3, 4, 4, 5, 5, 9, 9, 11, 11, 11, 11, 10, 10, 10, 10, 11, 11, 11, 11, 12, 12, 13, 13, 13, 13, 13, 13, 13, 13, 14, 14, 15, 15, 16, 16, 17, 17, 18, 18, 19, 19, 23, 23, 23, 23, 24, 24, 24, 24, 23, 23, 23, 23, 23, 23, 23, 23, 23, 23, 23, 23, 23, 23, 23, 23, 23, 23, 23, 23, 23, 23, 21], "a_turns_left": [39, 39, 38, 38, 37, 37, 36, 36, 35, 35, 34, 34, 33, 33, 32, 32, 31, 31, 30, 30, 29, 29, 28, 28, 27, 27, 26, 26, 25, 25, 24, 24, 23, 23, 22, 22, 21, 21, 20, 20, 19, 19, 18, 18, 17, 17, 16, 16, 15, 15, 14, 14, 13, 13, 12, 12, 11, 11, 10, 10, 9, 9, 8, 8, 7, 7, 6, 6, 5, 5, 4, 4, 3, 3, 2, 2, 1, 1, 0, 0], "b_turns_left": [40, 39, 39, 38, 38, 37, 37, 36, 36, 35, 35, 34, 34, 33, 33, 32, 32, 31, 31, 30, 30, 29, 29, 28, 28, 27, 27, 26, 26, 25, 25, 24, 24, 23, 23, 22, 22, 21, 21, 20, 20, 19, 19, 18, 18, 17, 17, 16, 16, 15, 15, 14, 14, 13, 13, 12, 12, 11, 11, 10, 10, 9, 9, 8, 8, 7, 7, 6, 6, 5, 5, 4, 4, 3, 3, 2, 2, 1, 1, 0], "a_time_left": [236.30937554105185, 236.30937554105185, 232.6132691660896, 232.6132691660896, 228.91416320810094, 228.91416320810094, 225.21773791708983, 225.21773791708983, 221.517278250074, 221.517278250074, 217.82290854188614, 217.82290854188614, 214.1229891248513, 214.1229891248513, 210.4039120839443, 210.4039120839443, 206.7032911668066, 206.7032911668066, 202.9874617077876, 202.9874617077876, 199.28871166566387, 199.28871166566387, 195.595889540622, 195.595889540622, 191.89699716563337, 191.89699716563337, 188.20437999861315, 188.20437999861315, 184.50689283153042, 184.50689283153042, 180.8041150404606, 180.8041150404606, 177.1090680405032, 177.1090680405032, 173.40720770671032, 173.40720770671032, 169.71149499784224, 169.71149499784224, 166.0142510808073, 166.0142510808073, 162.32177662290633, 162.32177662290633, 158.61951245600358, 158.61951245600358, 154.9260131639894, 154.9260131639894, 151.23131874692626, 151.23131874692626, 147.53060258110054, 147.53060258110054, 143.83198812324554, 143.83198812324554, 140.13185845618136, 140.13185845618136, 136.4356154971756, 136.4356154971756, 132.73638328909874, 132.73638328909874, 129.04628995619714, 129.04628995619714, 125.35227474826388, 125.35227474826388, 121.65402474836446, 121.65402474836446, 117.95794529048726, 117.95794529048726, 114.25532695651054, 114.25532695651054, 110.55511166458018, 110.55511166458018, 106.84920070669614, 106.84920070669614, 103.15157729084603, 103.15157729084603, 99.44806879083626, 99.44806879083626, 95.75836712378077, 95.75836712378077, 92.06440329062752, 92.06440329062752], "b_time_left": [240, 236.3078899581451, 236.3078899581451, 232.61532987421378, 232.61532987421378, 228.92625220725313, 228.92625220725313, 225.235001165187, 225.235001165187, 221.53903220710345, 221.53903220710345, 217.83807774912566, 217.83807774912566, 214.14331879024394, 214.14331879024394, 210.43606754019856, 210.43606754019856, 206.73169537330978, 206.73169537330978, 203.02852499834262, 203.02852499834262, 199.33330303942785, 199.33330303942785, 195.6187426224351, 195.6187426224351, 191.9276285804808, 191.9276285804808, 188.22315928852186, 188.22315928852186, 184.5151957885828, 184.5151957885828, 180.82045024749823, 180.82045024749823, 177.1292391642928, 177.1292391642928, 173.42508541420102, 173.42508541420102, 169.7257263720967, 169.7257263720967, 166.03439183114097, 166.03439183114097, 162.33049766533077, 162.33049766533077, 158.636651749257, 158.636651749257, 154.93119804142043, 154.93119804142043, 151.22821133350953, 151.22821133350953, 147.52950095850974, 147.52950095850974, 143.83760141651146, 143.83760141651146, 140.14089412544854, 140.14089412544854, 136.43880629143678, 136.43880629143678, 132.73620216641575, 132.73620216641575, 129.04072441649623, 129.04072441649623, 125.34203008329496, 125.34203008329496, 121.64381624921225, 121.64381624921225, 117.93628795724362, 117.93628795724362, 114.23944774805568, 114.23944774805568, 110.51645083120093, 110.51645083120093, 106.82266991399229, 106.82266991399229, 103.12960258079693, 103.12960258079693, 99.43807974690571, 99.43807974690571, 95.74580003879964, 95.74580003879964, 92.05748733086511], "rat_caught": [false, false, false, false, false, false, false, false, false, false, false, false, false, false, false, false, false, false, false, false, false, false, false, false, false, false, false, false, false, false, false, false, false, false, false, false, false, false, false, false, false, false, false, false, false, false, false, false, false, true, false, false, false, false, true, false, false, false, false, false, false, false, false, false, false, false, true, false, false, false, true, false, false, false, true, false, false, false, false, false], "left_behind": ["prime", "plain", "prime", "prime", "carpet", "prime", "plain", "prime", "plain", "prime", "plain", "prime", "prime", "carpet", "prime", "carpet", "prime", "plain", "prime", "carpet", "prime", "plain", "prime", "prime", "carpet", "plain", "plain", "prime", "carpet", "prime", "plain", "plain", "prime", "plain", "prime", "plain", "carpet", "prime", "plain", "prime", "carpet", "prime", "carpet", "prime", "plain", "prime", "plain", "prime", "carpet", "search", "carpet", "plain", "plain", "prime", "search", "plain", "prime", "carpet", "prime", "plain", "plain", "plain", "plain", "plain", "prime", "plain", "search", "plain", "prime", "plain", "search", "plain", "prime", "plain", "search", "plain", "plain", "plain", "plain", "search"], "errlog_a": "turns=40, last_best_rat_prob=0.402, last_search_target=(1, 4), last_eval=391.71, last_depth=139, search_miss_streak=0, search_gain=-1000000006.00, board_gain=12.68, opp_threat=0.00, opp_setup_threat=2.70, search_threshold=0.560", "errlog_b": "turns=40, last_best_rat_prob=0.443, last_search_target=(2, 4), last_eval=-1.31, last_depth=567, search_miss_streak=0, search_gain=-1.31, board_gain=-77.01, opp_threat=4.00, opp_setup_threat=4.00, search_threshold=0.410", "start_time": 240, "start_moves": 80, "turn_count": 80, "result": 0, "reason": "POINTS", "trapdoors": [[4, 1], [3, 1], [3, 1], [3, 0], [2, 0], [2, 0], [1, 0], [1, 1], [1, 1], [1, 1], [1, 2], [1, 2], [1, 1], [1, 1], [1, 1], [1, 1], [1, 1], [1, 1], [1, 2], [1, 2], [1, 2], [1, 2], [1, 2], [1, 2], [1, 3], [1, 3], [1, 3], [1, 2], [1, 3], [2, 3], [2, 2], [2, 2], [1, 2], [1, 3], [1, 3], [1, 4], [1, 3], [2, 3], [2, 2], [2, 2], [2, 2], [2, 2], [2, 3], [3, 3], [3, 4], [3, 4], [3, 4], [3, 4], [3, 4], [3, 4], [2, 3], [2, 3], [2, 3], [2, 3], [2, 3], [3, 4], [2, 4], [1, 4], [1, 4], [0, 4], [0, 5], [0, 5], [0, 4], [0, 4], [0, 4], [0, 4], [0, 4], [0, 3], [0, 3], [0, 3], [0, 3], [0, 1], [0, 1], [0, 1], [0, 1], [3, 3], [2, 3], [2, 3], [2, 3], [2, 4], [2, 5]], "spawn_a": [3, 4], "spawn_b": [4, 4]}