{"pos": [[2, 4], [5, 4], [1, 4], [4, 4], [3, 4], [4, 3], [3, 3], [4, 2], [3, 2], [4, 1], [4, 2], [5, 1], [5, 2], [4, 1], [5, 3], [4, 2], [3, 3], [4, 3], [3, 2], [5, 3], [3, 1], [5, 4], [5, 1], [5, 2], [5, 0], [5, 2], [4, 0], [6, 2], [3, 0], [6, 3], [2, 0], [7, 3], [2, 1], [7, 4], [2, 1], [7, 5], [2, 2], [6, 5], [1, 2], [5, 5], [1, 3], [5, 5], [2, 3], [4, 5]], "a_points": [1, 1, 2, 2, 4, 4, 4, 4, 5, 5, 4, 4, 4, 4, 5, 5, 7, 7, 7, 7, 8, 8, 10, 10, 10, 10, 11, 11, 12, 12, 13, 13, 14, 14, 12, 12, 13, 13, 14, 14, 15, 15, 16, 16], "b_points": [0, 0, 0, 0, 0, 1, 1, 2, 2, 3, 3, 3, 3, 4, 4, 5, 5, 5, 5, 5, 5, 6, 6, 8, 8, 12, 12, 12, 12, 13, 13, 14, 14, 15, 15, 16, 16, 17, 17, 18, 18, 16, 16, 17], "a_turns_left": [39, 39, 38, 38, 37, 37, 36, 36, 35, 35, 34, 34, 33, 33, 32, 32, 31, 31, 30, 30, 29, 29, 28, 28, 27, 27, 26, 26, 25, 25, 24, 24, 23, 23, 22, 22, 21, 21, 20, 20, 19, 19, 18, 18], "b_turns_left": [40, 39, 39, 38, 38, 37, 37, 36, 36, 35, 35, 34, 34, 33, 33, 32, 32, 31, 31, 30, 30, 29, 29, 28, 28, 27, 27, 26, 26, 25, 25, 24, 24, 23, 23, 22, 22, 21, 21, 20, 20, 19, 19, 18], "a_time_left": [235.38089458388276, 235.38089458388276, 230.7601107498631, 230.7601107498631, 226.1296516249422, 226.1296516249422, 221.5118632079102, 221.5118632079102, 216.89370116591454, 216.89370116591454, 212.28113058279268, 212.28113058279268, 207.66731170774437, 207.66731170774437, 203.05084483278915, 203.05084483278915, 198.43540895776823, 198.43540895776823, 193.82411612477154, 193.82411612477154, 189.20640004170127, 189.20640004170127, 184.5889487916138, 184.5889487916138, 179.97953441669233, 179.97953441669233, 175.36609345884062, 175.36609345884062, 170.75055254274048, 170.75055254274048, 166.1333030848764, 166.1333030848764, 161.51981912576593, 161.51981912576593, 156.89571970887482, 156.89571970887482, 152.27292437595315, 152.27292437595315, 147.66094929282553, 147.66094929282553, 143.04921670886688, 143.04921670886688, 138.4391346250195, 138.4391346250195], "b_time_left": [240, 235.38012908305973, 235.38012908305973, 230.7690449990332, 230.7690449990332, 226.11860695807263, 226.11860695807263, 221.4876500000246, 221.4876500000246, 216.86155812512152, 216.86155812512152, 212.24541004211642, 212.24541004211642, 207.62473758403212, 207.62473758403212, 202.99961166805588, 202.99961166805588, 198.38538454310037, 198.38538454310037, 193.76859987713397, 193.76859987713397, 189.1469754180871, 189.1469754180871, 184.53441670909524, 184.53441670909524, 179.9168422089424, 179.9168422089424, 175.2963170420844, 175.2963170420844, 170.67294583423063, 170.67294583423063, 166.05648229224607, 166.05648229224607, 161.43661775137298, 161.43661775137298, 156.8152553762775, 156.8152553762775, 152.2017269602511, 152.2017269602511, 147.59068825119175, 147.59068825119175, 142.97043683519587, 142.97043683519587, 138.35496887611225], "rat_caught": [false, false, false, false, false, false, false, false, false, false, false, false, false, false, false, false, false, false, false, false, false, false, false, false, false, true, false, false, false, false, false, false, false, false, false, false, false, false, false, false, false, false, false, false], "left_behind": ["prime", "plain", "prime", "plain", "carpet", "prime", "plain", "prime", "prime", "prime", "carpet", "plain", "plain", "prime", "prime", "prime", "carpet", "plain", "plain", "plain", "prime", "prime", "carpet", "carpet", "plain", "search", "prime", "plain", "prime", "prime", "prime", "prime", "prime", "prime", "search", "prime", "prime", "prime", "prime", "prime", "prime", "search", "prime", "prime"], "errlog_a": "Traceback (most recent call last):\n  File \"/Users/aryanpatel/CS3600/dist 3/engine/player_process.py\", line 280, in run_player_process\n    player_move = player.play(\n        temp_board, rat_samples, time_left_func\n    )\n  File \"/Users/aryanpatel/CS3600/dist 3/3600-agents/fastcopy/agent.py\", line 163, in play\n    move_at_depth, value_at_depth, completed = self._search_root_to_depth(\n                                               ~~~~~~~~~~~~~~~~~~~~~~~~~~^\n        board,\n        ^^^^^^\n    ...<5 lines>...\n        self.belief,\n        ^^^^^^^^^^^^\n    )\n    ^\n  File \"/Users/aryanpatel/CS3600/dist 3/3600-agents/fastcopy/agent.py\", line 340, in _search_root_to_depth\n    val = -self._negamax(\n           ~~~~~~~~~~~~~^\n        next_board,\n        ^^^^^^^^^^^\n    ...<6 lines>...\n        future_belief,\n        ^^^^^^^^^^^^^^\n    )\n    ^\n  File \"/Users/aryanpatel/CS3600/dist 3/3600-agents/fastcopy/agent.py\", line 466, in _negamax\n    score = -self._negamax(\n             ~~~~~~~~~~~~~^\n        next_board,\n        ^^^^^^^^^^^\n    ...<6 lines>...\n        next_belief,\n        ^^^^^^^^^^^^\n    )\n    ^\n  File \"/Users/aryanpatel/CS3600/dist 3/3600-agents/fastcopy/agent.py\", line 466, in _negamax\n    score = -self._negamax(\n             ~~~~~~~~~~~~~^\n        next_board,\n        ^^^^^^^^^^^\n    ...<6 lines>...\n        next_belief,\n        ^^^^^^^^^^^^\n    )\n    ^\n  File \"/Users/aryanpatel/CS3600/dist 3/3600-agents/fastcopy/agent.py\", line 466, in _negamax\n    score = -self._negamax(\n             ~~~~~~~~~~~~~^\n        next_board,\n        ^^^^^^^^^^^\n    ...<6 lines>...\n        next_belief,\n        ^^^^^^^^^^^^\n    )\n    ^\n  File \"/Users/aryanpatel/CS3600/dist 3/3600-agents/fastcopy/agent.py\", line 452, in _negamax\n    valid_moves = self._order_moves(board_obj, valid_moves, belief_vec)\n  File \"/Users/aryanpatel/CS3600/dist 3/3600-agents/fastcopy/agent.py\", line 761, in _order_moves\n    return sorted(moves, key=move_key, reverse=True)\n  File \"/Users/aryanpatel/CS3600/dist 3/3600-agents/fastcopy/agent.py\", line 749, in move_key\n    if low_value:\n       ^^^^^^^^^\nUnboundLocalError: cannot access local variable 'low_value' where it is not associated with a value\n", "errlog_b": "turns=22, last_best_rat_prob=0.642, last_search_target=(0, 2), last_eval=96.35, last_depth=5, search_miss_streak=1, search_gain=-1000000000.00, board_gain=150.79, opp_threat=4.00, opp_setup_threat=10.30, search_threshold=0.650", "start_time": 240, "start_moves": 80, "turn_count": 44, "result": 1, "reason": "CODE_CRASH", "trapdoors": [[5, 1], [5, 1], [5, 1], [5, 1], [5, 1], [4, 1], [4, 1], [4, 1], [4, 1], [5, 1], [5, 2], [5, 2], [5, 2], [5, 2], [6, 2], [6, 2], [6, 2], [6, 2], [6, 2], [6, 2], [6, 2], [6, 3], [6, 3], [6, 3], [5, 3], [5, 3], [1, 1], [2, 1], [2, 1], [2, 1], [2, 1], [2, 2], [2, 2], [2, 2], [2, 3], [1, 3], [1, 3], [1, 3], [1, 3], [1, 3], [0, 3], [0, 3], [0, 2], [0, 2], [0, 2], [0, 1]], "spawn_a": [3, 4], "spawn_b": [4, 4]}