{"pos": [[2, 3], [5, 3], [1, 3], [4, 3], [3, 3], [4, 4], [3, 2], [3, 4], [4, 2], [4, 4], [5, 2], [5, 4], [5, 3], [5, 5], [6, 3], [6, 5], [6, 2], [5, 5], [5, 2], [4, 5], [5, 3], [3, 5], [5, 5], [3, 6], [4, 5], [3, 5], [4, 4], [4, 5], [5, 4], [4, 3], [5, 3], [3, 3], [5, 2], [3, 3], [5, 1], [3, 6], [4, 1], [3, 5], [4, 0], [2, 5], [4, 1], [2, 5], [3, 1], [2, 4], [4, 1], [2, 3], [4, 1], [3, 3], [3, 1], [4, 3], [2, 1], [6, 3], [5, 1], [7, 3], [5, 2], [7, 4], [6, 2], [7, 4], [5, 2], [6, 4], [4, 2], [6, 3], [4, 2], [6, 5], [5, 2], [7, 5], [3, 2], [7, 3], [2, 2], [6, 3], [2, 1], [6, 3], [2, 1], [5, 3], [2, 0], [4, 3], [2, 1], [3, 3], [2, 2], [3, 3]], "a_points": [1, 1, 2, 2, 4, 4, 4, 4, 5, 5, 5, 5, 6, 6, 6, 6, 7, 7, 6, 6, 6, 6, 8, 8, 7, 7, 7, 7, 8, 8, 8, 8, 9, 9, 9, 9, 10, 10, 10, 10, 11, 11, 11, 11, 11, 11, 9, 9, 10, 10, 11, 11, 15, 15, 15, 15, 15, 15, 16, 16, 16, 16, 20, 20, 21, 21, 23, 23, 23, 23, 23, 23, 27, 27, 27, 27, 28, 28, 29, 29], "b_points": [0, 0, 0, 0, 0, 1, 1, 1, 1, 2, 2, 2, 2, 3, 3, 3, 3, 4, 4, 5, 5, 6, 6, 6, 6, 7, 7, 8, 8, 10, 10, 10, 10, 14, 14, 18, 18, 18, 18, 18, 18, 22, 22, 23, 23, 24, 24, 24, 24, 24, 24, 26, 26, 26, 26, 27, 27, 25, 25, 26, 26, 27, 27, 29, 29, 29, 29, 31, 31, 31, 31, 29, 29, 29, 29, 29, 29, 29, 29, 33], "a_turns_left": [39, 39, 38, 38, 37, 37, 36, 36, 35, 35, 34, 34, 33, 33, 32, 32, 31, 31, 30, 30, 29, 29, 28, 28, 27, 27, 26, 26, 25, 25, 24, 24, 23, 23, 22, 22, 21, 21, 20, 20, 19, 19, 18, 18, 17, 17, 16, 16, 15, 15, 14, 14, 13, 13, 12, 12, 11, 11, 10, 10, 9, 9, 8, 8, 7, 7, 6, 6, 5, 5, 4, 4, 3, 3, 2, 2, 1, 1, 0, 0], "b_turns_left": [40, 39, 39, 38, 38, 37, 37, 36, 36, 35, 35, 34, 34, 33, 33, 32, 32, 31, 31, 30, 30, 29, 29, 28, 28, 27, 27, 26, 26, 25, 25, 24, 24, 23, 23, 22, 22, 21, 21, 20, 20, 19, 19, 18, 18, 17, 17, 16, 16, 15, 15, 14, 14, 13, 13, 12, 12, 11, 11, 10, 10, 9, 9, 8, 8, 7, 7, 6, 6, 5, 5, 4, 4, 3, 3, 2, 2, 1, 1, 0], "a_time_left": [235.3801808329299, 235.3801808329299, 230.75826866691932, 230.75826866691932, 226.12499304208905, 226.12499304208905, 221.45837462507188, 221.45837462507188, 216.83255920815282, 216.83255920815282, 212.2188080002088, 212.2188080002088, 207.59077412518673, 207.59077412518673, 202.96077075018547, 202.96077075018547, 198.3297445003409, 198.3297445003409, 193.71065679122694, 193.71065679122694, 189.09698770823888, 189.09698770823888, 184.47738116630353, 184.47738116630353, 179.86826283321716, 179.86826283321716, 175.25825079111382, 175.25825079111382, 170.65193820814602, 170.65193820814602, 166.0043364581652, 166.0043364581652, 161.38164995796978, 161.38164995796978, 156.77251091599464, 156.77251091599464, 152.15537812397815, 152.15537812397815, 147.5421385820955, 147.5421385820955, 142.92701824801043, 142.92701824801043, 138.31176170590334, 138.31176170590334, 133.69899999769405, 133.69899999769405, 129.08391853957437, 129.08391853957437, 124.46246187272482, 124.46246187272482, 119.84115728968754, 119.84115728968754, 115.22417966462672, 115.22417966462672, 110.60912353964522, 110.60912353964522, 105.98389320564456, 105.98389320564456, 101.37169903959148, 101.37169903959148, 96.7575774146244, 96.7575774146244, 92.13178245560266, 92.13178245560266, 87.51325558056124, 87.51325558056124, 82.89118445548229, 82.89118445548229, 78.27885862253606, 78.27885862253606, 73.66893674759194, 73.66893674759194, 69.04203403857537, 69.04203403857537, 64.42586020566523, 64.42586020566523, 59.8136196215637, 59.8136196215637, 55.208240788662806, 55.208240788662806], "b_time_left": [240, 235.3798590840306, 235.3798590840306, 230.75598962605, 230.75598962605, 226.12102287611924, 226.12102287611924, 221.47234504297376, 221.47234504297376, 216.85244770999998, 216.85244770999998, 212.23373958515003, 212.23373958515003, 207.61796471034177, 207.61796471034177, 202.98477166844532, 202.98477166844532, 198.36484412732534, 198.36484412732534, 193.75522975227796, 193.75522975227796, 189.13473358540796, 189.13473358540796, 184.5206006683875, 184.5206006683875, 179.90554271033034, 179.90554271033034, 175.28241841937415, 175.28241841937415, 170.6648650863208, 170.6648650863208, 166.04494350333698, 166.04494350333698, 161.43080621142872, 161.43080621142872, 156.81254575331695, 156.81254575331695, 152.1989218783565, 152.1989218783565, 147.58375300327316, 147.58375300327316, 142.96722179511562, 142.96722179511562, 138.3495271289721, 138.3495271289721, 133.73196504591033, 133.73196504591033, 129.12423937907442, 129.12423937907442, 124.50631167110987, 124.50631167110987, 119.8808630881831, 119.8808630881831, 115.27125742100179, 115.27125742100179, 110.65170854586177, 110.65170854586177, 106.03722925367765, 106.03722925367765, 101.41951521160081, 101.41951521160081, 96.79684766964056, 96.79684766964056, 92.18164979456924, 92.18164979456924, 87.57235158537515, 87.57235158537515, 82.96235112752765, 82.96235112752765, 78.34625512757339, 78.34625512757339, 73.73061366961338, 73.73061366961338, 69.11930241971277, 69.11930241971277, 64.50678162788972, 64.50678162788972, 59.896279335720465, 59.896279335720465, 55.288891835836694], "rat_caught": [false, false, false, false, false, false, false, false, false, false, false, false, false, false, false, false, false, false, false, false, false, false, false, false, false, false, false, false, false, false, false, false, false, true, false, false, false, false, false, false, false, true, false, false, false, false, false, false, false, false, false, false, false, false, false, false, false, false, false, false, false, false, true, false, false, false, false, false, false, false, false, false, true, false, false, false, false, false, false, true], "left_behind": ["prime", "plain", "prime", "plain", "carpet", "prime", "plain", "plain", "prime", "prime", "plain", "plain", "prime", "prime", "plain", "plain", "prime", "prime", "carpet", "prime", "plain", "prime", "carpet", "plain", "carpet", "prime", "plain", "prime", "prime", "carpet", "plain", "plain", "prime", "search", "plain", "carpet", "prime", "plain", "plain", "plain", "prime", "search", "plain", "prime", "plain", "prime", "search", "plain", "prime", "plain", "prime", "carpet", "carpet", "plain", "plain", "prime", "plain", "search", "prime", "prime", "plain", "prime", "search", "carpet", "prime", "plain", "carpet", "carpet", "plain", "plain", "plain", "search", "search", "plain", "plain", "plain", "prime", "plain", "prime", "search"], "errlog_a": "turns=40, last_best_rat_prob=0.311, last_search_target=(4, 6), last_eval=13.70, last_depth=199, search_miss_streak=0, search_gain=-1000000000.50, board_gain=28.77, opp_threat=0.00, opp_setup_threat=2.70, search_threshold=0.480", "errlog_b": "turns=40, last_best_rat_prob=0.782, last_search_target=(4, 6), last_eval=79.42, last_depth=1108, search_miss_streak=2, search_gain=79.42, board_gain=6.74, opp_threat=2.00, opp_setup_threat=6.80, search_threshold=0.530", "start_time": 240, "start_moves": 80, "turn_count": 80, "result": 1, "reason": "POINTS", "trapdoors": [[3, 6], [3, 6], [3, 6], [4, 6], [4, 6], [4, 6], [4, 7], [4, 7], [4, 6], [4, 6], [4, 6], [4, 6], [4, 6], [4, 6], [3, 6], [3, 5], [3, 6], [2, 6], [2, 6], [2, 6], [2, 5], [1, 5], [1, 5], [1, 4], [1, 4], [1, 3], [1, 3], [1, 2], [1, 2], [1, 2], [1, 2], [1, 2], [2, 2], [3, 2], [1, 5], [1, 5], [1, 4], [1, 4], [1, 4], [1, 4], [1, 3], [1, 3], [5, 4], [5, 4], [5, 4], [5, 5], [6, 5], [6, 5], [6, 5], [6, 5], [6, 6], [6, 6], [6, 6], [6, 6], [6, 6], [7, 6], [7, 6], [7, 6], [7, 6], [7, 6], [7, 6], [7, 6], [7, 6], [0, 4], [0, 4], [0, 4], [0, 3], [0, 3], [0, 2], [0, 1], [0, 1], [0, 0], [1, 0], [4, 5], [4, 5], [4, 6], [4, 6], [4, 6], [4, 6], [4, 6], [1, 6]], "spawn_a": [3, 3], "spawn_b": [4, 3]}