{"pos": [[3, 4], [4, 4], [3, 3], [5, 4], [3, 2], [3, 4], [2, 2], [3, 4], [3, 2], [4, 4], [3, 1], [4, 4], [3, 0], [4, 3], [3, 3], [5, 3], [2, 3], [5, 4], [2, 4], [5, 5], [2, 5], [3, 5], [2, 3], [2, 5], [1, 3], [2, 6], [2, 3], [3, 6], [3, 3], [3, 7], [5, 3], [4, 7], [5, 2], [4, 6], [5, 1], [4, 5], [4, 1], [4, 5], [4, 0], [5, 5], [4, 1], [5, 5], [4, 2], [5, 6], [3, 2], [5, 7], [5, 2], [5, 4], [5, 2], [5, 5], [5, 3], [5, 6], [6, 3], [2, 6], [7, 3], [2, 7], [7, 4], [2, 7], [6, 4], [4, 7], [5, 4], [4, 6], [5, 4], [4, 5], [4, 4], [3, 5], [3, 4], [3, 6], [3, 5], [2, 6], [3, 4], [2, 6], [4, 4], [2, 7], [5, 4], [2, 6], [4, 4], [2, 6], [5, 4], [3, 6]], "a_points": [1, 1, 2, 2, 3, 3, 3, 3, 4, 4, 5, 5, 6, 6, 10, 10, 10, 10, 11, 11, 12, 12, 14, 14, 14, 14, 15, 15, 15, 15, 17, 17, 17, 17, 18, 18, 19, 19, 19, 19, 20, 20, 21, 21, 22, 22, 24, 24, 28, 28, 28, 28, 28, 28, 28, 28, 29, 29, 30, 30, 31, 31, 35, 35, 35, 35, 35, 35, 35, 35, 35, 35, 35, 35, 35, 35, 35, 35, 35, 35], "b_points": [0, 1, 1, 2, 2, 4, 4, 2, 2, 2, 2, 6, 6, 6, 6, 7, 7, 8, 8, 9, 9, 11, 11, 11, 11, 12, 12, 13, 13, 14, 14, 15, 15, 16, 16, 17, 17, 15, 15, 15, 15, 13, 13, 14, 14, 15, 15, 19, 19, 19, 19, 19, 19, 23, 23, 23, 23, 27, 27, 29, 29, 29, 29, 29, 29, 29, 29, 29, 29, 29, 29, 33, 33, 33, 33, 34, 34, 32, 32, 32], "a_turns_left": [39, 39, 38, 38, 37, 37, 36, 36, 35, 35, 34, 34, 33, 33, 32, 32, 31, 31, 30, 30, 29, 29, 28, 28, 27, 27, 26, 26, 25, 25, 24, 24, 23, 23, 22, 22, 21, 21, 20, 20, 19, 19, 18, 18, 17, 17, 16, 16, 15, 15, 14, 14, 13, 13, 12, 12, 11, 11, 10, 10, 9, 9, 8, 8, 7, 7, 6, 6, 5, 5, 4, 4, 3, 3, 2, 2, 1, 1, 0, 0], "b_turns_left": [40, 39, 39, 38, 38, 37, 37, 36, 36, 35, 35, 34, 34, 33, 33, 32, 32, 31, 31, 30, 30, 29, 29, 28, 28, 27, 27, 26, 26, 25, 25, 24, 24, 23, 23, 22, 22, 21, 21, 20, 20, 19, 19, 18, 18, 17, 17, 16, 16, 15, 15, 14, 14, 13, 13, 12, 12, 11, 11, 10, 10, 9, 9, 8, 8, 7, 7, 6, 6, 5, 5, 4, 4, 3, 3, 2, 2, 1, 1, 0], "a_time_left": [235.3881298750639, 235.3881298750639, 230.77969650016166, 230.77969650016166, 226.16433512512594, 226.16433512512594, 221.54546450008638, 221.54546450008638, 216.92796329199336, 216.92796329199336, 212.10361987585202, 212.10361987585202, 207.48258983390406, 207.48258983390406, 202.85477050067857, 202.85477050067857, 198.24184145987965, 198.24184145987965, 193.62212187680416, 193.62212187680416, 188.99587050173432, 188.99587050173432, 184.37809737678617, 184.37809737678617, 179.77159562683664, 179.77159562683664, 175.15455904370174, 175.15455904370174, 170.5189536686521, 170.5189536686521, 165.90211841859855, 165.90211841859855, 161.2871795434039, 161.2871795434039, 156.65423941845074, 156.65423941845074, 152.03486287756823, 152.03486287756823, 147.40752158570103, 147.40752158570103, 142.7956054196693, 142.7956054196693, 138.17433112766594, 138.17433112766594, 133.55585600272752, 133.55585600272752, 128.9316792106256, 128.9316792106256, 124.2879879605025, 124.2879879605025, 119.59634966845624, 119.59634966845624, 114.97826254344545, 114.97826254344545, 110.35657166852616, 110.35657166852616, 105.7371109595988, 105.7371109595988, 101.12324587651528, 101.12324587651528, 96.48158029350452, 96.48158029350452, 91.86206779349595, 91.86206779349595, 87.24725883547217, 87.24725883547217, 82.43074387754314, 82.43074387754314, 77.81217525247484, 77.81217525247484, 73.19967941846699, 73.19967941846699, 68.56862550158985, 68.56862550158985, 63.951716418610886, 63.951716418610886, 59.34526987653226, 59.34526987653226, 54.736029501538724, 54.736029501538724], "b_time_left": [240, 235.38895595795475, 235.38895595795475, 230.77854779106565, 230.77854779106565, 226.15456929104403, 226.15456929104403, 221.41827262402512, 221.41827262402512, 216.7952477489598, 216.7952477489598, 212.18171699903905, 212.18171699903905, 207.57083337404765, 207.57083337404765, 202.95022583194077, 202.95022583194077, 198.32993649877608, 198.32993649877608, 193.70995683269575, 193.70995683269575, 189.09437712375075, 189.09437712375075, 184.48198428959586, 184.48198428959586, 179.87030237354338, 179.87030237354338, 175.24738066550344, 175.24738066550344, 170.62532158265822, 170.62532158265822, 166.0109739578329, 166.0109739578329, 161.39530083280988, 161.39530083280988, 156.78110745782033, 156.78110745782033, 152.145872291876, 152.145872291876, 147.53079908387735, 147.53079908387735, 142.91401808382943, 142.91401808382943, 138.29719554190524, 138.29719554190524, 133.6704420838505, 133.6704420838505, 129.05221704184078, 129.05221704184078, 124.42768320883624, 124.42768320883624, 119.8120296257548, 119.8120296257548, 115.20361545868218, 115.20361545868218, 110.59024029178545, 110.59024029178545, 105.94277633377351, 105.94277633377351, 101.33001608378254, 101.33001608378254, 96.7067846248392, 96.7067846248392, 92.08550862479024, 92.08550862479024, 87.42566808289848, 87.42566808289848, 82.79709287500009, 82.79709287500009, 78.1759477078449, 78.1759477078449, 73.53440716676414, 73.53440716676414, 68.9187675837893, 68.9187675837893, 64.30026341672055, 64.30026341672055, 59.68445283384062, 59.68445283384062, 55.07396512501873], "rat_caught": [false, false, false, false, false, false, false, false, false, false, false, true, false, false, false, false, false, false, false, false, false, false, false, false, false, false, false, false, false, false, false, false, false, false, false, false, false, false, false, false, false, false, false, false, false, false, false, false, true, false, false, false, false, false, false, false, false, true, false, false, false, false, true, false, false, false, false, false, false, false, false, true, false, false, false, false, false, false, false, false], "left_behind": ["prime", "prime", "prime", "prime", "prime", "carpet", "plain", "search", "prime", "plain", "prime", "search", "prime", "plain", "carpet", "prime", "plain", "prime", "prime", "prime", "prime", "carpet", "carpet", "plain", "plain", "prime", "prime", "prime", "plain", "prime", "carpet", "prime", "plain", "prime", "prime", "prime", "prime", "search", "plain", "plain", "prime", "search", "prime", "prime", "prime", "prime", "carpet", "carpet", "search", "plain", "plain", "plain", "plain", "carpet", "plain", "plain", "prime", "search", "prime", "carpet", "prime", "plain", "search", "plain", "plain", "plain", "plain", "plain", "plain", "plain", "plain", "search", "plain", "plain", "plain", "prime", "plain", "search", "plain", "plain"], "errlog_a": "turns=40, last_best_rat_prob=0.370, last_search_target=(5, 7), last_eval=106.04, last_depth=152, search_miss_streak=0, search_gain=-1000000000.00, board_gain=-45.35, opp_threat=0.00, opp_setup_threat=0.00, search_threshold=0.600", "errlog_b": "turns=40, last_best_rat_prob=0.241, last_search_target=(5, 7), last_eval=-147.94, last_depth=760, search_miss_streak=1, search_gain=-1000000000.00, board_gain=-53.13, opp_threat=2.00, opp_setup_threat=1.20, search_threshold=0.490", "start_time": 240, "start_moves": 80, "turn_count": 80, "result": 0, "reason": "POINTS", "trapdoors": [[3, 4], [3, 3], [3, 3], [3, 3], [3, 3], [3, 2], [3, 3], [3, 3], [3, 3], [4, 3], [4, 3], [4, 3], [5, 1], [5, 1], [5, 1], [5, 1], [5, 1], [5, 1], [5, 1], [5, 1], [5, 1], [5, 1], [5, 1], [5, 2], [5, 2], [6, 2], [6, 2], [6, 2], [7, 2], [7, 3], [7, 3], [7, 4], [7, 4], [7, 4], [7, 5], [7, 6], [7, 6], [7, 7], [6, 7], [5, 7], [5, 7], [5, 7], [4, 7], [4, 7], [4, 7], [4, 7], [4, 7], [3, 7], [2, 7], [2, 6], [2, 5], [2, 5], [2, 4], [2, 4], [2, 4], [2, 4], [1, 4], [1, 4], [0, 2], [0, 1], [0, 1], [0, 0], [0, 0], [3, 6], [3, 6], [3, 6], [3, 6], [2, 6], [2, 6], [2, 6], [2, 6], [2, 6], [5, 4], [5, 4], [5, 4], [5, 5], [5, 6], [6, 6], [7, 6], [7, 7], [6, 7]], "spawn_a": [3, 5], "spawn_b": [4, 5]}