{"pos": [[2, 4], [5, 4], [2, 3], [5, 3], [2, 2], [4, 3], [2, 1], [3, 3], [2, 5], [2, 3], [3, 5], [5, 3], [4, 5], [5, 3], [4, 4], [5, 5], [3, 4], [6, 5], [3, 3], [6, 4], [3, 2], [6, 3], [4, 2], [6, 3], [5, 2], [6, 2], [3, 2], [6, 5], [3, 3], [7, 5], [4, 3], [7, 4], [4, 5], [7, 3], [4, 6], [7, 2], [3, 6], [6, 2], [3, 7], [5, 2], [3, 4], [4, 2], [3, 4], [4, 1], [3, 3], [4, 2], [3, 4], [7, 2], [2, 4], [7, 5], [2, 5], [6, 5], [1, 5], [6, 5], [1, 4], [5, 5], [1, 4], [5, 5], [1, 3], [4, 5], [0, 3], [4, 4], [0, 2], [4, 4], [0, 2], [3, 4], [1, 2], [2, 4], [1, 4], [2, 3], [1, 4], [2, 4], [0, 4], [1, 4], [0, 2], [0, 4], [0, 2], [0, 5], [1, 2], [0, 4]], "a_points": [1, 1, 2, 2, 3, 3, 4, 4, 10, 10, 10, 10, 11, 11, 12, 12, 13, 13, 14, 14, 14, 14, 15, 15, 16, 16, 18, 18, 18, 18, 18, 18, 20, 20, 20, 20, 21, 21, 22, 22, 26, 26, 30, 30, 30, 30, 30, 30, 30, 30, 30, 30, 30, 30, 31, 31, 29, 29, 30, 30, 31, 31, 32, 32, 30, 30, 31, 31, 33, 33, 37, 37, 37, 37, 39, 39, 43, 43, 43, 43], "b_points": [0, 1, 1, 2, 2, 3, 3, 4, 4, 5, 5, 9, 9, 13, 13, 15, 15, 15, 15, 16, 16, 17, 17, 15, 15, 16, 16, 20, 20, 20, 20, 21, 21, 22, 22, 23, 23, 24, 24, 25, 25, 26, 26, 26, 26, 27, 27, 31, 31, 35, 35, 35, 35, 33, 33, 33, 33, 31, 31, 31, 31, 31, 31, 29, 29, 29, 29, 29, 29, 29, 29, 29, 29, 29, 29, 29, 29, 29, 29, 30], "a_turns_left": [39, 39, 38, 38, 37, 37, 36, 36, 35, 35, 34, 34, 33, 33, 32, 32, 31, 31, 30, 30, 29, 29, 28, 28, 27, 27, 26, 26, 25, 25, 24, 24, 23, 23, 22, 22, 21, 21, 20, 20, 19, 19, 18, 18, 17, 17, 16, 16, 15, 15, 14, 14, 13, 13, 12, 12, 11, 11, 10, 10, 9, 9, 8, 8, 7, 7, 6, 6, 5, 5, 4, 4, 3, 3, 2, 2, 1, 1, 0, 0], "b_turns_left": [40, 39, 39, 38, 38, 37, 37, 36, 36, 35, 35, 34, 34, 33, 33, 32, 32, 31, 31, 30, 30, 29, 29, 28, 28, 27, 27, 26, 26, 25, 25, 24, 24, 23, 23, 22, 22, 21, 21, 20, 20, 19, 19, 18, 18, 17, 17, 16, 16, 15, 15, 14, 14, 13, 13, 12, 12, 11, 11, 10, 10, 9, 9, 8, 8, 7, 7, 6, 6, 5, 5, 4, 4, 3, 3, 2, 2, 1, 1, 0], "a_time_left": [235.3678377091419, 235.3678377091419, 230.74862633412704, 230.74862633412704, 226.12222891813144, 226.12222891813144, 221.5022003762424, 221.5022003762424, 216.87876787618734, 216.87876787618734, 212.25915100122802, 212.25915100122802, 207.64373800111935, 207.64373800111935, 203.01979433512315, 203.01979433512315, 198.40099187707528, 198.40099187707528, 193.7897737522144, 193.7897737522144, 189.17492462717928, 189.17492462717928, 184.55169704323635, 184.55169704323635, 179.93523750221357, 179.93523750221357, 175.3092094603926, 175.3092094603926, 170.69544637622312, 170.69544637622312, 166.08011391735636, 166.08011391735636, 161.46134370937943, 161.46134370937943, 156.8420317925047, 156.8420317925047, 152.22187066753395, 152.22187066753395, 147.59536812570877, 147.59536812570877, 142.96015500067733, 142.96015500067733, 138.34547325060703, 138.34547325060703, 133.724961750675, 133.724961750675, 129.10893745860085, 129.10893745860085, 124.49848562455736, 124.49848562455736, 119.88826891663484, 119.88826891663484, 115.27312504150905, 115.27312504150905, 110.64813308347948, 110.64813308347948, 106.03434995841235, 106.03434995841235, 101.40986166638322, 101.40986166638322, 96.79486199934036, 96.79486199934036, 92.17236487427726, 92.17236487427726, 87.5483144163154, 87.5483144163154, 82.93615908222273, 82.93615908222273, 78.32280366518535, 78.32280366518535, 73.69585154019296, 73.69585154019296, 69.08104224829003, 69.08104224829003, 64.47394474828616, 64.47394474828616, 59.86496620741673, 59.86496620741673, 55.260733790230006, 55.260733790230006], "b_time_left": [240, 235.32318066596054, 235.32318066596054, 230.69553387514316, 230.69553387514316, 226.06033170805313, 226.06033170805313, 221.4417695410084, 221.4417695410084, 216.81871408200823, 216.81871408200823, 212.20460295700468, 212.20460295700468, 207.58716962393373, 207.58716962393373, 202.9556448319927, 202.9556448319927, 198.33323904010467, 198.33323904010467, 193.70971879013814, 193.70971879013814, 189.0976612479426, 189.0976612479426, 184.4783542479854, 184.4783542479854, 179.85633003991097, 179.85633003991097, 175.2132140819449, 175.2132140819449, 170.6052739978768, 170.6052739978768, 165.99903353885747, 165.99903353885747, 161.37950295582414, 161.37950295582414, 156.76472233096138, 156.76472233096138, 152.0897791639436, 152.0897791639436, 147.4761716639623, 147.4761716639623, 142.85679849702865, 142.85679849702865, 138.23713524709456, 138.23713524709456, 133.61833949689753, 133.61833949689753, 129.00366641394794, 129.00366641394794, 124.39293708093464, 124.39293708093464, 119.78708278993145, 119.78708278993145, 115.16973762400448, 115.16973762400448, 110.56306170788594, 110.56306170788594, 105.94835458276793, 105.94835458276793, 101.33851024881005, 101.33851024881005, 96.72662337380461, 96.72662337380461, 92.10528816585429, 92.10528816585429, 87.48522258293815, 87.48522258293815, 82.86697733285837, 82.86697733285837, 78.25910916691646, 78.25910916691646, 73.6438490417786, 73.6438490417786, 69.02955991681665, 69.02955991681665, 64.41853887587786, 64.41853887587786, 59.81104662595317, 59.81104662595317, 55.20453321002424], "rat_caught": [false, false, false, false, false, false, false, false, false, false, false, false, false, true, false, false, false, false, false, false, false, false, false, false, false, false, false, false, false, false, false, false, false, false, false, false, false, false, false, false, false, false, true, false, false, false, false, false, false, false, false, false, false, false, false, false, false, false, false, false, false, false, false, false, false, false, false, false, false, false, true, false, false, false, false, false, true, false, false, false], "left_behind": ["prime", "prime", "prime", "prime", "prime", "prime", "prime", "prime", "carpet", "prime", "plain", "carpet", "prime", "search", "prime", "carpet", "prime", "plain", "prime", "prime", "plain", "prime", "prime", "search", "prime", "prime", "carpet", "carpet", "plain", "plain", "plain", "prime", "carpet", "prime", "plain", "prime", "prime", "prime", "prime", "prime", "carpet", "prime", "search", "plain", "plain", "prime", "plain", "carpet", "plain", "carpet", "plain", "plain", "plain", "search", "prime", "plain", "search", "search", "prime", "plain", "prime", "plain", "prime", "search", "search", "plain", "prime", "plain", "carpet", "plain", "search", "plain", "plain", "plain", "carpet", "plain", "search", "plain", "plain", "prime"], "errlog_a": "turns=40, last_best_rat_prob=0.203, last_search_target=(5, 0), last_eval=244.72, last_depth=567, search_miss_streak=0, search_gain=-1000000009.00, board_gain=-56.90, opp_threat=1.00, opp_setup_threat=0.55, search_threshold=0.600", "errlog_b": "turns=40, last_best_rat_prob=0.734, last_search_target=(7, 2), last_eval=-329.55, last_depth=1458, search_miss_streak=4, search_gain=25.94, board_gain=70.23, opp_threat=1.00, opp_setup_threat=0.20, search_threshold=0.500", "start_time": 240, "start_moves": 80, "turn_count": 80, "result": 0, "reason": "POINTS", "trapdoors": [[2, 0], [3, 0], [3, 0], [3, 0], [4, 0], [5, 0], [5, 0], [5, 1], [5, 1], [5, 1], [5, 1], [5, 1], [5, 2], [5, 3], [0, 3], [0, 2], [0, 2], [0, 2], [0, 1], [0, 1], [0, 1], [0, 1], [0, 1], [0, 1], [0, 2], [0, 1], [0, 1], [0, 0], [0, 0], [1, 0], [2, 0], [3, 0], [3, 0], [4, 0], [4, 0], [4, 0], [4, 0], [4, 0], [4, 0], [5, 0], [5, 0], [5, 0], [5, 0], [6, 4], [6, 5], [6, 5], [6, 5], [6, 6], [6, 6], [6, 7], [6, 7], [6, 7], [5, 7], [4, 7], [4, 7], [4, 7], [3, 7], [2, 7], [1, 7], [0, 7], [0, 6], [0, 5], [0, 5], [0, 5], [1, 5], [1, 4], [1, 4], [1, 4], [1, 4], [1, 4], [1, 4], [0, 4], [0, 3], [0, 2], [0, 2], [0, 1], [0, 1], [4, 0], [5, 0], [5, 0], [6, 0]], "spawn_a": [2, 5], "spawn_b": [5, 5]}