{"pos": [[3, 3], [4, 3], [3, 4], [4, 4], [2, 4], [4, 4], [2, 3], [5, 4], [1, 3], [6, 4], [4, 3], [2, 4], [5, 3], [2, 5], [5, 2], [3, 5], [6, 2], [4, 5], [7, 2], [4, 5], [7, 3], [5, 5], [6, 3], [6, 5], [6, 4], [2, 5], [6, 5], [2, 6], [6, 2], [3, 6], [3, 2], [3, 7], [3, 1], [4, 7], [2, 1], [4, 7], [3, 1], [4, 6], [3, 0], [5, 6], [4, 0], [2, 6], [5, 0], [2, 7], [3, 0], [4, 7], [4, 0], [4, 7], [5, 0], [5, 7], [5, 1], [5, 7], [5, 2], [5, 6], [5, 0], [5, 5], [5, 1], [5, 7], [4, 1], [5, 6], [5, 1], [5, 5], [2, 1], [6, 5], [2, 0], [6, 5], [2, 0], [7, 5], [2, 1], [7, 4], [2, 2], [6, 4], [2, 2], [6, 5], [2, 3], [5, 5], [1, 3], [7, 5], [1, 4], [7, 3]], "a_points": [1, 1, 2, 2, 3, 3, 4, 4, 5, 5, 9, 9, 9, 9, 10, 10, 11, 11, 12, 12, 12, 12, 13, 13, 14, 14, 15, 15, 19, 19, 23, 23, 23, 23, 23, 23, 24, 24, 25, 25, 26, 26, 27, 27, 29, 29, 29, 29, 29, 29, 30, 30, 31, 31, 33, 33, 33, 33, 33, 33, 34, 34, 38, 38, 38, 38, 42, 42, 43, 43, 43, 43, 41, 41, 42, 42, 42, 42, 43, 43], "b_points": [0, 1, 1, 2, 2, 0, 0, 1, 1, 2, 2, 8, 8, 8, 8, 9, 9, 10, 10, 8, 8, 9, 9, 10, 10, 16, 16, 16, 16, 17, 17, 18, 18, 19, 19, 17, 17, 18, 18, 19, 19, 23, 23, 23, 23, 25, 25, 29, 29, 29, 29, 33, 33, 34, 34, 35, 35, 37, 37, 37, 37, 37, 37, 37, 37, 35, 35, 35, 35, 36, 36, 37, 37, 37, 37, 38, 38, 40, 40, 42], "a_turns_left": [39, 39, 38, 38, 37, 37, 36, 36, 35, 35, 34, 34, 33, 33, 32, 32, 31, 31, 30, 30, 29, 29, 28, 28, 27, 27, 26, 26, 25, 25, 24, 24, 23, 23, 22, 22, 21, 21, 20, 20, 19, 19, 18, 18, 17, 17, 16, 16, 15, 15, 14, 14, 13, 13, 12, 12, 11, 11, 10, 10, 9, 9, 8, 8, 7, 7, 6, 6, 5, 5, 4, 4, 3, 3, 2, 2, 1, 1, 0, 0], "b_turns_left": [40, 39, 39, 38, 38, 37, 37, 36, 36, 35, 35, 34, 34, 33, 33, 32, 32, 31, 31, 30, 30, 29, 29, 28, 28, 27, 27, 26, 26, 25, 25, 24, 24, 23, 23, 22, 22, 21, 21, 20, 20, 19, 19, 18, 18, 17, 17, 16, 16, 15, 15, 14, 14, 13, 13, 12, 12, 11, 11, 10, 10, 9, 9, 8, 8, 7, 7, 6, 6, 5, 5, 4, 4, 3, 3, 2, 2, 1, 1, 0], "a_time_left": [235.36077904212289, 235.36077904212289, 230.7429010842461, 230.7429010842461, 226.13328483421355, 226.13328483421355, 221.52357600140385, 221.52357600140385, 216.9138840434607, 216.9138840434607, 212.30043054325506, 212.30043054325506, 207.6959751683753, 207.6959751683753, 203.08551708539017, 203.08551708539017, 198.47573475143872, 198.47573475143872, 193.86324575147592, 193.86324575147592, 189.25462975166738, 189.25462975166738, 184.6391613355372, 184.6391613355372, 180.02919991849922, 180.02919991849922, 175.42173995962366, 175.42173995962366, 170.80603195959702, 170.80603195959702, 166.19464945979416, 166.19464945979416, 161.58440162683837, 161.58440162683837, 156.88657729281113, 156.88657729281113, 152.27418266772293, 152.27418266772293, 147.65831008483656, 147.65831008483656, 143.05028216773644, 143.05028216773644, 138.4425785006024, 138.4425785006024, 133.833122250624, 133.833122250624, 129.22505450062454, 129.22505450062454, 124.61657066666521, 124.61657066666521, 120.00569933373481, 120.00569933373481, 115.38944200077094, 115.38944200077094, 110.78049612580799, 110.78049612580799, 106.17081541777588, 106.17081541777588, 101.5554768757429, 101.5554768757429, 96.94070179271512, 96.94070179271512, 92.32708350056782, 92.32708350056782, 87.71938462555408, 87.71938462555408, 83.10673120967112, 83.10673120967112, 78.4984299596399, 78.4984299596399, 73.88801466743462, 73.88801466743462, 69.2771060843952, 69.2771060843952, 64.65057041752152, 64.65057041752152, 60.042719500372186, 60.042719500372186, 55.43708079238422, 55.43708079238422], "b_time_left": [240, 235.3779669580981, 235.3779669580981, 230.75890362425707, 230.75890362425707, 226.1429763333872, 226.1429763333872, 221.5313626243733, 221.5313626243733, 216.91950079146773, 216.91950079146773, 212.30744408327155, 212.30744408327155, 207.69458120828494, 207.69458120828494, 203.08324441639706, 203.08324441639706, 198.4682778744027, 198.4682778744027, 193.8550958323758, 193.8550958323758, 189.24494241550565, 189.24494241550565, 184.63437274936587, 184.63437274936587, 180.0238694155123, 180.0238694155123, 175.415088706417, 175.415088706417, 170.80688554048538, 170.80688554048538, 166.19551362353377, 166.19551362353377, 161.58256995654665, 161.58256995654665, 156.9336235395167, 156.9336235395167, 152.32319333171472, 152.32319333171472, 147.71224099886604, 147.71224099886604, 143.10223354096524, 143.10223354096524, 138.49397737393156, 138.49397737393156, 133.88153395685367, 133.88153395685367, 129.26537033193745, 129.26537033193745, 124.64686583192088, 124.64686583192088, 120.0363094988279, 120.0363094988279, 115.42859049886465, 115.42859049886465, 110.82247004075907, 110.82247004075907, 106.21167683275416, 106.21167683275416, 101.60218579065986, 101.60218579065986, 96.99166324874386, 96.99166324874386, 92.38136324868537, 92.38136324868537, 87.77025312371552, 87.77025312371552, 83.16216829093173, 83.16216829093173, 78.55085062398575, 78.55085062398575, 73.9419622910209, 73.9419622910209, 69.32474291604012, 69.32474291604012, 64.71101091615856, 64.71101091615856, 60.10341491620056, 60.10341491620056, 55.49979483219795], "rat_caught": [false, false, false, false, false, false, false, false, false, false, false, false, false, false, false, false, false, false, false, false, false, false, false, false, false, false, false, false, false, false, false, false, false, false, false, false, false, false, false, false, false, false, false, false, false, false, false, true, false, false, false, true, false, false, false, false, false, false, false, false, false, false, false, false, false, false, true, false, false, false, false, false, false, false, false, false, false, false, false, false], "left_behind": ["prime", "prime", "prime", "prime", "prime", "search", "prime", "prime", "prime", "prime", "carpet", "carpet", "plain", "plain", "prime", "prime", "prime", "prime", "prime", "search", "plain", "prime", "prime", "prime", "prime", "carpet", "prime", "plain", "carpet", "prime", "carpet", "prime", "plain", "prime", "plain", "search", "prime", "prime", "prime", "prime", "prime", "carpet", "prime", "plain", "carpet", "carpet", "plain", "search", "plain", "plain", "prime", "search", "prime", "prime", "carpet", "prime", "plain", "carpet", "plain", "plain", "prime", "plain", "carpet", "plain", "plain", "search", "search", "plain", "prime", "prime", "plain", "prime", "search", "plain", "prime", "prime", "plain", "carpet", "prime", "carpet"], "errlog_a": "turns=40, last_best_rat_prob=0.285, last_search_target=(5, 6), last_eval=43.94, last_depth=222, search_miss_streak=1, search_gain=-1000000014.50, board_gain=-16.06, opp_threat=2.00, opp_setup_threat=2.00, search_threshold=0.580", "errlog_b": "turns=40, last_best_rat_prob=0.383, last_search_target=(4, 5), last_eval=-51.03, last_depth=1524, search_miss_streak=1, search_gain=-1000000000.00, board_gain=-5.67, opp_threat=1.00, opp_setup_threat=0.55, search_threshold=0.470", "start_time": 240, "start_moves": 80, "turn_count": 80, "result": 0, "reason": "POINTS", "trapdoors": [[5, 1], [4, 1], [4, 2], [4, 2], [4, 2], [5, 2], [5, 1], [4, 1], [4, 1], [4, 0], [4, 0], [4, 0], [4, 0], [3, 0], [3, 1], [3, 1], [3, 2], [3, 3], [3, 3], [3, 4], [2, 4], [2, 4], [1, 4], [1, 5], [1, 5], [1, 6], [1, 6], [1, 6], [2, 6], [3, 6], [4, 6], [4, 6], [4, 6], [5, 6], [5, 6], [5, 5], [5, 5], [5, 4], [5, 4], [4, 4], [4, 3], [4, 3], [4, 3], [4, 2], [4, 2], [4, 2], [4, 2], [4, 2], [6, 2], [6, 2], [6, 2], [6, 2], [3, 3], [2, 3], [2, 4], [2, 3], [3, 3], [3, 4], [2, 4], [3, 4], [4, 4], [3, 4], [3, 4], [3, 4], [2, 4], [1, 4], [1, 4], [3, 7], [3, 7], [4, 7], [4, 7], [4, 6], [4, 6], [4, 6], [4, 6], [4, 6], [4, 6], [4, 6], [5, 6], [5, 6], [5, 6]], "spawn_a": [3, 2], "spawn_b": [4, 2]}