{"pos": [[3, 3], [5, 2], [3, 4], [6, 2], [3, 2], [4, 2], [2, 2], [4, 3], [2, 3], [4, 3], [2, 4], [3, 3], [3, 4], [2, 3], [4, 4], [2, 4], [4, 3], [4, 4], [5, 3], [5, 4], [6, 3], [5, 5], [6, 4], [6, 5], [7, 4], [5, 5], [7, 4], [4, 5], [7, 3], [3, 5], [4, 3], [2, 5], [4, 4], [6, 5], [7, 4], [6, 5], [7, 3], [5, 5], [7, 2], [4, 5], [6, 2], [4, 6], [5, 2], [3, 6], [5, 2], [2, 6], [4, 2], [2, 7], [4, 1], [2, 6], [4, 0], [2, 5], [3, 0], [1, 5], [2, 0], [1, 4], [4, 0], [1, 3], [3, 0], [1, 2], [3, 1], [1, 5], [3, 1], [1, 4], [2, 1], [0, 4], [2, 0], [1, 4], [2, 0], [2, 4], [2, 2], [2, 7], [1, 2], [2, 7], [0, 2], [2, 7], [1, 2], [2, 6], [1, 2], [4, 6]], "a_points": [1, 1, 2, 2, 4, 4, 4, 4, 5, 5, 6, 6, 7, 7, 8, 8, 9, 9, 10, 10, 11, 11, 12, 12, 13, 13, 17, 17, 18, 18, 22, 22, 22, 22, 26, 26, 26, 26, 27, 27, 28, 28, 29, 29, 33, 33, 33, 33, 33, 33, 34, 34, 35, 35, 36, 36, 38, 38, 38, 38, 38, 38, 42, 42, 43, 43, 44, 44, 48, 48, 50, 50, 50, 50, 50, 50, 51, 51, 49, 49], "b_points": [0, 1, 1, 2, 2, 4, 4, 4, 4, 2, 2, 2, 2, 1, 1, 0, 0, 2, 2, 2, 2, 3, 3, 3, 3, 4, 4, 5, 5, 6, 6, 7, 7, 13, 13, 17, 17, 17, 17, 17, 17, 17, 17, 18, 18, 19, 19, 19, 19, 20, 20, 21, 21, 22, 22, 23, 23, 24, 24, 25, 25, 29, 29, 29, 29, 29, 29, 30, 30, 30, 30, 34, 34, 38, 38, 42, 42, 42, 42, 44], "a_turns_left": [39, 39, 38, 38, 37, 37, 36, 36, 35, 35, 34, 34, 33, 33, 32, 32, 31, 31, 30, 30, 29, 29, 28, 28, 27, 27, 26, 26, 25, 25, 24, 24, 23, 23, 22, 22, 21, 21, 20, 20, 19, 19, 18, 18, 17, 17, 16, 16, 15, 15, 14, 14, 13, 13, 12, 12, 11, 11, 10, 10, 9, 9, 8, 8, 7, 7, 6, 6, 5, 5, 4, 4, 3, 3, 2, 2, 1, 1, 0, 0], "b_turns_left": [40, 39, 39, 38, 38, 37, 37, 36, 36, 35, 35, 34, 34, 33, 33, 32, 32, 31, 31, 30, 30, 29, 29, 28, 28, 27, 27, 26, 26, 25, 25, 24, 24, 23, 23, 22, 22, 21, 21, 20, 20, 19, 19, 18, 18, 17, 17, 16, 16, 15, 15, 14, 14, 13, 13, 12, 12, 11, 11, 10, 10, 9, 9, 8, 8, 7, 7, 6, 6, 5, 5, 4, 4, 3, 3, 2, 2, 1, 1, 0], "a_time_left": [236.31014766683802, 236.31014766683802, 232.6172095418442, 232.6172095418442, 228.92278270889074, 228.92278270889074, 225.22823712578975, 225.22823712578975, 221.5306052507367, 221.5306052507367, 217.81955937552266, 217.81955937552266, 214.11769945849665, 214.11769945849665, 210.41923770844005, 210.41923770844005, 206.72053829138167, 206.72053829138167, 203.02296799933538, 203.02296799933538, 199.3238940834999, 199.3238940834999, 195.62547574960627, 195.62547574960627, 191.9359531244263, 191.9359531244263, 188.23434395738877, 188.23434395738877, 184.53752908227034, 184.53752908227034, 180.84732933226041, 180.84732933226041, 177.14997216523625, 177.14997216523625, 173.44703804026358, 173.44703804026358, 169.74243458220735, 169.74243458220735, 166.03764795721509, 166.03764795721509, 162.3476511661429, 162.3476511661429, 158.65714887413196, 158.65714887413196, 154.9623365411535, 154.9623365411535, 151.26263837516308, 151.26263837516308, 147.56680266698822, 147.56680266698822, 143.873309250921, 143.873309250921, 140.17505066702142, 140.17505066702142, 136.40310662495904, 136.40310662495904, 132.70851045893505, 132.70851045893505, 129.0162588339299, 129.0162588339299, 125.32587716798298, 125.32587716798298, 121.4786141270306, 121.4786141270306, 117.77681995998137, 117.77681995998137, 113.97894679405726, 113.97894679405726, 110.11938508599997, 110.11938508599997, 106.4207078779582, 106.4207078779582, 102.7332410030067, 102.7332410030067, 99.03660146193579, 99.03660146193579, 95.34899166994728, 95.34899166994728, 91.66023550392129, 91.66023550392129], "b_time_left": [240, 236.30319366697222, 236.30319366697222, 232.61053375108168, 232.61053375108168, 228.9056622092612, 228.9056622092612, 225.21227695932612, 225.21227695932612, 221.51835487619974, 221.51835487619974, 217.81250045914203, 217.81250045914203, 214.10737983416766, 214.10737983416766, 210.41391420923173, 210.41391420923173, 206.71071379235946, 206.71071379235946, 203.01548200123943, 203.01548200123943, 199.3158268344123, 199.3158268344123, 195.62126650149003, 195.62126650149003, 191.92670791852288, 191.92670791852288, 188.23622304340824, 188.23622304340824, 184.53794400254264, 184.53794400254264, 180.83603841951117, 180.83603841951117, 177.1392057526391, 177.1392057526391, 173.43451687763445, 173.43451687763445, 169.7424703775905, 169.7424703775905, 166.01153121050447, 166.01153121050447, 162.30472171050496, 162.30472171050496, 158.60555004444905, 158.60555004444905, 154.90496904449537, 154.90496904449537, 151.2126651275903, 151.2126651275903, 147.5147907526698, 147.5147907526698, 143.81658183666877, 143.81658183666877, 140.12104267068207, 140.12104267068207, 136.42502200463787, 136.42502200463787, 132.72436608746648, 132.72436608746648, 129.017888962524, 129.017888962524, 125.31935683754273, 125.31935683754273, 121.62819687952287, 121.62819687952287, 117.93172321259044, 117.93172321259044, 114.24032321269624, 114.24032321269624, 110.54094262979925, 110.54094262979925, 106.84356825472787, 106.84356825472787, 103.14796467171982, 103.14796467171982, 99.45275404676795, 99.45275404676795, 95.7664302547928, 95.7664302547928, 92.08173583773896], "rat_caught": [false, false, false, false, false, false, false, false, false, false, false, false, false, false, false, false, false, false, false, false, false, false, false, false, false, false, true, false, false, false, false, false, false, false, false, true, false, false, false, false, false, false, false, false, true, false, false, false, false, false, false, false, false, false, false, false, false, false, false, false, false, false, true, false, false, false, false, false, true, false, false, false, false, true, false, true, false, false, false, false], "left_behind": ["prime", "prime", "prime", "prime", "carpet", "carpet", "plain", "plain", "prime", "search", "prime", "plain", "prime", "carpet", "prime", "carpet", "prime", "carpet", "prime", "plain", "prime", "prime", "prime", "plain", "prime", "prime", "search", "prime", "prime", "prime", "carpet", "prime", "plain", "carpet", "carpet", "search", "plain", "plain", "prime", "plain", "prime", "plain", "prime", "prime", "search", "prime", "plain", "plain", "plain", "prime", "prime", "prime", "prime", "prime", "prime", "prime", "carpet", "prime", "plain", "prime", "plain", "carpet", "search", "plain", "prime", "plain", "prime", "prime", "search", "plain", "carpet", "carpet", "plain", "search", "plain", "search", "prime", "plain", "search", "carpet"], "errlog_a": "turns=40, last_best_rat_prob=0.643, last_search_target=(0, 5), last_eval=34.83, last_depth=163, search_miss_streak=0, search_gain=34.83, board_gain=-13.56, opp_threat=2.00, opp_setup_threat=2.00, search_threshold=0.580", "errlog_b": "turns=40, last_best_rat_prob=0.423, last_search_target=(2, 0), last_eval=-111.75, last_depth=860, search_miss_streak=0, search_gain=-1000000004.00, board_gain=0.21, opp_threat=1.00, opp_setup_threat=3.70, search_threshold=0.480", "start_time": 240, "start_moves": 80, "turn_count": 80, "result": 0, "reason": "POINTS", "trapdoors": [[1, 7], [0, 7], [0, 7], [0, 7], [0, 7], [0, 7], [0, 7], [1, 7], [1, 7], [1, 7], [1, 7], [1, 7], [0, 7], [0, 6], [0, 6], [0, 6], [0, 6], [0, 5], [0, 5], [0, 5], [0, 5], [0, 5], [0, 5], [1, 5], [1, 4], [1, 4], [1, 4], [6, 0], [7, 0], [7, 0], [7, 0], [7, 0], [7, 1], [7, 1], [7, 2], [7, 2], [5, 0], [5, 0], [5, 0], [5, 0], [5, 0], [6, 0], [6, 0], [6, 0], [5, 0], [7, 5], [7, 6], [7, 6], [7, 6], [7, 6], [7, 6], [7, 6], [7, 6], [7, 6], [6, 6], [6, 7], [6, 7], [6, 7], [5, 7], [4, 7], [4, 7], [4, 7], [3, 7], [7, 1], [7, 1], [7, 2], [7, 3], [7, 3], [7, 3], [5, 7], [5, 7], [5, 6], [4, 6], [4, 6], [6, 0], [7, 0], [1, 0], [1, 0], [2, 0], [2, 0], [2, 0]], "spawn_a": [3, 2], "spawn_b": [4, 2]}