{"pos": [[3, 3], [4, 3], [3, 4], [4, 4], [2, 4], [4, 4], [2, 5], [5, 4], [3, 5], [6, 4], [4, 5], [3, 4], [5, 5], [4, 4], [2, 5], [4, 4], [2, 6], [5, 4], [3, 6], [5, 5], [3, 7], [5, 4], [3, 6], [5, 3], [4, 6], [5, 3], [5, 6], [6, 3], [5, 7], [7, 3], [5, 6], [3, 3], [2, 6], [2, 3], [2, 5], [1, 3], [3, 5], [1, 3], [3, 4], [2, 3], [3, 3], [2, 2], [3, 3], [2, 1], [1, 3], [3, 1], [2, 3], [3, 0], [2, 3], [3, 2], [3, 3], [3, 1], [3, 2], [4, 1], [4, 2], [4, 0], [4, 2], [3, 0], [4, 0], [3, 0], [5, 0], [2, 0], [5, 1], [2, 2], [5, 2], [2, 3], [4, 2], [1, 3], [4, 3], [1, 4], [4, 3], [1, 4], [5, 3], [1, 3], [5, 0], [0, 3], [5, 1], [0, 4], [5, 2], [2, 4]], "a_points": [1, 1, 2, 2, 3, 3, 4, 4, 5, 5, 6, 6, 7, 7, 11, 11, 11, 11, 12, 12, 12, 12, 13, 13, 14, 14, 15, 15, 16, 16, 15, 15, 19, 19, 19, 19, 19, 19, 19, 19, 19, 19, 17, 17, 19, 19, 19, 19, 17, 17, 17, 17, 17, 17, 16, 16, 20, 20, 22, 22, 22, 22, 23, 23, 24, 24, 25, 25, 25, 25, 29, 29, 29, 29, 33, 33, 33, 33, 33, 33], "b_points": [0, 1, 1, 2, 2, 0, 0, 1, 1, 2, 2, 6, 6, 6, 6, 10, 10, 10, 10, 10, 10, 11, 11, 11, 11, 15, 15, 16, 16, 17, 17, 23, 23, 23, 23, 23, 23, 27, 27, 28, 28, 29, 29, 30, 30, 31, 31, 32, 32, 34, 34, 34, 34, 34, 34, 35, 35, 36, 36, 40, 40, 41, 41, 43, 43, 43, 43, 43, 43, 43, 43, 47, 47, 48, 48, 48, 48, 49, 49, 51], "a_turns_left": [39, 39, 38, 38, 37, 37, 36, 36, 35, 35, 34, 34, 33, 33, 32, 32, 31, 31, 30, 30, 29, 29, 28, 28, 27, 27, 26, 26, 25, 25, 24, 24, 23, 23, 22, 22, 21, 21, 20, 20, 19, 19, 18, 18, 17, 17, 16, 16, 15, 15, 14, 14, 13, 13, 12, 12, 11, 11, 10, 10, 9, 9, 8, 8, 7, 7, 6, 6, 5, 5, 4, 4, 3, 3, 2, 2, 1, 1, 0, 0], "b_turns_left": [40, 39, 39, 38, 38, 37, 37, 36, 36, 35, 35, 34, 34, 33, 33, 32, 32, 31, 31, 30, 30, 29, 29, 28, 28, 27, 27, 26, 26, 25, 25, 24, 24, 23, 23, 22, 22, 21, 21, 20, 20, 19, 19, 18, 18, 17, 17, 16, 16, 15, 15, 14, 14, 13, 13, 12, 12, 11, 11, 10, 10, 9, 9, 8, 8, 7, 7, 6, 6, 5, 5, 4, 4, 3, 3, 2, 2, 1, 1, 0], "a_time_left": [235.38475166703574, 235.38475166703574, 230.7664848761633, 230.7664848761633, 226.13666458521038, 226.13666458521038, 221.51958850212395, 221.51958850212395, 216.90166979422793, 216.90166979422793, 212.28645304427482, 212.28645304427482, 207.6656340851914, 207.6656340851914, 203.0484913350083, 203.0484913350083, 198.43500808509998, 198.43500808509998, 193.81381454318762, 193.81381454318762, 189.19477916811593, 189.19477916811593, 184.57054616813548, 184.57054616813548, 179.94623700203374, 179.94623700203374, 175.32243612711318, 175.32243612711318, 170.70146533614025, 170.70146533614025, 166.08333871117793, 166.08333871117793, 161.46188729419373, 161.46188729419373, 156.83849271107465, 156.83849271107465, 152.22267208597623, 152.22267208597623, 147.60213808598928, 147.60213808598928, 142.98272866895422, 142.98272866895422, 138.36163225281052, 138.36163225281052, 133.74985816865228, 133.74985816865228, 129.13588150171563, 129.13588150171563, 124.51979800174013, 124.51979800174013, 119.89782037679106, 119.89782037679106, 115.28167925169691, 115.28167925169691, 110.66649816767313, 110.66649816767313, 106.04640904278494, 106.04640904278494, 101.4235555427149, 101.4235555427149, 96.81367654260248, 96.81367654260248, 92.20039091748185, 92.20039091748185, 87.58509650151245, 87.58509650151245, 82.96967375138775, 82.96967375138775, 78.33574933442287, 78.33574933442287, 73.70358416740783, 73.70358416740783, 69.08876441745088, 69.08876441745088, 64.47039800044149, 64.47039800044149, 59.85141945956275, 59.85141945956275, 55.24356975057162, 55.24356975057162], "b_time_left": [240, 235.38291512499563, 235.38291512499563, 230.7696154578589, 230.7696154578589, 226.1411769578699, 226.1411769578699, 221.5227736660745, 221.5227736660745, 216.91204266622663, 216.91204266622663, 212.2824280001223, 212.2824280001223, 207.63628620817326, 207.63628620817326, 203.01860887510702, 203.01860887510702, 198.40019750013016, 198.40019750013016, 193.78429120918736, 193.78429120918736, 189.1600879591424, 189.1600879591424, 184.5348051681649, 184.5348051681649, 179.91054583410732, 179.91054583410732, 175.2896719588898, 175.2896719588898, 170.6704522089567, 170.6704522089567, 166.05572266806848, 166.05572266806848, 161.44028929295018, 161.44028929295018, 156.82633058400825, 156.82633058400825, 152.1996237919666, 152.1996237919666, 147.58441395894624, 147.58441395894624, 142.96853774995543, 142.96853774995543, 138.3478212498594, 138.3478212498594, 133.728222791804, 133.728222791804, 129.1092292086687, 129.1092292086687, 124.49377329275012, 124.49377329275012, 119.86701729288325, 119.86701729288325, 115.21785658388399, 115.21785658388399, 110.59208033396862, 110.59208033396862, 105.9712663339451, 105.9712663339451, 101.14902912592515, 101.14902912592515, 96.53060695994645, 96.53060695994645, 91.90329616796225, 91.90329616796225, 87.28148675104603, 87.28148675104603, 82.60665862611495, 82.60665862611495, 77.97825879300945, 77.97825879300945, 73.35441620997153, 73.35441620997153, 68.72981379297562, 68.72981379297562, 64.11162633402273, 64.11162633402273, 59.49268070911057, 59.49268070911057, 54.88274254207499], "rat_caught": [false, false, false, false, false, false, false, false, false, false, false, false, false, false, false, true, false, false, false, false, false, false, false, false, false, true, false, false, false, false, false, false, false, false, false, false, false, true, false, false, false, false, false, false, false, false, false, false, false, false, false, false, false, false, false, false, true, false, false, true, false, false, false, false, false, false, false, false, false, false, true, true, false, false, false, false, false, false, false, false], "left_behind": ["prime", "prime", "prime", "prime", "prime", "search", "prime", "prime", "prime", "prime", "prime", "carpet", "prime", "plain", "carpet", "search", "plain", "plain", "prime", "plain", "plain", "prime", "prime", "plain", "prime", "search", "prime", "prime", "prime", "prime", "carpet", "carpet", "carpet", "plain", "plain", "plain", "plain", "search", "plain", "prime", "plain", "prime", "search", "prime", "carpet", "prime", "plain", "prime", "search", "carpet", "plain", "plain", "plain", "plain", "carpet", "prime", "search", "prime", "carpet", "search", "plain", "prime", "prime", "carpet", "prime", "plain", "prime", "plain", "plain", "plain", "search", "search", "plain", "prime", "carpet", "plain", "plain", "prime", "plain", "carpet"], "errlog_a": "turns=40, last_best_rat_prob=0.438, last_search_target=(7, 5), last_eval=-306.75, last_depth=317, search_miss_streak=0, search_gain=-999999998.00, board_gain=-57.68, opp_threat=2.00, opp_setup_threat=2.00, search_threshold=0.460", "errlog_b": "turns=40, last_best_rat_prob=0.724, last_search_target=(5, 6), last_eval=468.57, last_depth=1224, search_miss_streak=0, search_gain=46.95, board_gain=47.91, opp_threat=0.00, opp_setup_threat=0.00, search_threshold=0.470", "start_time": 240, "start_moves": 80, "turn_count": 80, "result": 1, "reason": "POINTS", "trapdoors": [[4, 3], [4, 4], [4, 5], [4, 5], [4, 5], [4, 4], [4, 3], [4, 3], [4, 3], [4, 3], [4, 3], [4, 3], [4, 2], [4, 2], [4, 2], [4, 2], [7, 4], [7, 3], [7, 2], [7, 2], [7, 1], [6, 1], [5, 1], [5, 1], [5, 2], [5, 2], [1, 5], [1, 5], [1, 5], [1, 5], [1, 4], [1, 5], [1, 4], [1, 4], [1, 4], [1, 4], [1, 4], [1, 4], [5, 2], [5, 2], [4, 2], [4, 2], [4, 3], [4, 4], [4, 4], [4, 4], [4, 4], [4, 4], [4, 5], [4, 6], [4, 6], [4, 6], [4, 7], [5, 7], [5, 7], [5, 7], [5, 7], [5, 5], [5, 5], [6, 5], [1, 6], [1, 6], [1, 5], [1, 5], [1, 5], [1, 5], [1, 5], [0, 5], [0, 5], [0, 5], [0, 5], [2, 4], [5, 7], [5, 7], [4, 7], [5, 7], [5, 6], [5, 6], [5, 6], [4, 6], [4, 6]], "spawn_a": [3, 2], "spawn_b": [4, 2]}