{"pos": [[3, 5], [5, 4], [3, 4], [5, 3], [3, 3], [4, 3], [3, 2], [5, 3], [3, 1], [3, 3], [4, 1], [3, 1], [4, 2], [3, 2], [5, 2], [3, 3], [5, 3], [4, 3], [5, 5], [4, 4], [5, 5], [4, 5], [5, 4], [4, 6], [3, 4], [4, 7], [2, 4], [4, 5], [1, 4], [2, 5], [2, 4], [2, 6], [2, 3], [2, 7], [1, 3], [3, 7], [0, 3], [3, 6], [2, 3], [4, 6], [2, 2], [3, 6], [3, 2], [4, 6], [3, 2], [4, 5], [5, 2], [4, 5], [6, 2], [4, 4], [6, 3], [4, 3], [5, 3], [4, 4], [4, 3], [5, 4], [6, 3], [5, 4], [6, 4], [5, 4], [7, 4], [5, 5], [7, 5], [5, 5], [6, 5], [5, 6], [6, 5], [5, 5], [6, 4], [5, 4], [7, 4], [5, 4], [6, 4], [5, 5], [5, 4], [4, 5], [4, 4], [5, 5], [3, 4], [6, 5]], "a_points": [1, 1, 2, 2, 3, 3, 4, 4, 5, 5, 6, 6, 7, 7, 8, 8, 9, 9, 11, 11, 9, 9, 9, 9, 11, 11, 11, 11, 11, 11, 12, 12, 13, 13, 14, 14, 15, 15, 17, 17, 17, 17, 18, 18, 16, 16, 18, 18, 18, 18, 19, 19, 20, 20, 21, 21, 23, 23, 23, 23, 24, 24, 24, 24, 25, 25, 29, 29, 28, 28, 28, 28, 29, 29, 29, 29, 29, 29, 29, 29], "b_points": [0, 1, 1, 2, 2, 2, 2, 3, 3, 5, 5, 7, 7, 7, 7, 7, 7, 7, 7, 7, 7, 8, 8, 9, 9, 10, 10, 12, 12, 14, 14, 14, 14, 14, 14, 15, 15, 16, 16, 16, 16, 16, 16, 17, 17, 17, 17, 15, 15, 15, 15, 15, 15, 15, 15, 15, 15, 19, 19, 23, 23, 23, 23, 21, 21, 21, 21, 22, 22, 22, 22, 26, 26, 26, 26, 26, 26, 26, 26, 26], "a_turns_left": [39, 39, 38, 38, 37, 37, 36, 36, 35, 35, 34, 34, 33, 33, 32, 32, 31, 31, 30, 30, 29, 29, 28, 28, 27, 27, 26, 26, 25, 25, 24, 24, 23, 23, 22, 22, 21, 21, 20, 20, 19, 19, 18, 18, 17, 17, 16, 16, 15, 15, 14, 14, 13, 13, 12, 12, 11, 11, 10, 10, 9, 9, 8, 8, 7, 7, 6, 6, 5, 5, 4, 4, 3, 3, 2, 2, 1, 1, 0, 0], "b_turns_left": [40, 39, 39, 38, 38, 37, 37, 36, 36, 35, 35, 34, 34, 33, 33, 32, 32, 31, 31, 30, 30, 29, 29, 28, 28, 27, 27, 26, 26, 25, 25, 24, 24, 23, 23, 22, 22, 21, 21, 20, 20, 19, 19, 18, 18, 17, 17, 16, 16, 15, 15, 14, 14, 13, 13, 12, 12, 11, 11, 10, 10, 9, 9, 8, 8, 7, 7, 6, 6, 5, 5, 4, 4, 3, 3, 2, 2, 1, 1, 0], "a_time_left": [235.3887650000397, 235.3887650000397, 230.77778287488036, 230.77778287488036, 226.16681329184212, 226.16681329184212, 221.5563192088157, 221.5563192088157, 216.93225454166532, 216.93225454166532, 212.32114604185335, 212.32114604185335, 207.7145586668048, 207.7145586668048, 203.1028368328698, 203.1028368328698, 198.49353204178624, 198.49353204178624, 193.8809106668923, 193.8809106668923, 189.26262537483126, 189.26262537483126, 184.65032945782878, 184.65032945782878, 180.0400381658692, 180.0400381658692, 175.42922608181834, 175.42922608181834, 170.81655449885875, 170.81655449885875, 166.20724366488867, 166.20724366488867, 161.59091537399217, 161.59091537399217, 156.9797348738648, 156.9797348738648, 152.36820241599344, 152.36820241599344, 147.75624191598035, 147.75624191598035, 143.14495391608216, 143.14495391608216, 138.53126237425022, 138.53126237425022, 133.91811679117382, 133.91811679117382, 129.3057571661193, 129.3057571661193, 124.69469712395221, 124.69469712395221, 120.08218504092656, 120.08218504092656, 115.47145812399685, 115.47145812399685, 110.85699587408453, 110.85699587408453, 106.24613754008897, 106.24613754008897, 101.634072749177, 101.634072749177, 97.02126558334567, 97.02126558334567, 92.40738320839591, 92.40738320839591, 87.77643141639419, 87.77643141639419, 83.16382999927737, 83.16382999927737, 78.55526379006915, 78.55526379006915, 73.95020770700648, 73.95020770700648, 69.33957949886099, 69.33957949886099, 64.72197233187035, 64.72197233187035, 60.11639191489667, 60.11639191489667, 55.494235414778814, 55.494235414778814], "b_time_left": [240, 235.3895101249218, 235.3895101249218, 230.7802259158343, 230.7802259158343, 226.16855329088867, 226.16855329088867, 221.5523725829553, 221.5523725829553, 216.93141170800664, 216.93141170800664, 212.3196200830862, 212.3196200830862, 207.7106760411989, 207.7106760411989, 203.1012142910622, 203.1012142910622, 198.48612487502396, 198.48612487502396, 193.88064887491055, 193.88064887491055, 189.1785510838963, 189.1785510838963, 184.56649929191917, 184.56649929191917, 179.91603512503207, 179.91603512503207, 175.30412616604008, 175.30412616604008, 170.69463870790787, 170.69463870790787, 166.08340824884363, 166.08340824884363, 161.47254854091443, 161.47254854091443, 156.86177937407047, 156.86177937407047, 152.24931383295916, 152.24931383295916, 147.63132320786826, 147.63132320786826, 143.02241349988617, 143.02241349988617, 138.41034437483177, 138.41034437483177, 133.794758166885, 133.794758166885, 129.17302116705105, 129.17302116705105, 124.55905062519014, 124.55905062519014, 119.94811758422293, 119.94811758422293, 115.33801579242572, 115.33801579242572, 110.73045720951632, 110.73045720951632, 106.11848662560806, 106.11848662560806, 101.50238762563094, 101.50238762563094, 96.88945579272695, 96.88945579272695, 92.27620675065555, 92.27620675065555, 87.66317712562159, 87.66317712562159, 83.04926545871422, 83.04926545871422, 78.44160087569617, 78.44160087569617, 73.8293398336973, 73.8293398336973, 69.21881083375774, 69.21881083375774, 64.60712887579575, 64.60712887579575, 59.998434375738725, 59.998434375738725, 55.38744229171425], "rat_caught": [false, false, false, false, false, false, false, false, false, false, false, false, false, false, false, false, false, false, false, false, false, false, false, false, false, false, false, false, false, false, false, false, false, false, false, false, false, false, false, false, false, false, false, false, false, false, false, false, false, false, false, false, false, false, false, false, false, true, false, true, false, false, false, false, false, false, true, false, false, false, false, true, false, false, false, false, false, false, false, false], "left_behind": ["prime", "prime", "prime", "prime", "prime", "plain", "prime", "prime", "prime", "carpet", "prime", "carpet", "prime", "plain", "prime", "plain", "prime", "plain", "carpet", "plain", "search", "prime", "plain", "prime", "carpet", "prime", "plain", "carpet", "plain", "carpet", "prime", "plain", "prime", "plain", "prime", "prime", "prime", "prime", "carpet", "plain", "plain", "plain", "prime", "prime", "search", "plain", "carpet", "search", "plain", "plain", "prime", "plain", "prime", "plain", "prime", "plain", "carpet", "search", "plain", "search", "prime", "plain", "plain", "search", "prime", "plain", "search", "prime", "carpet", "plain", "plain", "search", "prime", "plain", "plain", "plain", "plain", "plain", "plain", "plain"], "errlog_a": "turns=40, last_best_rat_prob=0.317, last_search_target=(1, 7), last_eval=125.29, last_depth=107, search_miss_streak=0, search_gain=-1000000000.00, board_gain=-37.29, opp_threat=0.00, opp_setup_threat=0.00, search_threshold=0.470", "errlog_b": "turns=40, last_best_rat_prob=0.351, last_search_target=(1, 1), last_eval=-109.50, last_depth=787, search_miss_streak=0, search_gain=-999999998.00, board_gain=-16.69, opp_threat=2.00, opp_setup_threat=2.70, search_threshold=0.460", "start_time": 240, "start_moves": 80, "turn_count": 80, "result": 0, "reason": "POINTS", "trapdoors": [[5, 3], [5, 3], [5, 2], [5, 1], [5, 1], [5, 1], [4, 1], [3, 1], [3, 1], [2, 1], [2, 1], [2, 1], [2, 1], [2, 2], [2, 3], [2, 4], [2, 4], [2, 4], [1, 4], [1, 4], [1, 4], [1, 4], [2, 4], [2, 3], [1, 3], [1, 4], [1, 4], [1, 4], [1, 4], [1, 5], [1, 6], [0, 6], [1, 6], [1, 6], [1, 7], [0, 7], [0, 7], [1, 7], [1, 7], [2, 7], [2, 7], [3, 7], [3, 7], [4, 7], [4, 7], [5, 7], [5, 7], [5, 7], [5, 7], [6, 7], [5, 7], [5, 7], [5, 6], [5, 5], [5, 4], [5, 4], [5, 4], [5, 3], [5, 5], [5, 4], [2, 4], [2, 4], [2, 4], [2, 4], [2, 4], [1, 4], [2, 4], [1, 4], [1, 4], [1, 4], [1, 4], [1, 4], [0, 0], [0, 0], [0, 0], [1, 0], [1, 1], [1, 2], [1, 1], [1, 1], [1, 1]], "spawn_a": [2, 5], "spawn_b": [5, 5]}