{"pos": [[2, 2], [4, 1], [2, 3], [4, 2], [3, 3], [4, 3], [2, 3], [4, 4], [4, 3], [3, 4], [5, 3], [3, 3], [5, 2], [4, 3], [5, 3], [4, 1], [5, 4], [4, 2], [6, 4], [4, 2], [7, 4], [2, 2], [3, 4], [1, 2], [3, 4], [1, 3], [3, 5], [1, 4], [4, 5], [2, 4], [5, 5], [2, 4], [6, 5], [3, 4], [7, 5], [1, 4], [3, 5], [1, 2], [3, 4], [2, 2], [4, 4], [2, 1], [5, 4], [2, 0], [5, 2], [2, 1], [5, 2], [3, 1], [6, 2], [3, 0], [7, 2], [4, 0], [7, 3], [4, 0], [6, 3], [4, 1], [6, 4], [3, 1], [7, 4], [4, 1], [7, 5], [5, 1], [7, 2], [5, 0], [7, 2], [5, 1], [7, 2], [5, 1], [7, 3], [5, 2], [7, 4], [5, 2], [7, 4], [6, 2], [7, 5], [5, 2], [6, 5], [5, 2], [6, 4], [5, 0]], "a_points": [1, 1, 2, 2, 2, 2, 3, 3, 5, 5, 5, 5, 5, 5, 6, 6, 7, 7, 8, 8, 9, 9, 15, 15, 19, 19, 19, 19, 20, 20, 21, 21, 22, 22, 23, 23, 29, 29, 29, 29, 29, 29, 29, 29, 31, 31, 29, 29, 29, 29, 30, 30, 31, 31, 32, 32, 33, 33, 33, 33, 34, 34, 38, 38, 36, 36, 34, 34, 34, 34, 34, 34, 32, 32, 32, 32, 33, 33, 33, 33], "b_points": [0, 0, 0, 1, 1, 2, 2, 3, 3, 4, 4, 5, 5, 5, 5, 7, 7, 7, 7, 11, 11, 13, 13, 13, 13, 14, 14, 15, 15, 16, 16, 20, 20, 21, 21, 23, 23, 25, 25, 25, 25, 25, 25, 25, 25, 26, 26, 27, 27, 27, 27, 28, 28, 26, 26, 27, 27, 27, 27, 28, 28, 28, 28, 28, 28, 29, 29, 27, 27, 28, 28, 26, 26, 25, 25, 25, 25, 29, 29, 31], "a_turns_left": [39, 39, 38, 38, 37, 37, 36, 36, 35, 35, 34, 34, 33, 33, 32, 32, 31, 31, 30, 30, 29, 29, 28, 28, 27, 27, 26, 26, 25, 25, 24, 24, 23, 23, 22, 22, 21, 21, 20, 20, 19, 19, 18, 18, 17, 17, 16, 16, 15, 15, 14, 14, 13, 13, 12, 12, 11, 11, 10, 10, 9, 9, 8, 8, 7, 7, 6, 6, 5, 5, 4, 4, 3, 3, 2, 2, 1, 1, 0, 0], "b_turns_left": [40, 39, 39, 38, 38, 37, 37, 36, 36, 35, 35, 34, 34, 33, 33, 32, 32, 31, 31, 30, 30, 29, 29, 28, 28, 27, 27, 26, 26, 25, 25, 24, 24, 23, 23, 22, 22, 21, 21, 20, 20, 19, 19, 18, 18, 17, 17, 16, 16, 15, 15, 14, 14, 13, 13, 12, 12, 11, 11, 10, 10, 9, 9, 8, 8, 7, 7, 6, 6, 5, 5, 4, 4, 3, 3, 2, 2, 1, 1, 0], "a_time_left": [235.38976787496358, 235.38976787496358, 230.77655624994077, 230.77655624994077, 226.16489591705613, 226.16489591705613, 221.54520541708916, 221.54520541708916, 216.934267626144, 216.934267626144, 212.32677962607704, 212.32677962607704, 207.71583795920014, 207.71583795920014, 203.10516929230653, 203.10516929230653, 198.49729450023733, 198.49729450023733, 193.8848376253154, 193.8848376253154, 189.2688424163498, 189.2688424163498, 184.65447933319956, 184.65447933319956, 180.03922516619787, 180.03922516619787, 175.43130024918355, 175.43130024918355, 170.82125595817342, 170.82125595817342, 166.211946249241, 166.211946249241, 161.59829091629945, 161.59829091629945, 156.98847612412646, 156.98847612412646, 152.3624461661093, 152.3624461661093, 147.75210095802322, 147.75210095802322, 143.1444024159573, 143.1444024159573, 138.53715966595337, 138.53715966595337, 133.921282999916, 133.921282999916, 129.307084916858, 129.307084916858, 124.68382158386521, 124.68382158386521, 120.07553358399309, 120.07553358399309, 115.46539412601851, 115.46539412601851, 110.84770641685463, 110.84770641685463, 106.23845504177734, 106.23845504177734, 101.63040562579408, 101.63040562579408, 97.01238150079735, 97.01238150079735, 92.39695970877074, 92.39695970877074, 87.78505000076257, 87.78505000076257, 83.17432375065982, 83.17432375065982, 78.56707829167135, 78.56707829167135, 73.96047704177909, 73.96047704177909, 69.34458612464368, 69.34458612464368, 64.73685549944639, 64.73685549944639, 60.131894749589264, 60.131894749589264, 55.5204397495836, 55.5204397495836], "b_time_left": [240, 235.38783495803364, 235.38783495803364, 230.7722882910166, 230.7722882910166, 226.15809879102744, 226.15809879102744, 221.53770924918354, 221.53770924918354, 216.92891999939457, 216.92891999939457, 212.317054791376, 212.317054791376, 207.70964729133993, 207.70964729133993, 203.09939174936153, 203.09939174936153, 198.4913387913257, 198.4913387913257, 193.87622424936853, 193.87622424936853, 189.25999216618948, 189.25999216618948, 184.64603350008838, 184.64603350008838, 180.03160537523217, 180.03160537523217, 175.4196557502728, 175.4196557502728, 170.81048962520435, 170.81048962520435, 166.19939779117703, 166.19939779117703, 161.58703195815906, 161.58703195815906, 156.9794635833241, 156.9794635833241, 152.3678566252347, 152.3678566252347, 147.75995175004937, 147.75995175004937, 143.1476922922302, 143.1476922922302, 138.53872441733256, 138.53872441733256, 133.9270836263895, 133.9270836263895, 129.30075862654485, 129.30075862654485, 124.68806658452377, 124.68806658452377, 120.07556525152177, 120.07556525152177, 115.46158670959994, 115.46158670959994, 110.84909200156108, 110.84909200156108, 106.23638816853054, 106.23638816853054, 101.62560800253414, 101.62560800253414, 97.01700071059167, 97.01700071059167, 92.41156212752685, 92.41156212752685, 87.79513975256123, 87.79513975256123, 83.18287737760693, 83.18287737760693, 78.57203566841781, 78.57203566841781, 73.95897641847841, 73.95897641847841, 69.35142500139773, 69.35142500139773, 64.74354991852306, 64.74354991852306, 60.1321180856321, 60.1321180856321, 55.42388354358263], "rat_caught": [false, false, false, false, false, false, false, false, false, false, false, false, false, false, false, false, false, false, false, true, false, false, false, false, true, false, false, false, false, false, false, true, false, false, false, false, false, false, false, false, false, false, false, false, false, false, false, false, false, false, false, false, false, false, false, false, false, false, false, false, false, false, false, false, false, false, false, false, false, false, false, false, false, false, false, false, false, true, false, false], "left_behind": ["prime", "plain", "prime", "prime", "plain", "prime", "prime", "prime", "carpet", "prime", "plain", "prime", "plain", "plain", "prime", "carpet", "prime", "plain", "prime", "search", "prime", "carpet", "carpet", "plain", "search", "prime", "plain", "prime", "prime", "prime", "prime", "search", "prime", "prime", "prime", "carpet", "carpet", "carpet", "plain", "plain", "plain", "plain", "plain", "plain", "carpet", "prime", "search", "prime", "plain", "plain", "prime", "prime", "prime", "search", "prime", "prime", "prime", "plain", "plain", "prime", "prime", "plain", "carpet", "plain", "search", "prime", "search", "search", "plain", "prime", "plain", "search", "search", "carpet", "plain", "plain", "prime", "search", "plain", "carpet"], "errlog_a": "turns=40, last_best_rat_prob=0.246, last_search_target=(4, 6), last_eval=-1.71, last_depth=275, search_miss_streak=4, search_gain=-1000000000.00, board_gain=58.04, opp_threat=2.00, opp_setup_threat=7.80, search_threshold=0.630", "errlog_b": "turns=40, last_best_rat_prob=0.166, last_search_target=(0, 2), last_eval=18.42, last_depth=858, search_miss_streak=0, search_gain=-1000000010.00, board_gain=-51.80, opp_threat=0.00, opp_setup_threat=0.00, search_threshold=0.480", "start_time": 240, "start_moves": 80, "turn_count": 80, "result": 0, "reason": "POINTS", "trapdoors": [[4, 4], [4, 5], [4, 5], [5, 5], [5, 5], [5, 6], [5, 6], [5, 6], [5, 6], [6, 6], [6, 6], [6, 6], [6, 6], [6, 6], [6, 6], [6, 6], [6, 6], [6, 6], [6, 6], [6, 7], [5, 6], [6, 6], [6, 6], [6, 5], [6, 5], [7, 3], [7, 2], [7, 2], [6, 2], [6, 2], [5, 2], [6, 2], [3, 0], [3, 1], [3, 1], [3, 1], [3, 2], [3, 2], [3, 2], [3, 2], [3, 1], [3, 2], [3, 2], [3, 2], [3, 2], [3, 3], [3, 3], [3, 3], [3, 3], [3, 4], [3, 3], [3, 3], [3, 3], [3, 3], [3, 4], [3, 5], [3, 5], [2, 5], [2, 5], [3, 5], [3, 5], [3, 5], [3, 5], [3, 5], [3, 5], [3, 5], [4, 5], [4, 5], [4, 5], [4, 5], [4, 5], [4, 6], [4, 6], [4, 6], [4, 6], [4, 6], [5, 6], [5, 6], [4, 5], [4, 6], [4, 6]], "spawn_a": [3, 2], "spawn_b": [4, 2]}