{"pos": [[2, 4], [5, 4], [1, 4], [4, 4], [3, 4], [4, 3], [3, 3], [5, 3], [3, 2], [6, 3], [4, 2], [7, 3], [4, 4], [5, 3], [5, 4], [4, 3], [5, 5], [4, 2], [4, 5], [5, 2], [3, 5], [5, 2], [2, 5], [6, 2], [1, 5], [7, 2], [1, 5], [3, 2], [0, 5], [2, 2], [5, 5], [2, 3], [6, 5], [1, 3], [7, 5], [2, 3], [7, 4], [3, 3], [6, 4], [3, 3], [6, 3], [4, 3]], "a_points": [1, 1, 2, 2, 4, 4, 4, 4, 4, 4, 5, 5, 7, 7, 7, 7, 8, 8, 9, 9, 10, 10, 11, 11, 12, 12, 16, 16, 17, 17, 27, 27, 27, 27, 28, 28, 29, 29, 30, 30, 31, 31], "b_points": [0, 0, 0, 0, 0, 1, 1, 2, 2, 3, 3, 4, 4, 6, 6, 6, 6, 6, 6, 7, 7, 11, 11, 12, 12, 13, 13, 19, 19, 19, 19, 20, 20, 20, 20, 21, 21, 22, 22, 26, 26, 27], "a_turns_left": [39, 39, 38, 38, 37, 37, 36, 36, 35, 35, 34, 34, 33, 33, 32, 32, 31, 31, 30, 30, 29, 29, 28, 28, 27, 27, 26, 26, 25, 25, 24, 24, 23, 23, 22, 22, 21, 21, 20, 20, 19, 19], "b_turns_left": [40, 39, 39, 38, 38, 37, 37, 36, 36, 35, 35, 34, 34, 33, 33, 32, 32, 31, 31, 30, 30, 29, 29, 28, 28, 27, 27, 26, 26, 25, 25, 24, 24, 23, 23, 22, 22, 21, 21, 20, 20, 19], "a_time_left": [235.3878633340355, 235.3878633340355, 230.7725583340507, 230.7725583340507, 226.15176125103608, 226.15176125103608, 221.53958016820252, 221.53958016820252, 216.9223732932005, 216.9223732932005, 212.3028855852317, 212.3028855852317, 207.67419371032156, 207.67419371032156, 203.05427150148898, 203.05427150148898, 198.43742541852407, 198.43742541852407, 193.81933487649076, 193.81933487649076, 189.1997948763892, 189.1997948763892, 184.56863500131294, 184.56863500131294, 179.95376850129105, 179.95376850129105, 175.30618525133468, 175.30618525133468, 170.69363312632777, 170.69363312632777, 166.0803279604297, 166.0803279604297, 161.4697362105362, 161.4697362105362, 156.85484562744386, 156.85484562744386, 152.24555991962552, 152.24555991962552, 147.6362830447033, 147.6362830447033, 143.01007512863725, 143.01007512863725], "b_time_left": [240, 235.39029824989848, 235.39029824989848, 230.7781266248785, 230.7781266248785, 226.155419832794, 226.155419832794, 221.53996141580865, 221.53996141580865, 216.91342983278446, 216.91342983278446, 212.2955619157292, 212.2955619157292, 207.669614123879, 207.669614123879, 203.057830540929, 203.057830540929, 198.4406215408817, 198.4406215408817, 193.8209126656875, 193.8209126656875, 189.20060229068622, 189.20060229068622, 184.563035040861, 184.563035040861, 179.94569820770994, 179.94569820770994, 175.33202891563997, 175.33202891563997, 170.7142929576803, 170.7142929576803, 166.10117954178713, 166.10117954178713, 161.4871617918834, 161.4871617918834, 156.8716499588918, 156.8716499588918, 152.25789799983613, 152.25789799983613, 147.6373444579076, 147.6373444579076, 143.00473937392235], "rat_caught": [false, false, false, false, false, false, false, false, false, false, false, false, false, false, false, false, false, false, false, false, false, true, false, false, false, false, true, false, false, false, false, false, false, false, false, false, false, false, false, true, false, false], "left_behind": ["prime", "plain", "prime", "plain", "carpet", "prime", "plain", "prime", "plain", "prime", "prime", "prime", "carpet", "carpet", "plain", "plain", "prime", "plain", "prime", "prime", "prime", "search", "prime", "prime", "prime", "prime", "search", "carpet", "prime", "plain", "carpet", "prime", "plain", "plain", "prime", "prime", "prime", "prime", "prime", "search", "prime", "prime"], "errlog_a": "Traceback (most recent call last):\n  File \"/Users/aryanpatel/CS3600/dist 3/engine/player_process.py\", line 280, in run_player_process\n    player_move = player.play(\n        temp_board, rat_samples, time_left_func\n    )\n  File \"/Users/aryanpatel/CS3600/dist 3/3600-agents/fastcopy/agent.py\", line 163, in play\n    move_at_depth, value_at_depth, completed = self._search_root_to_depth(\n                                               ~~~~~~~~~~~~~~~~~~~~~~~~~~^\n        board,\n        ^^^^^^\n    ...<5 lines>...\n        self.belief,\n        ^^^^^^^^^^^^\n    )\n    ^\n  File \"/Users/aryanpatel/CS3600/dist 3/3600-agents/fastcopy/agent.py\", line 340, in _search_root_to_depth\n    val = -self._negamax(\n           ~~~~~~~~~~~~~^\n        next_board,\n        ^^^^^^^^^^^\n    ...<6 lines>...\n        future_belief,\n        ^^^^^^^^^^^^^^\n    )\n    ^\n  File \"/Users/aryanpatel/CS3600/dist 3/3600-agents/fastcopy/agent.py\", line 466, in _negamax\n    score = -self._negamax(\n             ~~~~~~~~~~~~~^\n        next_board,\n        ^^^^^^^^^^^\n    ...<6 lines>...\n        next_belief,\n        ^^^^^^^^^^^^\n    )\n    ^\n  File \"/Users/aryanpatel/CS3600/dist 3/3600-agents/fastcopy/agent.py\", line 466, in _negamax\n    score = -self._negamax(\n             ~~~~~~~~~~~~~^\n        next_board,\n        ^^^^^^^^^^^\n    ...<6 lines>...\n        next_belief,\n        ^^^^^^^^^^^^\n    )\n    ^\n  File \"/Users/aryanpatel/CS3600/dist 3/3600-agents/fastcopy/agent.py\", line 466, in _negamax\n    score = -self._negamax(\n             ~~~~~~~~~~~~~^\n        next_board,\n        ^^^^^^^^^^^\n    ...<6 lines>...\n        next_belief,\n        ^^^^^^^^^^^^\n    )\n    ^\n  [Previous line repeated 2 more times]\n  File \"/Users/aryanpatel/CS3600/dist 3/3600-agents/fastcopy/agent.py\", line 452, in _negamax\n    valid_moves = self._order_moves(board_obj, valid_moves, belief_vec)\n  File \"/Users/aryanpatel/CS3600/dist 3/3600-agents/fastcopy/agent.py\", line 761, in _order_moves\n    return sorted(moves, key=move_key, reverse=True)\n  File \"/Users/aryanpatel/CS3600/dist 3/3600-agents/fastcopy/agent.py\", line 749, in move_key\n    if low_value:\n       ^^^^^^^^^\nUnboundLocalError: cannot access local variable 'low_value' where it is not associated with a value\n", "errlog_b": "turns=21, last_best_rat_prob=0.181, last_search_target=(2, 3), last_eval=-32.70, last_depth=5, search_miss_streak=0, search_gain=-1000000000.00, board_gain=-20.34, opp_threat=2.00, opp_setup_threat=2.70, search_threshold=0.640", "start_time": 240, "start_moves": 80, "turn_count": 42, "result": 1, "reason": "CODE_CRASH", "trapdoors": [[6, 3], [6, 4], [6, 3], [6, 3], [6, 3], [5, 3], [5, 3], [5, 3], [5, 3], [5, 3], [5, 4], [5, 4], [5, 5], [5, 5], [5, 5], [5, 5], [5, 6], [5, 6], [6, 6], [6, 5], [6, 5], [6, 5], [2, 5], [2, 5], [1, 5], [1, 5], [1, 5], [7, 6], [7, 6], [7, 5], [7, 5], [7, 5], [7, 4], [7, 4], [7, 3], [7, 3], [7, 3], [7, 2], [7, 2], [7, 2], [3, 2], [4, 2], [4, 2], [4, 1]], "spawn_a": [3, 4], "spawn_b": [4, 4]}