{"pos": [[3, 3], [4, 3], [3, 4], [5, 3], [4, 4], [3, 3], [5, 4], [2, 3], [6, 4], [2, 4], [3, 4], [2, 5], [3, 5], [2, 3], [2, 5], [2, 2], [1, 5], [1, 2], [1, 4], [1, 3], [0, 4], [1, 4], [0, 5], [1, 3], [2, 5], [1, 2], [3, 5], [0, 2], [3, 5], [4, 2], [4, 5], [5, 2], [5, 5], [5, 1], [5, 6], [5, 2], [5, 7], [5, 2], [5, 5], [5, 3], [5, 4], [5, 1], [6, 4], [4, 1], [7, 4], [4, 2], [6, 4], [4, 3], [5, 4], [4, 4], [7, 4], [5, 4], [6, 4], [5, 3], [5, 4], [6, 3], [5, 3], [6, 3], [5, 4], [7, 3], [5, 5], [6, 3], [3, 5], [5, 3], [3, 5], [7, 3], [3, 4], [6, 3], [3, 4], [5, 3], [2, 4], [5, 2], [0, 4], [5, 1], [0, 3], [5, 0], [1, 3], [4, 0], [2, 3], [4, 0]], "a_points": [1, 1, 2, 2, 3, 3, 4, 4, 5, 5, 9, 9, 9, 9, 9, 9, 10, 10, 11, 11, 11, 11, 12, 12, 14, 14, 14, 14, 18, 18, 19, 19, 20, 20, 21, 21, 22, 22, 24, 24, 24, 24, 24, 24, 24, 24, 25, 25, 26, 26, 28, 28, 28, 28, 28, 28, 27, 27, 27, 27, 27, 27, 29, 29, 27, 27, 27, 27, 31, 31, 31, 31, 33, 33, 33, 33, 34, 34, 35, 35], "b_points": [0, 1, 1, 2, 2, 4, 4, 4, 4, 5, 5, 6, 6, 8, 8, 8, 8, 9, 9, 9, 9, 9, 9, 10, 10, 10, 10, 11, 11, 17, 17, 17, 17, 17, 17, 18, 18, 22, 22, 23, 23, 25, 25, 25, 25, 26, 26, 26, 26, 26, 26, 26, 26, 26, 26, 27, 27, 31, 31, 31, 31, 32, 32, 33, 33, 35, 35, 35, 35, 35, 35, 35, 35, 35, 35, 35, 35, 36, 36, 40], "a_turns_left": [39, 39, 38, 38, 37, 37, 36, 36, 35, 35, 34, 34, 33, 33, 32, 32, 31, 31, 30, 30, 29, 29, 28, 28, 27, 27, 26, 26, 25, 25, 24, 24, 23, 23, 22, 22, 21, 21, 20, 20, 19, 19, 18, 18, 17, 17, 16, 16, 15, 15, 14, 14, 13, 13, 12, 12, 11, 11, 10, 10, 9, 9, 8, 8, 7, 7, 6, 6, 5, 5, 4, 4, 3, 3, 2, 2, 1, 1, 0, 0], "b_turns_left": [40, 39, 39, 38, 38, 37, 37, 36, 36, 35, 35, 34, 34, 33, 33, 32, 32, 31, 31, 30, 30, 29, 29, 28, 28, 27, 27, 26, 26, 25, 25, 24, 24, 23, 23, 22, 22, 21, 21, 20, 20, 19, 19, 18, 18, 17, 17, 16, 16, 15, 15, 14, 14, 13, 13, 12, 12, 11, 11, 10, 10, 9, 9, 8, 8, 7, 7, 6, 6, 5, 5, 4, 4, 3, 3, 2, 2, 1, 1, 0], "a_time_left": [235.38946495903656, 235.38946495903656, 230.77811050019227, 230.77811050019227, 226.16425870801322, 226.16425870801322, 221.54992120806128, 221.54992120806128, 216.93881837511435, 216.93881837511435, 212.3262695830781, 212.3262695830781, 207.71431141602807, 207.71431141602807, 203.0640383749269, 203.0640383749269, 198.45114849996753, 198.45114849996753, 193.8375541670248, 193.8375541670248, 189.22731366707012, 189.22731366707012, 184.61786537524313, 184.61786537524313, 180.00809100014158, 180.00809100014158, 175.39337675017305, 175.39337675017305, 170.7782152502332, 170.7782152502332, 166.16747137531638, 166.16747137531638, 161.5582635004539, 161.5582635004539, 156.94777158345096, 156.94777158345096, 152.3362345835194, 152.3362345835194, 147.72542037442327, 147.72542037442327, 143.11563766538166, 143.11563766538166, 138.5033244153019, 138.5033244153019, 133.89231595722958, 133.89231595722958, 129.28536849934608, 129.28536849934608, 124.6749814574141, 124.6749814574141, 120.0671748323366, 120.0671748323366, 115.45803366531618, 115.45803366531618, 110.83211549813859, 110.83211549813859, 106.22127033118159, 106.22127033118159, 101.53637762228027, 101.53637762228027, 96.92209183028899, 96.92209183028899, 92.31129620526917, 92.31129620526917, 87.69908166420646, 87.69908166420646, 83.0822601641994, 83.0822601641994, 78.47224783012643, 78.47224783012643, 73.86368349706754, 73.86368349706754, 69.25136687210761, 69.25136687210761, 64.64323045592755, 64.64323045592755, 60.038177581038326, 60.038177581038326, 55.43125995621085, 55.43125995621085], "b_time_left": [240, 235.38723287498578, 235.38723287498578, 230.77407054114155, 230.77407054114155, 226.16443495708518, 226.16443495708518, 221.5544892901089, 221.5544892901089, 216.94422733224928, 216.94422733224928, 212.33273758227006, 212.33273758227006, 207.72102758218534, 207.72102758218534, 203.10968229104765, 203.10968229104765, 198.5006803330034, 198.5006803330034, 193.88778700004332, 193.88778700004332, 189.2798949170392, 189.2798949170392, 184.6729915421456, 184.6729915421456, 180.05037283408456, 180.05037283408456, 175.438272834057, 175.438272834057, 170.82556479191408, 170.82556479191408, 166.21722545893863, 166.21722545893863, 161.60550237586722, 161.60550237586722, 156.99247641698457, 156.99247641698457, 152.37590266717598, 152.37590266717598, 147.76683866698295, 147.76683866698295, 143.14982125000097, 143.14982125000097, 138.53208129201084, 138.53208129201084, 133.924092708854, 133.924092708854, 129.31610325095244, 129.31610325095244, 124.70904825092293, 124.70904825092293, 120.10272508510388, 120.10272508510388, 115.4965840021614, 115.4965840021614, 110.88835021108389, 110.88835021108389, 106.27799221104942, 106.27799221104942, 101.6648342111148, 101.6648342111148, 97.05706900311634, 97.05706900311634, 92.44824141915888, 92.44824141915888, 87.7992276691366, 87.7992276691366, 83.18998066917993, 83.18998066917993, 78.58114816923626, 78.58114816923626, 73.9716622941196, 73.9716622941196, 69.36434462713078, 69.36434462713078, 64.75531746027991, 64.75531746027991, 60.14345979341306, 60.14345979341306, 55.53000821056776], "rat_caught": [false, false, false, false, false, false, false, false, false, false, false, false, false, false, false, false, false, false, false, false, false, false, false, false, false, false, false, false, true, false, false, false, false, false, false, false, false, true, false, false, false, false, false, false, false, false, false, false, false, false, false, false, false, false, false, false, false, true, false, false, false, false, false, false, false, false, false, false, true, false, false, false, false, false, false, false, false, false, false, true], "left_behind": ["prime", "prime", "prime", "prime", "prime", "carpet", "prime", "plain", "prime", "prime", "carpet", "prime", "plain", "carpet", "plain", "plain", "prime", "prime", "prime", "plain", "plain", "plain", "prime", "prime", "carpet", "plain", "plain", "prime", "search", "carpet", "prime", "plain", "prime", "plain", "prime", "prime", "prime", "search", "carpet", "prime", "plain", "carpet", "plain", "plain", "plain", "prime", "prime", "plain", "prime", "plain", "carpet", "plain", "plain", "plain", "plain", "prime", "carpet", "search", "plain", "plain", "plain", "prime", "carpet", "prime", "search", "carpet", "plain", "plain", "search", "plain", "plain", "plain", "carpet", "plain", "plain", "plain", "prime", "prime", "prime", "search"], "errlog_a": "turns=40, last_best_rat_prob=0.294, last_search_target=(6, 5), last_eval=-1.20, last_depth=155, search_miss_streak=0, search_gain=-1000000000.00, board_gain=81.39, opp_threat=1.00, opp_setup_threat=3.70, search_threshold=0.410", "errlog_b": "turns=40, last_best_rat_prob=0.691, last_search_target=(5, 7), last_eval=57.54, last_depth=1060, search_miss_streak=0, search_gain=57.54, board_gain=-27.38, opp_threat=2.00, opp_setup_threat=2.00, search_threshold=0.580", "start_time": 240, "start_moves": 80, "turn_count": 80, "result": 1, "reason": "POINTS", "trapdoors": [[0, 6], [0, 6], [0, 6], [0, 6], [0, 6], [0, 6], [0, 6], [0, 6], [0, 5], [0, 5], [0, 4], [0, 4], [0, 4], [0, 3], [0, 3], [0, 3], [0, 3], [0, 2], [0, 2], [0, 2], [1, 2], [1, 2], [1, 2], [1, 2], [0, 2], [0, 2], [0, 1], [0, 0], [0, 1], [3, 7], [3, 7], [3, 7], [3, 7], [3, 7], [2, 7], [2, 7], [1, 7], [1, 7], [1, 5], [2, 5], [2, 5], [3, 5], [3, 5], [3, 6], [3, 6], [3, 6], [3, 6], [3, 7], [3, 7], [3, 6], [3, 6], [3, 6], [3, 6], [3, 6], [3, 6], [3, 7], [3, 7], [2, 7], [3, 6], [3, 6], [3, 6], [3, 6], [3, 6], [3, 6], [3, 7], [3, 7], [3, 7], [3, 7], [3, 7], [4, 5], [4, 5], [4, 6], [4, 6], [4, 7], [4, 7], [4, 7], [4, 7], [4, 7], [5, 7], [5, 7], [1, 7]], "spawn_a": [3, 2], "spawn_b": [4, 2]}