{"pos": [[3, 4], [4, 4], [3, 3], [4, 3], [3, 3], [5, 3], [2, 3], [3, 3], [2, 4], [3, 5], [2, 5], [3, 6], [1, 5], [4, 6], [1, 4], [4, 7], [1, 3], [4, 4], [1, 2], [3, 4], [2, 2], [1, 4], [2, 1], [1, 3], [3, 1], [0, 3], [3, 2], [2, 3], [2, 2], [3, 3], [3, 2], [2, 3], [3, 3], [2, 1], [3, 1], [2, 0], [3, 0], [2, 0], [4, 0], [2, 1], [4, 1], [2, 2]], "a_points": [1, 1, 2, 2, 6, 6, 7, 7, 8, 8, 9, 9, 10, 10, 11, 11, 12, 12, 12, 12, 13, 13, 13, 13, 14, 14, 15, 15, 15, 15, 16, 16, 17, 17, 19, 19, 19, 19, 20, 20, 20, 20], "b_points": [0, 1, 1, 2, 2, 3, 3, 5, 5, 7, 7, 7, 7, 8, 8, 9, 9, 13, 13, 13, 13, 15, 15, 15, 15, 16, 16, 18, 18, 18, 18, 18, 18, 20, 20, 20, 20, 24, 24, 25, 25, 25], "a_turns_left": [39, 39, 38, 38, 37, 37, 36, 36, 35, 35, 34, 34, 33, 33, 32, 32, 31, 31, 30, 30, 29, 29, 28, 28, 27, 27, 26, 26, 25, 25, 24, 24, 23, 23, 22, 22, 21, 21, 20, 20, 19, 19], "b_turns_left": [40, 39, 39, 38, 38, 37, 37, 36, 36, 35, 35, 34, 34, 33, 33, 32, 32, 31, 31, 30, 30, 29, 29, 28, 28, 27, 27, 26, 26, 25, 25, 24, 24, 23, 23, 22, 22, 21, 21, 20, 20, 19], "a_time_left": [235.3835263340734, 235.3835263340734, 230.66336495918222, 230.66336495918222, 226.0464597090613, 226.0464597090613, 221.42911200108938, 221.42911200108938, 216.80357579211704, 216.80357579211704, 212.18946912605315, 212.18946912605315, 207.5813825421501, 207.5813825421501, 202.9590542500373, 202.9590542500373, 198.34085216699168, 198.34085216699168, 193.71831504185684, 193.71831504185684, 189.1048281667754, 189.1048281667754, 184.48683562478982, 184.48683562478982, 179.86725562484935, 179.86725562484935, 175.24904820881784, 175.24904820881784, 170.64159458386712, 170.64159458386712, 166.0197350839153, 166.0197350839153, 161.401638250798, 161.401638250798, 156.7843076258432, 156.7843076258432, 152.17193858488463, 152.17193858488463, 147.17750850180164, 147.17750850180164, 142.56443716795184, 142.56443716795184], "b_time_left": [240, 235.3811534999404, 235.3811534999404, 230.74328558286652, 230.74328558286652, 226.12063054088503, 226.12063054088503, 221.48987649870105, 221.48987649870105, 216.88117962377146, 216.88117962377146, 212.2564336238429, 212.2564336238429, 207.63929999875836, 207.63929999875836, 203.0270212488249, 203.0270212488249, 198.40718328976072, 198.40718328976072, 193.78847062261775, 193.78847062261775, 189.1676906645298, 189.1676906645298, 184.55002353945747, 184.55002353945747, 179.93117699748836, 179.93117699748836, 175.30737866437994, 175.30737866437994, 170.6961340813432, 170.6961340813432, 166.07765341433696, 166.07765341433696, 161.4626478725113, 161.4626478725113, 156.84951120638289, 156.84951120638289, 152.23573349858634, 152.23573349858634, 147.61975037353113, 147.61975037353113, 143.0109450404998], "rat_caught": [false, false, false, false, true, false, false, false, false, false, false, false, false, false, false, false, false, false, false, false, false, false, false, false, false, false, false, false, false, false, false, false, false, false, false, false, false, true, false, false, false, false], "left_behind": ["prime", "prime", "prime", "prime", "search", "prime", "prime", "carpet", "prime", "carpet", "prime", "plain", "prime", "prime", "prime", "prime", "prime", "carpet", "plain", "plain", "prime", "carpet", "plain", "plain", "prime", "prime", "prime", "carpet", "plain", "plain", "prime", "plain", "prime", "carpet", "carpet", "plain", "plain", "search", "prime", "prime", "plain", "plain"], "errlog_a": "Traceback (most recent call last):\n  File \"/Users/aryanpatel/CS3600/dist 3/engine/player_process.py\", line 280, in run_player_process\n    player_move = player.play(\n        temp_board, rat_samples, time_left_func\n    )\n  File \"/Users/aryanpatel/CS3600/dist 3/3600-agents/fastcopy/agent.py\", line 163, in play\n    move_at_depth, value_at_depth, completed = self._search_root_to_depth(\n                                               ~~~~~~~~~~~~~~~~~~~~~~~~~~^\n        board,\n        ^^^^^^\n    ...<5 lines>...\n        self.belief,\n        ^^^^^^^^^^^^\n    )\n    ^\n  File \"/Users/aryanpatel/CS3600/dist 3/3600-agents/fastcopy/agent.py\", line 340, in _search_root_to_depth\n    val = -self._negamax(\n           ~~~~~~~~~~~~~^\n        next_board,\n        ^^^^^^^^^^^\n    ...<6 lines>...\n        future_belief,\n        ^^^^^^^^^^^^^^\n    )\n    ^\n  File \"/Users/aryanpatel/CS3600/dist 3/3600-agents/fastcopy/agent.py\", line 466, in _negamax\n    score = -self._negamax(\n             ~~~~~~~~~~~~~^\n        next_board,\n        ^^^^^^^^^^^\n    ...<6 lines>...\n        next_belief,\n        ^^^^^^^^^^^^\n    )\n    ^\n  File \"/Users/aryanpatel/CS3600/dist 3/3600-agents/fastcopy/agent.py\", line 466, in _negamax\n    score = -self._negamax(\n             ~~~~~~~~~~~~~^\n        next_board,\n        ^^^^^^^^^^^\n    ...<6 lines>...\n        next_belief,\n        ^^^^^^^^^^^^\n    )\n    ^\n  File \"/Users/aryanpatel/CS3600/dist 3/3600-agents/fastcopy/agent.py\", line 466, in _negamax\n    score = -self._negamax(\n             ~~~~~~~~~~~~~^\n        next_board,\n        ^^^^^^^^^^^\n    ...<6 lines>...\n        next_belief,\n        ^^^^^^^^^^^^\n    )\n    ^\n  [Previous line repeated 2 more times]\n  File \"/Users/aryanpatel/CS3600/dist 3/3600-agents/fastcopy/agent.py\", line 452, in _negamax\n    valid_moves = self._order_moves(board_obj, valid_moves, belief_vec)\n  File \"/Users/aryanpatel/CS3600/dist 3/3600-agents/fastcopy/agent.py\", line 761, in _order_moves\n    return sorted(moves, key=move_key, reverse=True)\n  File \"/Users/aryanpatel/CS3600/dist 3/3600-agents/fastcopy/agent.py\", line 749, in move_key\n    if low_value:\n       ^^^^^^^^^\nUnboundLocalError: cannot access local variable 'low_value' where it is not associated with a value\n", "errlog_b": "turns=21, last_best_rat_prob=0.314, last_search_target=(5, 4), last_eval=-7.60, last_depth=6, search_miss_streak=0, search_gain=-1000000000.00, board_gain=-11.04, opp_threat=1.00, opp_setup_threat=3.70, search_threshold=0.580", "start_time": 240, "start_moves": 80, "turn_count": 42, "result": 1, "reason": "CODE_CRASH", "trapdoors": [[4, 5], [4, 5], [4, 5], [4, 5], [4, 5], [6, 2], [6, 2], [5, 2], [4, 2], [4, 2], [4, 2], [4, 2], [4, 2], [5, 2], [5, 2], [5, 1], [5, 1], [5, 1], [5, 1], [6, 1], [5, 1], [5, 1], [5, 1], [6, 1], [6, 1], [6, 1], [6, 1], [5, 1], [5, 1], [4, 1], [4, 0], [4, 0], [4, 0], [4, 0], [4, 0], [4, 1], [4, 0], [3, 0], [5, 4], [5, 4], [5, 4], [5, 5], [5, 5], [5, 5]], "spawn_a": [3, 5], "spawn_b": [4, 5]}