{"pos": [[3, 5], [5, 4], [3, 4], [4, 4], [3, 3], [5, 4], [4, 3], [6, 4], [4, 4], [6, 3], [4, 4], [5, 3], [4, 3], [5, 2], [3, 3], [5, 5], [3, 4], [5, 5], [4, 4], [5, 6], [4, 5], [4, 6], [3, 5], [3, 6], [3, 4], [2, 6], [3, 3], [2, 5], [2, 3], [2, 4], [3, 3], [2, 4], [3, 4], [2, 6], [3, 3], [2, 6], [3, 4], [5, 6], [4, 4], [4, 6], [4, 5], [4, 7], [4, 5], [5, 7], [5, 5], [4, 7], [5, 5], [3, 7], [4, 5], [3, 7], [4, 5], [2, 7], [3, 5], [2, 7], [4, 5], [5, 7], [5, 5], [4, 7], [4, 5], [4, 6], [5, 5], [3, 6], [4, 5], [3, 5], [4, 4], [3, 4], [4, 3], [2, 4], [3, 3], [1, 4], [4, 3], [1, 3], [2, 3], [1, 2], [2, 2], [1, 2], [2, 2], [0, 2], [3, 2], [0, 3]], "a_points": [0, 0, 0, 0, 1, 1, 1, 1, 0, 0, 4, 4, 4, 4, 4, 4, 3, 3, 3, 3, 3, 3, 4, 4, 4, 4, 4, 4, 4, 4, 5, 5, 5, 5, 5, 5, 5, 5, 5, 5, 4, 4, 2, 2, 2, 2, 0, 0, 0, 0, 4, 4, 4, 4, 4, 4, 4, 4, 4, 4, 4, 4, 4, 4, 4, 4, 4, 4, 4, 4, 5, 5, 7, 7, 7, 7, 5, 5, 5, 5], "b_points": [0, 1, 1, 1, 1, 2, 2, 3, 3, 4, 4, 5, 5, 6, 6, 10, 10, 8, 8, 8, 8, 9, 9, 10, 10, 11, 11, 12, 12, 13, 13, 17, 17, 19, 19, 23, 23, 27, 27, 27, 27, 27, 27, 27, 27, 28, 28, 29, 29, 27, 27, 28, 28, 26, 26, 30, 30, 30, 30, 30, 30, 30, 30, 30, 30, 31, 31, 31, 31, 32, 32, 33, 33, 34, 34, 32, 32, 33, 33, 34], "a_turns_left": [39, 39, 38, 38, 37, 37, 36, 36, 35, 35, 34, 34, 33, 33, 32, 32, 31, 31, 30, 30, 29, 29, 28, 28, 27, 27, 26, 26, 25, 25, 24, 24, 23, 23, 22, 22, 21, 21, 20, 20, 19, 19, 18, 18, 17, 17, 16, 16, 15, 15, 14, 14, 13, 13, 12, 12, 11, 11, 10, 10, 9, 9, 8, 8, 7, 7, 6, 6, 5, 5, 4, 4, 3, 3, 2, 2, 1, 1, 0, 0], "b_turns_left": [40, 39, 39, 38, 38, 37, 37, 36, 36, 35, 35, 34, 34, 33, 33, 32, 32, 31, 31, 30, 30, 29, 29, 28, 28, 27, 27, 26, 26, 25, 25, 24, 24, 23, 23, 22, 22, 21, 21, 20, 20, 19, 19, 18, 18, 17, 17, 16, 16, 15, 15, 14, 14, 13, 13, 12, 12, 11, 11, 10, 10, 9, 9, 8, 8, 7, 7, 6, 6, 5, 5, 4, 4, 3, 3, 2, 2, 1, 1, 0], "a_time_left": [234.46448791585863, 234.46448791585863, 229.1514776237309, 229.1514776237309, 224.10271349875256, 224.10271349875256, 218.9978692487348, 218.9978692487348, 213.46387666463852, 213.46387666463852, 208.51758999750018, 208.51758999750018, 203.319619247457, 203.319619247457, 198.2432736225892, 198.2432736225892, 193.2655169556383, 193.2655169556383, 187.7595068726223, 187.7595068726223, 182.85944095556624, 182.85944095556624, 177.9619201645255, 177.9619201645255, 173.0842607896775, 173.0842607896775, 168.0450549556408, 168.0450549556408, 163.23082295549102, 163.23082295549102, 158.29906408046372, 158.29906408046372, 153.1977247884497, 153.1977247884497, 148.4825272054877, 148.4825272054877, 143.67066433047876, 143.67066433047876, 138.9080733724404, 138.9080733724404, 134.28598083136603, 134.28598083136603, 129.5638108314015, 129.5638108314015, 124.9918454142753, 124.9918454142753, 120.38722283020616, 120.38722283020616, 115.77062924718484, 115.77062924718484, 111.07379533024505, 111.07379533024505, 106.3252832882572, 106.3252832882572, 101.51681112125516, 101.51681112125516, 97.17284383019432, 97.17284383019432, 92.54631687118672, 92.54631687118672, 88.11438270425424, 88.11438270425424, 83.6121048713103, 83.6121048713103, 78.73806841229089, 78.73806841229089, 74.07244141213596, 74.07244141213596, 68.78422416211106, 68.78422416211106, 63.706334204180166, 63.706334204180166, 58.614393037278205, 58.614393037278205, 54.15608787024394, 54.15608787024394, 49.09765057917684, 49.09765057917684, 44.52420799504034, 44.52420799504034], "b_time_left": [240, 235.38736154185608, 235.38736154185608, 230.77479154174216, 230.77479154174216, 226.16209216671996, 226.16209216671996, 221.55250112572685, 221.55250112572685, 216.94263820978813, 216.94263820978813, 212.3325565427076, 212.3325565427076, 207.72257162677124, 207.72257162677124, 203.1124368768651, 203.1124368768651, 198.5059038347099, 198.5059038347099, 193.89021100173704, 193.89021100173704, 189.27781750191934, 189.27781750191934, 184.66872291779146, 184.66872291779146, 180.0571360848844, 180.0571360848844, 175.4478592928499, 175.4478592928499, 170.83997754286975, 170.83997754286975, 166.23077312577516, 166.23077312577516, 161.6223361256998, 161.6223361256998, 157.01418233360164, 157.01418233360164, 152.404075125698, 152.404075125698, 147.79518754268065, 147.79518754268065, 143.1899529597722, 143.1899529597722, 138.57592262583785, 138.57592262583785, 133.96785862580873, 133.96785862580873, 129.35866500088014, 129.35866500088014, 124.7515726678539, 124.7515726678539, 120.14438316784799, 120.14438316784799, 115.5370911678765, 115.5370911678765, 110.92451816773973, 110.92451816773973, 106.31728220987134, 106.31728220987134, 101.70900945970789, 101.70900945970789, 97.09887570957653, 97.09887570957653, 92.48927333462052, 92.48927333462052, 87.87926254351623, 87.87926254351623, 83.27362154354341, 83.27362154354341, 78.66388271050528, 78.66388271050528, 74.05818771058694, 74.05818771058694, 69.44727071071975, 69.44727071071975, 64.83511341968551, 64.83511341968551, 60.22876896080561, 60.22876896080561, 55.624836585717276], "rat_caught": [false, false, false, false, false, false, false, false, false, false, true, false, false, false, false, false, false, false, false, false, false, false, false, false, false, false, false, false, false, false, false, true, false, false, false, true, false, false, false, false, false, false, false, false, false, false, false, false, false, false, true, false, false, false, false, false, false, false, false, false, false, false, false, false, false, false, false, false, false, false, false, false, false, false, false, false, false, false, false, false], "left_behind": ["plain", "prime", "plain", "plain", "prime", "prime", "plain", "prime", "carpet", "prime", "search", "prime", "plain", "prime", "plain", "carpet", "carpet", "search", "plain", "plain", "plain", "prime", "prime", "prime", "plain", "prime", "plain", "prime", "plain", "prime", "prime", "search", "plain", "carpet", "plain", "search", "plain", "carpet", "plain", "plain", "carpet", "plain", "search", "plain", "plain", "prime", "search", "prime", "plain", "search", "search", "prime", "plain", "search", "plain", "carpet", "plain", "plain", "plain", "plain", "plain", "plain", "plain", "plain", "plain", "prime", "plain", "plain", "plain", "prime", "prime", "prime", "carpet", "prime", "plain", "search", "search", "prime", "plain", "prime"], "errlog_a": "turns=40, last_best_rat_prob=0.337, last_search_target=(1, 2), last_eval=-360.46, last_depth=3, search_miss_streak=1, search_gain=-1016.80, board_gain=47.80, opp_threat=1.00, opp_setup_threat=-20.14, territory_diff=38.04, board_test=False", "errlog_b": "turns=40, last_best_rat_prob=0.358, last_search_target=(2, 3), last_eval=720.28, last_depth=1333, search_miss_streak=3, search_gain=-1038.84, board_gain=36.64, opp_threat=1.00, opp_setup_threat=0.55", "start_time": 240, "start_moves": 80, "turn_count": 80, "result": 1, "reason": "POINTS", "trapdoors": [[2, 3], [2, 3], [2, 3], [2, 3], [2, 3], [2, 4], [2, 5], [2, 5], [1, 5], [1, 4], [1, 4], [7, 2], [7, 1], [7, 1], [7, 0], [7, 0], [7, 0], [7, 0], [6, 0], [6, 0], [5, 0], [5, 0], [5, 0], [5, 1], [5, 1], [4, 1], [4, 1], [4, 1], [4, 1], [4, 1], [4, 1], [4, 2], [6, 4], [6, 4], [6, 4], [6, 4], [1, 2], [1, 2], [1, 2], [2, 2], [2, 2], [2, 1], [1, 1], [2, 1], [3, 1], [3, 1], [3, 1], [3, 1], [3, 1], [3, 1], [3, 1], [0, 5], [0, 5], [0, 5], [0, 5], [0, 4], [0, 3], [0, 3], [0, 3], [1, 3], [1, 3], [1, 3], [1, 3], [1, 3], [1, 3], [1, 3], [1, 2], [1, 2], [1, 3], [1, 3], [1, 3], [1, 3], [1, 3], [1, 3], [1, 2], [2, 2], [2, 2], [3, 2], [3, 2], [3, 3], [3, 3]], "spawn_a": [2, 5], "spawn_b": [5, 5]}