{"pos": [[2, 4], [4, 4], [1, 4], [5, 4], [2, 4], [3, 4], [2, 3], [3, 3], [1, 3], [3, 3], [1, 2], [4, 3], [2, 2], [5, 3], [3, 2], [2, 3], [3, 3], [2, 2], [3, 4], [2, 1], [3, 4], [3, 1], [3, 5], [4, 1], [4, 5], [4, 2], [5, 5], [5, 2], [6, 5], [6, 2], [7, 5], [6, 2], [3, 5], [7, 2], [3, 5], [3, 2], [3, 5], [3, 2], [2, 5], [4, 2], [2, 6], [4, 3], [2, 7], [4, 2]], "a_points": [1, 1, 1, 1, 2, 2, 3, 3, 4, 4, 5, 5, 6, 6, 7, 7, 8, 8, 8, 8, 12, 12, 12, 12, 13, 13, 14, 14, 15, 15, 16, 16, 22, 22, 20, 20, 24, 24, 24, 24, 25, 25, 26, 26], "b_points": [0, -2, -2, -1, -1, 1, 1, 1, 1, 5, 5, 6, 6, 7, 7, 11, 11, 10, 10, 10, 10, 11, 11, 12, 12, 13, 13, 14, 14, 15, 15, 19, 19, 20, 20, 26, 26, 30, 30, 30, 30, 30, 30, 30], "a_turns_left": [39, 39, 38, 38, 37, 37, 36, 36, 35, 35, 34, 34, 33, 33, 32, 32, 31, 31, 30, 30, 29, 29, 28, 28, 27, 27, 26, 26, 25, 25, 24, 24, 23, 23, 22, 22, 21, 21, 20, 20, 19, 19, 18, 18], "b_turns_left": [40, 39, 39, 38, 38, 37, 37, 36, 36, 35, 35, 34, 34, 33, 33, 32, 32, 31, 31, 30, 30, 29, 29, 28, 28, 27, 27, 26, 26, 25, 25, 24, 24, 23, 23, 22, 22, 21, 21, 20, 20, 19, 19, 18], "a_time_left": [235.38947262521833, 235.38947262521833, 230.77922100038268, 230.77922100038268, 226.16384779126383, 226.16384779126383, 221.5520846240688, 221.5520846240688, 216.9387979581952, 216.9387979581952, 212.3196846251376, 212.3196846251376, 207.6951475420501, 207.6951475420501, 203.0769720831886, 203.0769720831886, 198.458701208001, 198.458701208001, 193.84143937495537, 193.84143937495537, 189.22358870878816, 189.22358870878816, 184.60840608365834, 184.60840608365834, 179.98501429264434, 179.98501429264434, 175.35905879247002, 175.35905879247002, 170.72888295841403, 170.72888295841403, 166.11068258341402, 166.11068258341402, 161.48646937543526, 161.48646937543526, 156.86789416661486, 156.86789416661486, 152.2558765837457, 152.2558765837457, 147.64350683358498, 147.64350683358498, 143.0164988336619, 143.0164988336619, 138.40418516658247, 138.40418516658247], "b_time_left": [240, 235.3817568749655, 235.3817568749655, 230.76791804097593, 230.76791804097593, 226.14715354098007, 226.14715354098007, 221.51947579090483, 221.51947579090483, 216.89292337396182, 216.89292337396182, 212.27132720686495, 212.27132720686495, 207.64759033196606, 207.64759033196606, 203.02187704085372, 203.02187704085372, 198.4112427078653, 198.4112427078653, 193.79508570791222, 193.79508570791222, 189.17964604101144, 189.17964604101144, 184.560844915919, 184.560844915919, 179.9418708740268, 179.9418708740268, 175.3181224989239, 175.3181224989239, 170.70148141589016, 170.70148141589016, 166.0840619157534, 166.0840619157534, 161.46738666575402, 161.46738666575402, 156.85745479073375, 156.85745479073375, 152.23523641587235, 152.23523641587235, 147.62154520698823, 147.62154520698823, 143.00986620690674, 143.00986620690674, 138.38812766503543], "rat_caught": [false, false, false, false, false, false, false, false, false, true, false, false, false, false, false, false, false, false, false, false, true, false, false, false, false, false, false, false, false, false, false, true, false, false, false, false, true, true, false, false, false, false, false, false], "left_behind": ["prime", "search", "plain", "prime", "prime", "carpet", "prime", "plain", "prime", "search", "prime", "prime", "prime", "prime", "prime", "carpet", "prime", "carpet", "plain", "plain", "search", "prime", "plain", "prime", "prime", "prime", "prime", "prime", "prime", "prime", "prime", "search", "carpet", "prime", "search", "carpet", "search", "search", "plain", "plain", "prime", "plain", "prime", "plain"], "errlog_a": "Traceback (most recent call last):\n  File \"/Users/aryanpatel/CS3600/dist 3/engine/player_process.py\", line 280, in run_player_process\n    player_move = player.play(\n        temp_board, rat_samples, time_left_func\n    )\n  File \"/Users/aryanpatel/CS3600/dist 3/3600-agents/fastcopy/agent.py\", line 163, in play\n    move_at_depth, value_at_depth, completed = self._search_root_to_depth(\n                                               ~~~~~~~~~~~~~~~~~~~~~~~~~~^\n        board,\n        ^^^^^^\n    ...<5 lines>...\n        self.belief,\n        ^^^^^^^^^^^^\n    )\n    ^\n  File \"/Users/aryanpatel/CS3600/dist 3/3600-agents/fastcopy/agent.py\", line 340, in _search_root_to_depth\n    val = -self._negamax(\n           ~~~~~~~~~~~~~^\n        next_board,\n        ^^^^^^^^^^^\n    ...<6 lines>...\n        future_belief,\n        ^^^^^^^^^^^^^^\n    )\n    ^\n  File \"/Users/aryanpatel/CS3600/dist 3/3600-agents/fastcopy/agent.py\", line 466, in _negamax\n    score = -self._negamax(\n             ~~~~~~~~~~~~~^\n        next_board,\n        ^^^^^^^^^^^\n    ...<6 lines>...\n        next_belief,\n        ^^^^^^^^^^^^\n    )\n    ^\n  File \"/Users/aryanpatel/CS3600/dist 3/3600-agents/fastcopy/agent.py\", line 466, in _negamax\n    score = -self._negamax(\n             ~~~~~~~~~~~~~^\n        next_board,\n        ^^^^^^^^^^^\n    ...<6 lines>...\n        next_belief,\n        ^^^^^^^^^^^^\n    )\n    ^\n  File \"/Users/aryanpatel/CS3600/dist 3/3600-agents/fastcopy/agent.py\", line 466, in _negamax\n    score = -self._negamax(\n             ~~~~~~~~~~~~~^\n        next_board,\n        ^^^^^^^^^^^\n    ...<6 lines>...\n        next_belief,\n        ^^^^^^^^^^^^\n    )\n    ^\n  File \"/Users/aryanpatel/CS3600/dist 3/3600-agents/fastcopy/agent.py\", line 452, in _negamax\n    valid_moves = self._order_moves(board_obj, valid_moves, belief_vec)\n  File \"/Users/aryanpatel/CS3600/dist 3/3600-agents/fastcopy/agent.py\", line 761, in _order_moves\n    return sorted(moves, key=move_key, reverse=True)\n  File \"/Users/aryanpatel/CS3600/dist 3/3600-agents/fastcopy/agent.py\", line 749, in move_key\n    if low_value:\n       ^^^^^^^^^\nUnboundLocalError: cannot access local variable 'low_value' where it is not associated with a value\n", "errlog_b": "turns=22, last_best_rat_prob=0.328, last_search_target=(7, 2), last_eval=41.40, last_depth=6, search_miss_streak=0, search_gain=-1000000000.00, board_gain=-35.51, opp_threat=4.00, opp_setup_threat=3.20, search_threshold=0.540", "start_time": 240, "start_moves": 80, "turn_count": 44, "result": 1, "reason": "CODE_CRASH", "trapdoors": [[5, 2], [5, 3], [5, 4], [5, 4], [5, 4], [5, 4], [5, 4], [5, 4], [5, 4], [5, 4], [2, 2], [2, 2], [2, 2], [2, 2], [3, 2], [3, 2], [3, 2], [3, 3], [3, 3], [3, 2], [3, 3], [5, 1], [5, 2], [4, 2], [4, 3], [4, 2], [4, 3], [4, 4], [4, 4], [4, 4], [4, 4], [4, 4], [7, 4], [7, 4], [7, 4], [7, 4], [7, 3], [3, 2], [6, 2], [7, 2], [7, 2], [7, 2], [7, 2], [7, 2], [7, 2], [7, 2]], "spawn_a": [3, 4], "spawn_b": [4, 4]}