{"pos": [[2, 3], [4, 4], [2, 3], [4, 3], [1, 3], [2, 3], [1, 4], [2, 4], [1, 5], [2, 5], [1, 3], [3, 5], [2, 3], [4, 5], [3, 3], [4, 6], [3, 3], [4, 7], [4, 3], [4, 4], [4, 2], [5, 4], [3, 2], [4, 4], [2, 2], [4, 2], [2, 3], [4, 2], [2, 4], [4, 3], [3, 4], [5, 3], [3, 3], [6, 3], [3, 5], [5, 3], [4, 5], [5, 3], [5, 5], [5, 2], [6, 5], [5, 1], [6, 4], [5, 1], [7, 4], [5, 0], [5, 4], [4, 0], [5, 3], [4, 1], [5, 4], [3, 1], [5, 1], [3, 1], [5, 2], [3, 1], [4, 2], [2, 1], [4, 0], [2, 0], [3, 0], [2, 2], [2, 0], [2, 2], [2, 0], [2, 3], [3, 0], [2, 5], [4, 0], [2, 5], [2, 0], [2, 5], [3, 0], [3, 5], [3, 2], [4, 5], [3, 3], [4, 5], [3, 3], [5, 5]], "a_points": [1, 1, 5, 5, 6, 6, 7, 7, 8, 8, 10, 10, 10, 10, 10, 10, 14, 14, 14, 14, 15, 15, 16, 16, 17, 17, 18, 18, 18, 18, 19, 19, 20, 20, 22, 22, 22, 22, 22, 22, 22, 22, 23, 23, 24, 24, 26, 26, 26, 26, 27, 27, 31, 31, 31, 31, 31, 31, 33, 33, 33, 33, 33, 33, 37, 37, 38, 38, 39, 39, 41, 41, 41, 41, 43, 43, 43, 43, 41, 41], "b_points": [0, 0, 0, 1, 1, 3, 3, 3, 3, 3, 3, 4, 4, 5, 5, 6, 6, 7, 7, 11, 11, 11, 11, 12, 12, 14, 14, 18, 18, 18, 18, 18, 18, 18, 18, 19, 19, 17, 17, 17, 17, 18, 18, 22, 22, 23, 23, 23, 23, 24, 24, 25, 25, 23, 23, 27, 27, 28, 28, 29, 29, 31, 31, 29, 29, 29, 29, 31, 31, 35, 35, 33, 33, 33, 33, 33, 33, 31, 31, 31], "a_turns_left": [39, 39, 38, 38, 37, 37, 36, 36, 35, 35, 34, 34, 33, 33, 32, 32, 31, 31, 30, 30, 29, 29, 28, 28, 27, 27, 26, 26, 25, 25, 24, 24, 23, 23, 22, 22, 21, 21, 20, 20, 19, 19, 18, 18, 17, 17, 16, 16, 15, 15, 14, 14, 13, 13, 12, 12, 11, 11, 10, 10, 9, 9, 8, 8, 7, 7, 6, 6, 5, 5, 4, 4, 3, 3, 2, 2, 1, 1, 0, 0], "b_turns_left": [40, 39, 39, 38, 38, 37, 37, 36, 36, 35, 35, 34, 34, 33, 33, 32, 32, 31, 31, 30, 30, 29, 29, 28, 28, 27, 27, 26, 26, 25, 25, 24, 24, 23, 23, 22, 22, 21, 21, 20, 20, 19, 19, 18, 18, 17, 17, 16, 16, 15, 15, 14, 14, 13, 13, 12, 12, 11, 11, 10, 10, 9, 9, 8, 8, 7, 7, 6, 6, 5, 5, 4, 4, 3, 3, 2, 2, 1, 1, 0], "a_time_left": [236.30835045897402, 236.30835045897402, 232.61070016701706, 232.61070016701706, 228.91779875010252, 228.91779875010252, 225.21208354225382, 225.21208354225382, 221.51219133427367, 221.51219133427367, 217.82157945935614, 217.82157945935614, 214.13018491724506, 214.13018491724506, 210.4215085003525, 210.4215085003525, 206.72439491725527, 206.72439491725527, 203.0302622083109, 203.0302622083109, 199.33630637428723, 199.33630637428723, 195.64562212419696, 195.64562212419696, 191.94728849921376, 191.94728849921376, 188.25649170810357, 188.25649170810357, 184.56025075004436, 184.56025075004436, 180.85461083310656, 180.85461083310656, 177.15856366604567, 177.15856366604567, 173.4692129571922, 173.4692129571922, 169.76985608204268, 169.76985608204268, 166.07548158196732, 166.07548158196732, 162.37931949901395, 162.37931949901395, 158.6798558740411, 158.6798558740411, 154.98398220702074, 154.98398220702074, 151.28862899797969, 151.28862899797969, 147.58498970605433, 147.58498970605433, 143.89003366488032, 143.89003366488032, 140.18809233186767, 140.18809233186767, 136.49628049787134, 136.49628049787134, 132.80586899793707, 132.80586899793707, 129.1023119557649, 129.1023119557649, 125.40407228888944, 125.40407228888944, 121.70919170579873, 121.70919170579873, 118.01597620570101, 118.01597620570101, 114.31638524658047, 114.31638524658047, 110.62738199648447, 110.62738199648447, 106.93238032935187, 106.93238032935187, 103.23985224519856, 103.23985224519856, 99.54889574507251, 99.54889574507251, 95.85749107808806, 95.85749107808806, 92.16450970293954, 92.16450970293954], "b_time_left": [240, 236.30887175002135, 236.30887175002135, 232.6150515419431, 232.6150515419431, 228.91397495893762, 228.91397495893762, 225.21877950103953, 225.21877950103953, 221.52003145986237, 221.52003145986237, 217.82228570990264, 217.82228570990264, 214.1166570428759, 214.1166570428759, 210.40424641780555, 210.40424641780555, 206.7031928768847, 206.7031928768847, 203.00914987688884, 203.00914987688884, 199.3200671679806, 199.3200671679806, 195.62050241790712, 195.62050241790712, 191.92462420882657, 191.92462420882657, 188.2273630418349, 188.2273630418349, 184.53460699995048, 184.53460699995048, 180.83548199990764, 180.83548199990764, 177.13800191693008, 177.13800191693008, 173.4408969997894, 173.4408969997894, 169.74475174979307, 169.74475174979307, 166.03989024972543, 166.03989024972543, 162.34154120762832, 162.34154120762832, 158.63945887470618, 158.63945887470618, 154.94476741668768, 154.94476741668768, 151.251522249775, 151.251522249775, 147.54524366674013, 147.54524366674013, 143.84494945872575, 143.84494945872575, 140.1444001677446, 140.1444001677446, 136.4420447505545, 136.4420447505545, 132.63856262573972, 132.63856262573972, 128.93793308385648, 128.93793308385648, 125.2510938339401, 125.2510938339401, 121.55810479307547, 121.55810479307547, 117.85856120986864, 117.85856120986864, 114.15938904299401, 114.15938904299401, 110.45720858382992, 110.45720858382992, 106.76140595879406, 106.76140595879406, 103.07155925082043, 103.07155925082043, 99.38223100081086, 99.38223100081086, 95.68776316777803, 95.68776316777803, 91.99961900082417], "rat_caught": [false, false, true, false, false, false, false, false, false, false, false, false, false, false, false, false, true, false, false, false, false, false, false, false, false, false, false, true, false, false, false, false, false, false, false, false, false, false, false, false, false, false, false, true, false, false, false, false, false, false, false, false, false, false, false, true, false, false, false, false, false, false, false, false, true, false, false, false, false, true, false, false, false, false, false, false, false, false, false, false], "left_behind": ["prime", "plain", "search", "prime", "prime", "carpet", "prime", "plain", "prime", "plain", "carpet", "prime", "plain", "prime", "plain", "prime", "search", "prime", "plain", "carpet", "prime", "plain", "prime", "prime", "prime", "carpet", "prime", "search", "plain", "plain", "prime", "plain", "prime", "plain", "carpet", "prime", "plain", "search", "plain", "plain", "plain", "prime", "prime", "search", "prime", "prime", "carpet", "plain", "plain", "prime", "prime", "prime", "carpet", "search", "plain", "search", "plain", "prime", "carpet", "prime", "plain", "carpet", "plain", "search", "search", "plain", "prime", "carpet", "prime", "search", "carpet", "search", "plain", "plain", "carpet", "plain", "plain", "search", "search", "plain"], "errlog_a": "turns=40, last_best_rat_prob=0.665, last_search_target=(7, 3), last_eval=31.63, last_depth=142, search_miss_streak=0, search_gain=31.63, board_gain=-76.92, opp_threat=0.00, opp_setup_threat=0.00, search_threshold=0.560", "errlog_b": "turns=40, last_best_rat_prob=0.409, last_search_target=(4, 1), last_eval=-141.84, last_depth=778, search_miss_streak=2, search_gain=-1000000010.00, board_gain=0.93, opp_threat=0.00, opp_setup_threat=0.00, search_threshold=0.410", "start_time": 240, "start_moves": 80, "turn_count": 80, "result": 0, "reason": "POINTS", "trapdoors": [[6, 7], [7, 7], [7, 7], [3, 2], [3, 2], [3, 2], [3, 3], [3, 3], [3, 3], [3, 4], [3, 4], [3, 4], [3, 4], [3, 4], [3, 4], [3, 4], [3, 4], [5, 3], [5, 3], [5, 3], [4, 3], [5, 3], [5, 3], [5, 4], [5, 4], [5, 3], [5, 3], [4, 3], [6, 1], [5, 1], [4, 1], [4, 1], [4, 1], [4, 1], [4, 1], [3, 1], [3, 1], [3, 1], [3, 1], [3, 2], [3, 3], [3, 2], [3, 3], [3, 2], [7, 3], [7, 2], [7, 1], [7, 0], [7, 0], [6, 0], [6, 0], [5, 0], [5, 0], [5, 0], [5, 0], [5, 0], [4, 5], [4, 6], [4, 6], [4, 7], [4, 7], [4, 7], [4, 7], [4, 6], [4, 6], [5, 4], [4, 4], [4, 4], [4, 4], [4, 5], [7, 1], [7, 1], [7, 1], [7, 1], [7, 2], [7, 2], [7, 3], [7, 3], [7, 4], [6, 4], [7, 4]], "spawn_a": [3, 3], "spawn_b": [4, 3]}