{"pos": [[3, 4], [4, 4], [3, 3], [3, 4], [4, 3], [3, 3], [5, 3], [3, 2], [3, 3], [2, 2], [4, 3], [1, 2], [5, 3], [1, 3], [5, 4], [1, 4], [2, 4], [1, 2], [2, 5], [3, 2], [3, 5], [4, 2], [4, 5], [5, 2], [5, 5], [6, 2], [6, 5], [7, 2], [7, 5], [7, 3], [2, 5], [7, 4], [2, 6], [7, 5], [3, 6], [7, 2], [3, 7], [4, 2], [4, 7], [4, 2], [5, 7], [4, 1], [5, 6], [4, 0], [5, 6], [3, 0], [4, 6], [3, 1], [4, 5], [3, 2], [5, 5], [3, 0], [5, 7], [4, 0], [3, 7], [4, 1], [4, 7], [4, 2], [5, 7], [4, 3], [5, 6], [4, 3], [5, 5], [4, 4], [5, 4], [4, 5], [5, 5], [4, 4], [5, 5], [4, 5], [5, 3], [5, 5], [5, 3], [5, 6], [6, 3], [5, 6], [6, 4], [2, 6], [6, 5], [2, 6]], "a_points": [1, 1, 1, 1, 1, 1, 2, 2, 4, 4, 4, 4, 4, 4, 5, 5, 9, 9, 9, 9, 10, 10, 11, 11, 12, 12, 13, 13, 14, 14, 24, 24, 24, 24, 25, 25, 26, 26, 27, 27, 28, 28, 29, 29, 33, 33, 34, 34, 35, 35, 35, 35, 37, 37, 39, 39, 39, 39, 39, 39, 39, 39, 39, 39, 39, 39, 40, 40, 44, 44, 46, 46, 50, 50, 50, 50, 51, 51, 52, 52], "b_points": [0, 0, 0, 1, 1, 2, 2, 3, 3, 4, 4, 5, 5, 6, 6, 7, 7, 9, 9, 11, 11, 11, 11, 12, 12, 13, 13, 14, 14, 15, 15, 16, 16, 17, 17, 21, 21, 25, 25, 23, 23, 23, 23, 24, 24, 25, 25, 26, 26, 27, 27, 29, 29, 28, 28, 27, 27, 27, 27, 27, 27, 31, 31, 31, 31, 31, 31, 31, 31, 31, 31, 31, 31, 31, 31, 29, 29, 33, 33, 37], "a_turns_left": [39, 39, 38, 38, 37, 37, 36, 36, 35, 35, 34, 34, 33, 33, 32, 32, 31, 31, 30, 30, 29, 29, 28, 28, 27, 27, 26, 26, 25, 25, 24, 24, 23, 23, 22, 22, 21, 21, 20, 20, 19, 19, 18, 18, 17, 17, 16, 16, 15, 15, 14, 14, 13, 13, 12, 12, 11, 11, 10, 10, 9, 9, 8, 8, 7, 7, 6, 6, 5, 5, 4, 4, 3, 3, 2, 2, 1, 1, 0, 0], "b_turns_left": [40, 39, 39, 38, 38, 37, 37, 36, 36, 35, 35, 34, 34, 33, 33, 32, 32, 31, 31, 30, 30, 29, 29, 28, 28, 27, 27, 26, 26, 25, 25, 24, 24, 23, 23, 22, 22, 21, 21, 20, 20, 19, 19, 18, 18, 17, 17, 16, 16, 15, 15, 14, 14, 13, 13, 12, 12, 11, 11, 10, 10, 9, 9, 8, 8, 7, 7, 6, 6, 5, 5, 4, 4, 3, 3, 2, 2, 1, 1, 0], "a_time_left": [235.3876416659914, 235.3876416659914, 230.77742225001566, 230.77742225001566, 226.15941704204306, 226.15941704204306, 221.54824658390135, 221.54824658390135, 216.92884145886637, 216.92884145886637, 212.31470904289745, 212.31470904289745, 207.7081480429042, 207.7081480429042, 203.0562372507993, 203.0562372507993, 198.42735600075684, 198.42735600075684, 193.80139637575485, 193.80139637575485, 189.18427558382973, 189.18427558382973, 184.55858937487938, 184.55858937487938, 179.93921320792288, 179.93921320792288, 175.31962366588414, 175.31962366588414, 170.6995673328638, 170.6995673328638, 166.0619204158429, 166.0619204158429, 161.41304674884304, 161.41304674884304, 156.7498219567351, 156.7498219567351, 152.1339312067721, 152.1339312067721, 147.51254228968173, 147.51254228968173, 142.89548662258312, 142.89548662258312, 138.28077620570548, 138.28077620570548, 133.65473758080043, 133.65473758080043, 129.04485424770974, 129.04485424770974, 124.4358525807038, 124.4358525807038, 119.82345724757761, 119.82345724757761, 115.2076830395963, 115.2076830395963, 110.60045291460119, 110.60045291460119, 105.98308995668776, 105.98308995668776, 101.36432987381704, 101.36432987381704, 96.74736624886282, 96.74736624886282, 92.13786966493353, 92.13786966493353, 87.52524245600216, 87.52524245600216, 82.90980328898877, 82.90980328898877, 78.29228516411968, 78.29228516411968, 73.67973662214354, 73.67973662214354, 69.0645924131386, 69.0645924131386, 64.45328958029859, 64.45328958029859, 59.83558353828266, 59.83558353828266, 55.22597328829579, 55.22597328829579], "b_time_left": [240, 235.38629783294164, 235.38629783294164, 230.7728002499789, 230.7728002499789, 226.14992237486877, 226.14992237486877, 221.53549616667442, 221.53549616667442, 216.91763283358887, 216.91763283358887, 212.30639966670424, 212.30639966670424, 207.67347425082698, 207.67347425082698, 203.05359370890073, 203.05359370890073, 198.44629266671836, 198.44629266671836, 193.83044208376668, 193.83044208376668, 189.20734562468715, 189.20734562468715, 184.5827261665836, 184.5827261665836, 179.96974541665986, 179.96974541665986, 175.3506399586331, 175.3506399586331, 170.73347025061958, 170.73347025061958, 165.9698103335686, 165.9698103335686, 161.3056953754276, 161.3056953754276, 156.69174341741018, 156.69174341741018, 152.08391008432955, 152.08391008432955, 147.4630805843044, 147.4630805843044, 142.84429050120525, 142.84429050120525, 138.23179379315116, 138.23179379315116, 133.61224091798067, 133.61224091798067, 128.9969482519664, 128.9969482519664, 124.38812750205398, 124.38812750205398, 119.77474966901354, 119.77474966901354, 115.16468641906977, 115.16468641906977, 110.554006252205, 110.554006252205, 105.94522721134126, 105.94522721134126, 101.33417666936293, 101.33417666936293, 96.71911637741141, 96.71911637741141, 92.10582550242543, 92.10582550242543, 87.4949904193636, 87.4949904193636, 82.88234075228684, 82.88234075228684, 78.2739794193767, 78.2739794193767, 73.65906271152198, 73.65906271152198, 69.04828162747435, 69.04828162747435, 64.43321879464202, 64.43321879464202, 59.82216825266369, 59.82216825266369, 55.213226835476235], "rat_caught": [false, false, false, false, false, false, false, false, false, false, false, false, false, false, false, false, false, false, false, false, false, false, false, false, false, false, false, false, false, false, false, false, false, false, false, false, false, false, false, false, false, false, false, false, true, false, false, false, false, false, false, false, false, false, false, false, false, false, false, false, false, true, false, false, false, false, false, false, true, false, false, false, true, false, false, false, false, false, false, true], "left_behind": ["prime", "plain", "plain", "prime", "plain", "prime", "prime", "prime", "carpet", "prime", "plain", "prime", "plain", "prime", "prime", "prime", "carpet", "carpet", "plain", "carpet", "prime", "plain", "prime", "prime", "prime", "prime", "prime", "prime", "prime", "prime", "carpet", "prime", "plain", "prime", "prime", "carpet", "prime", "carpet", "prime", "search", "prime", "plain", "prime", "prime", "search", "prime", "prime", "prime", "prime", "prime", "plain", "carpet", "carpet", "carpet", "carpet", "carpet", "plain", "plain", "plain", "plain", "plain", "search", "plain", "plain", "plain", "plain", "prime", "plain", "search", "plain", "carpet", "plain", "search", "plain", "plain", "search", "prime", "carpet", "prime", "search"], "errlog_a": "turns=40, last_best_rat_prob=0.322, last_search_target=(0, 7), last_eval=407.11, last_depth=154, search_miss_streak=0, search_gain=-1000000002.50, board_gain=-38.37, opp_threat=0.00, opp_setup_threat=0.35, search_threshold=0.620", "errlog_b": "turns=40, last_best_rat_prob=0.732, last_search_target=(0, 7), last_eval=18.36, last_depth=1188, search_miss_streak=1, search_gain=18.36, board_gain=4.84, opp_threat=2.00, opp_setup_threat=2.00, search_threshold=0.490", "start_time": 240, "start_moves": 80, "turn_count": 80, "result": 0, "reason": "POINTS", "trapdoors": [[4, 6], [4, 6], [4, 6], [4, 6], [4, 6], [5, 6], [5, 6], [5, 5], [5, 5], [5, 5], [5, 4], [5, 4], [5, 4], [5, 5], [5, 5], [5, 5], [5, 4], [5, 4], [4, 4], [4, 4], [4, 3], [4, 3], [5, 3], [5, 3], [6, 3], [6, 3], [6, 3], [7, 3], [7, 3], [7, 2], [7, 1], [7, 0], [7, 0], [7, 0], [7, 0], [6, 0], [6, 0], [5, 0], [5, 0], [5, 0], [4, 0], [4, 0], [5, 0], [5, 0], [5, 1], [0, 4], [0, 4], [0, 4], [0, 4], [0, 3], [1, 3], [1, 4], [1, 3], [1, 3], [1, 3], [1, 3], [1, 3], [1, 2], [1, 2], [1, 2], [1, 2], [1, 2], [2, 6], [2, 6], [2, 6], [2, 6], [2, 6], [2, 7], [3, 7], [6, 4], [6, 3], [5, 3], [5, 3], [1, 7], [1, 7], [1, 7], [1, 7], [1, 7], [0, 7], [0, 7], [4, 5]], "spawn_a": [2, 4], "spawn_b": [5, 4]}