{"pos": [[2, 3], [4, 2], [2, 2], [4, 3], [2, 3], [5, 3], [4, 3], [5, 4], [4, 4], [6, 4], [4, 5], [7, 4], [4, 4], [5, 4], [3, 4], [5, 5], [2, 4], [5, 4], [4, 4], [5, 4], [3, 4], [5, 5], [3, 5], [5, 6], [3, 6], [5, 7], [2, 6], [4, 7], [2, 5], [4, 6], [1, 5], [5, 6], [1, 4], [2, 6], [2, 4], [3, 6], [2, 3], [3, 7], [1, 3], [2, 7], [0, 3], [2, 6], [2, 3], [2, 4], [1, 3], [2, 4], [1, 2], [3, 4], [0, 2], [3, 5], [2, 2], [2, 5], [3, 2], [4, 5], [2, 2], [4, 5], [4, 2], [5, 5], [5, 2], [5, 6], [5, 2], [5, 5], [5, 1], [5, 4], [5, 0], [5, 1], [4, 0], [4, 1], [4, 0], [3, 1], [4, 0], [3, 0], [4, 0], [3, 1], [3, 0], [3, 2], [4, 0], [3, 2], [3, 0], [4, 2]], "a_points": [1, 1, 1, 1, 2, 2, 4, 4, 4, 4, 4, 4, 5, 5, 6, 6, 7, 7, 9, 9, 9, 9, 9, 9, 9, 9, 10, 10, 11, 11, 12, 12, 13, 13, 14, 14, 15, 15, 16, 16, 17, 17, 19, 19, 19, 19, 19, 19, 20, 20, 22, 22, 22, 22, 23, 23, 25, 25, 25, 25, 29, 29, 30, 30, 31, 31, 32, 32, 30, 30, 28, 28, 26, 26, 25, 25, 25, 25, 26, 26], "b_points": [0, 0, 0, 1, 1, 2, 2, 3, 3, 4, 4, 5, 5, 7, 7, 7, 7, 7, 7, 11, 11, 11, 11, 11, 11, 11, 11, 12, 12, 13, 13, 14, 14, 18, 18, 18, 18, 18, 18, 19, 19, 20, 20, 22, 22, 26, 26, 26, 26, 26, 26, 27, 27, 29, 29, 33, 33, 33, 33, 33, 33, 34, 34, 35, 35, 39, 39, 39, 39, 40, 40, 40, 40, 41, 41, 42, 42, 40, 40, 40], "a_turns_left": [39, 39, 38, 38, 37, 37, 36, 36, 35, 35, 34, 34, 33, 33, 32, 32, 31, 31, 30, 30, 29, 29, 28, 28, 27, 27, 26, 26, 25, 25, 24, 24, 23, 23, 22, 22, 21, 21, 20, 20, 19, 19, 18, 18, 17, 17, 16, 16, 15, 15, 14, 14, 13, 13, 12, 12, 11, 11, 10, 10, 9, 9, 8, 8, 7, 7, 6, 6, 5, 5, 4, 4, 3, 3, 2, 2, 1, 1, 0, 0], "b_turns_left": [40, 39, 39, 38, 38, 37, 37, 36, 36, 35, 35, 34, 34, 33, 33, 32, 32, 31, 31, 30, 30, 29, 29, 28, 28, 27, 27, 26, 26, 25, 25, 24, 24, 23, 23, 22, 22, 21, 21, 20, 20, 19, 19, 18, 18, 17, 17, 16, 16, 15, 15, 14, 14, 13, 13, 12, 12, 11, 11, 10, 10, 9, 9, 8, 8, 7, 7, 6, 6, 5, 5, 4, 4, 3, 3, 2, 2, 1, 1, 0], "a_time_left": [235.38992266589776, 235.38992266589776, 230.77564454078674, 230.77564454078674, 226.15823483187705, 226.15823483187705, 221.5449958317913, 221.5449958317913, 216.88334187399596, 216.88334187399596, 212.2730708741583, 212.2730708741583, 207.63785916520283, 207.63785916520283, 202.72809229022823, 202.72809229022823, 198.10308262333274, 198.10308262333274, 193.46498220739886, 193.46498220739886, 188.83345924830064, 188.83345924830064, 184.22160437330604, 184.22160437330604, 179.60917558241636, 179.60917558241636, 174.97420045756735, 174.97420045756735, 170.354334624717, 170.354334624717, 165.7293213326484, 165.7293213326484, 161.1091536236927, 161.1091536236927, 156.48392316466197, 156.48392316466197, 151.87114320672117, 151.87114320672117, 147.25720895663835, 147.25720895663835, 142.64185249758884, 142.64185249758884, 138.01473308168352, 138.01473308168352, 133.39286399865523, 133.39286399865523, 128.78115970664658, 128.78115970664658, 124.16754441452213, 124.16754441452213, 119.54657203960232, 119.54657203960232, 114.89990662364289, 114.89990662364289, 110.2757603325881, 110.2757603325881, 105.65101866563782, 105.65101866563782, 101.0291538327001, 101.0291538327001, 96.412995665567, 96.412995665567, 91.78986095753498, 91.78986095753498, 87.1721885825973, 87.1721885825973, 82.54756358265877, 82.54756358265877, 77.92834508279338, 77.92834508279338, 73.30848812381737, 73.30848812381737, 68.69643608178012, 68.69643608178012, 64.08647762378678, 64.08647762378678, 59.40089583187364, 59.40089583187364, 54.792701289989054, 54.792701289989054], "b_time_left": [240, 235.3866921251174, 235.3866921251174, 230.77491716621444, 230.77491716621444, 226.15988287422806, 226.15988287422806, 221.53896524920128, 221.53896524920128, 216.9210631661117, 216.9210631661117, 212.31056874920614, 212.31056874920614, 207.68861491512507, 207.68861491512507, 203.06889183213934, 203.06889183213934, 198.44869008217938, 198.44869008217938, 193.81233358196914, 193.81233358196914, 189.1999802479986, 189.1999802479986, 184.58548870612867, 184.58548870612867, 179.97009199811146, 179.97009199811146, 175.35278283106163, 175.35278283106163, 170.7342482060194, 170.7342482060194, 166.10916578909382, 166.10916578909382, 161.47907328908332, 161.47907328908332, 156.86037649703212, 156.86037649703212, 152.2433292469941, 152.2433292469941, 147.6158709549345, 147.6158709549345, 142.99772007996216, 142.99772007996216, 138.37511812103912, 138.37511812103912, 133.75851287087426, 133.75851287087426, 129.14522812096402, 129.14522812096402, 124.52848624577746, 124.52848624577746, 119.91862449562177, 119.91862449562177, 115.28412116249092, 115.28412116249092, 110.66669953730889, 110.66669953730889, 106.04152416228317, 106.04152416228317, 101.41380557930097, 101.41380557930097, 96.79814391210675, 96.79814391210675, 92.17216745321639, 92.17216745321639, 87.53949149535038, 87.53949149535038, 82.92868157825433, 82.92868157825433, 78.31253682821989, 78.31253682821989, 73.69743362022564, 73.69743362022564, 69.09140666224994, 69.09140666224994, 64.46273270435631, 64.46273270435631, 59.844956412445754, 59.844956412445754, 55.23813803726807], "rat_caught": [false, false, false, false, false, false, false, false, false, false, false, false, false, false, false, false, false, false, false, true, false, false, false, false, false, false, false, false, false, false, false, false, false, false, false, false, false, false, false, false, false, false, false, false, false, true, false, false, false, false, false, false, false, false, false, true, false, false, false, false, true, false, false, false, false, false, false, false, false, false, false, false, false, false, false, false, false, false, false, false], "left_behind": ["prime", "plain", "plain", "prime", "prime", "prime", "carpet", "prime", "plain", "prime", "plain", "prime", "prime", "carpet", "prime", "plain", "prime", "plain", "carpet", "search", "plain", "plain", "plain", "plain", "plain", "plain", "prime", "prime", "prime", "prime", "prime", "prime", "prime", "carpet", "prime", "plain", "prime", "plain", "prime", "prime", "prime", "prime", "carpet", "carpet", "plain", "search", "plain", "plain", "prime", "plain", "carpet", "prime", "plain", "carpet", "prime", "search", "carpet", "plain", "plain", "plain", "search", "prime", "prime", "prime", "prime", "carpet", "prime", "plain", "search", "prime", "search", "plain", "search", "prime", "carpet", "prime", "plain", "search", "prime", "plain"], "errlog_a": "turns=40, last_best_rat_prob=0.269, last_search_target=(5, 5), last_eval=-330.68, last_depth=201, search_miss_streak=3, search_gain=-1000000024.50, board_gain=-72.25, opp_threat=0.00, opp_setup_threat=0.00, search_threshold=0.480", "errlog_b": "turns=40, last_best_rat_prob=0.387, last_search_target=(4, 6), last_eval=413.25, last_depth=902, search_miss_streak=1, search_gain=-1000000000.00, board_gain=16.90, opp_threat=2.00, opp_setup_threat=2.00, search_threshold=0.640", "start_time": 240, "start_moves": 80, "turn_count": 80, "result": 1, "reason": "POINTS", "trapdoors": [[1, 4], [1, 4], [0, 4], [0, 5], [0, 6], [1, 6], [1, 7], [0, 7], [1, 7], [1, 7], [2, 7], [2, 7], [3, 7], [4, 7], [4, 7], [4, 7], [5, 7], [6, 7], [6, 6], [6, 5], [1, 5], [1, 5], [2, 5], [1, 5], [1, 5], [1, 5], [1, 5], [1, 5], [1, 5], [1, 5], [1, 5], [1, 5], [1, 5], [1, 5], [0, 5], [0, 5], [0, 5], [0, 5], [0, 5], [0, 6], [1, 6], [1, 6], [1, 6], [1, 6], [1, 6], [2, 6], [5, 3], [5, 3], [5, 4], [5, 4], [5, 5], [5, 5], [5, 4], [5, 4], [5, 4], [5, 3], [3, 3], [3, 3], [4, 3], [5, 3], [5, 3], [0, 4], [0, 5], [0, 5], [0, 6], [1, 6], [2, 6], [2, 6], [3, 6], [3, 6], [3, 6], [3, 6], [3, 6], [3, 6], [3, 6], [3, 5], [3, 6], [3, 6], [3, 6], [4, 6], [4, 6]], "spawn_a": [3, 3], "spawn_b": [4, 3]}