{"pos": [[2, 4], [5, 4], [2, 3], [5, 4], [2, 2], [5, 3], [2, 1], [5, 2], [2, 0], [5, 1], [2, 5], [5, 0], [3, 5], [5, 5], [3, 4], [5, 5], [3, 4], [5, 6], [3, 3], [4, 6], [3, 2], [4, 5], [3, 1], [4, 4], [3, 4], [4, 3], [3, 3], [4, 6], [3, 3], [3, 6], [3, 4], [3, 7], [3, 6], [4, 7], [3, 5], [5, 7], [2, 5], [3, 7], [1, 5], [3, 6], [1, 4], [3, 5], [1, 3], [3, 4], [1, 3], [3, 3], [1, 2], [4, 3], [1, 5], [4, 2], [0, 5], [4, 1], [0, 4], [4, 0], [0, 3], [5, 0], [0, 2], [4, 0], [1, 2], [3, 0], [2, 2], [2, 0], [0, 2], [5, 0], [0, 2], [4, 0], [0, 5], [4, 3], [1, 5], [4, 4], [1, 5], [4, 4], [2, 5], [4, 4], [1, 5], [3, 4], [2, 5], [2, 4], [2, 5], [3, 4]], "a_points": [1, 1, 2, 2, 3, 3, 4, 4, 5, 5, 15, 15, 15, 15, 16, 16, 20, 20, 21, 21, 22, 22, 23, 23, 27, 27, 27, 27, 31, 31, 31, 31, 33, 33, 33, 33, 33, 33, 33, 33, 34, 34, 35, 35, 39, 39, 40, 40, 44, 44, 44, 44, 45, 45, 46, 46, 47, 47, 48, 48, 49, 49, 51, 51, 55, 55, 59, 59, 59, 59, 57, 57, 57, 57, 57, 57, 57, 57, 61, 61], "b_points": [0, 1, 1, -1, -1, 0, 0, 1, 1, 2, 2, 3, 3, 13, 13, 11, 11, 11, 11, 12, 12, 13, 13, 14, 14, 15, 15, 19, 19, 19, 19, 20, 20, 21, 21, 22, 22, 24, 24, 24, 24, 24, 24, 24, 24, 24, 24, 24, 24, 25, 25, 26, 26, 27, 27, 27, 27, 28, 28, 29, 29, 30, 30, 34, 34, 34, 34, 38, 38, 38, 38, 36, 36, 34, 34, 34, 34, 34, 34, 34], "a_turns_left": [39, 39, 38, 38, 37, 37, 36, 36, 35, 35, 34, 34, 33, 33, 32, 32, 31, 31, 30, 30, 29, 29, 28, 28, 27, 27, 26, 26, 25, 25, 24, 24, 23, 23, 22, 22, 21, 21, 20, 20, 19, 19, 18, 18, 17, 17, 16, 16, 15, 15, 14, 14, 13, 13, 12, 12, 11, 11, 10, 10, 9, 9, 8, 8, 7, 7, 6, 6, 5, 5, 4, 4, 3, 3, 2, 2, 1, 1, 0, 0], "b_turns_left": [40, 39, 39, 38, 38, 37, 37, 36, 36, 35, 35, 34, 34, 33, 33, 32, 32, 31, 31, 30, 30, 29, 29, 28, 28, 27, 27, 26, 26, 25, 25, 24, 24, 23, 23, 22, 22, 21, 21, 20, 20, 19, 19, 18, 18, 17, 17, 16, 16, 15, 15, 14, 14, 13, 13, 12, 12, 11, 11, 10, 10, 9, 9, 8, 8, 7, 7, 6, 6, 5, 5, 4, 4, 3, 3, 2, 2, 1, 1, 0], "a_time_left": [236.30099683301523, 236.30099683301523, 232.5959980408661, 232.5959980408661, 228.89872491569258, 228.89872491569258, 225.19340037368238, 225.19340037368238, 221.48905929084867, 221.48905929084867, 217.79844658263028, 217.79844658263028, 214.10205608257093, 214.10205608257093, 210.40727716661058, 210.40727716661058, 206.70689633348957, 206.70689633348957, 203.00703620840795, 203.00703620840795, 199.30099883349612, 199.30099883349612, 195.60659095854498, 195.60659095854498, 191.90734404162504, 191.90734404162504, 188.20872333366424, 188.20872333366424, 184.51163500058465, 184.51163500058465, 180.82049920945428, 180.82049920945428, 177.12367341830395, 177.12367341830395, 173.42727450234815, 173.42727450234815, 169.73262054426596, 169.73262054426596, 166.0451542113442, 166.0451542113442, 162.33969833632, 162.33969833632, 158.64265083614737, 158.64265083614737, 154.937293919269, 154.937293919269, 151.224451669259, 151.224451669259, 147.52238121023402, 147.52238121023402, 143.82913441839628, 143.82913441839628, 140.13335983431898, 140.13335983431898, 136.44374454347417, 136.44374454347417, 132.7489190013148, 132.7489190013148, 129.05305883544497, 129.05305883544497, 125.35540866851807, 125.35540866851807, 121.66415912751108, 121.66415912751108, 117.9709698355291, 117.9709698355291, 114.27155437762849, 114.27155437762849, 110.58320162747987, 110.58320162747987, 106.89062621048652, 106.89062621048652, 103.20014216937125, 103.20014216937125, 99.50830933544785, 99.50830933544785, 95.82058737752959, 95.82058737752959, 92.133935544407, 92.133935544407], "b_time_left": [240, 235.37649591686204, 235.37649591686204, 230.74457625090145, 230.74457625090145, 226.12717175087892, 226.12717175087892, 221.50670704292133, 221.50670704292133, 216.88694820995443, 216.88694820995443, 212.2587202519644, 212.2587202519644, 207.62563450215384, 207.62563450215384, 203.0103016269859, 203.0103016269859, 198.3909368349705, 198.3909368349705, 193.7733602100052, 193.7733602100052, 189.15226004389115, 189.15226004389115, 184.53237704373896, 184.53237704373896, 179.91673129377887, 179.91673129377887, 175.29636833583936, 175.29636833583936, 170.6840161269065, 170.6840161269065, 166.05195612693205, 166.05195612693205, 161.43948045978323, 161.43948045978323, 156.8243592097424, 156.8243592097424, 152.21281950175762, 152.21281950175762, 147.6015189178288, 147.6015189178288, 142.98488516779616, 142.98488516779616, 138.37745712697506, 138.37745712697506, 133.75220325193368, 133.75220325193368, 129.144376876764, 129.144376876764, 124.52314933482558, 124.52314933482558, 119.90583195979707, 119.90583195979707, 115.2886044178158, 115.2886044178158, 110.67181283491664, 110.67181283491664, 106.05928216781467, 106.05928216781467, 101.44275612570345, 101.44275612570345, 96.82555937580764, 96.82555937580764, 92.20210341690108, 92.20210341690108, 87.58592479210347, 87.58592479210347, 82.97204308398068, 82.97204308398068, 78.36001812503673, 78.36001812503673, 73.74527908302844, 73.74527908302844, 69.1342236250639, 69.1342236250639, 64.51010700012557, 64.51010700012557, 59.89753212523647, 59.89753212523647, 55.292223166208714], "rat_caught": [false, false, false, false, false, false, false, false, false, false, false, false, false, false, false, false, true, false, false, false, false, false, false, false, false, false, false, false, true, false, false, false, false, false, false, false, false, false, false, false, false, false, false, false, true, false, false, false, false, false, false, false, false, false, false, false, false, false, false, false, false, false, false, false, true, false, false, false, false, false, false, false, false, false, false, false, false, false, true, false], "left_behind": ["prime", "prime", "prime", "search", "prime", "prime", "prime", "prime", "prime", "prime", "carpet", "prime", "plain", "carpet", "prime", "search", "search", "plain", "prime", "prime", "prime", "prime", "prime", "prime", "carpet", "prime", "plain", "carpet", "search", "plain", "plain", "prime", "carpet", "prime", "plain", "prime", "plain", "carpet", "plain", "plain", "prime", "plain", "prime", "plain", "search", "plain", "prime", "plain", "carpet", "prime", "plain", "prime", "prime", "prime", "prime", "plain", "prime", "prime", "prime", "prime", "prime", "prime", "carpet", "carpet", "search", "plain", "carpet", "carpet", "plain", "plain", "search", "search", "plain", "search", "plain", "plain", "plain", "plain", "search", "plain"], "errlog_a": "turns=40, last_best_rat_prob=0.596, last_search_target=(2, 0), last_eval=22.38, last_depth=256, search_miss_streak=1, search_gain=22.38, board_gain=-25.15, opp_threat=0.00, opp_setup_threat=0.00, search_threshold=0.560", "errlog_b": "turns=40, last_best_rat_prob=0.139, last_search_target=(4, 6), last_eval=-675.16, last_depth=1295, search_miss_streak=4, search_gain=-1000000000.00, board_gain=-29.98, opp_threat=0.00, opp_setup_threat=0.00, search_threshold=0.570", "start_time": 240, "start_moves": 80, "turn_count": 80, "result": 0, "reason": "POINTS", "trapdoors": [[0, 3], [0, 3], [0, 3], [0, 3], [0, 2], [0, 2], [0, 1], [0, 1], [1, 1], [1, 1], [1, 1], [1, 0], [1, 0], [1, 0], [1, 0], [2, 0], [2, 0], [7, 6], [7, 6], [7, 6], [7, 6], [7, 6], [7, 5], [6, 5], [6, 5], [5, 5], [4, 5], [4, 4], [5, 4], [0, 4], [1, 4], [1, 5], [1, 4], [1, 4], [1, 4], [1, 4], [2, 4], [2, 4], [2, 3], [2, 3], [2, 3], [2, 3], [2, 3], [2, 3], [2, 3], [1, 4], [1, 3], [1, 3], [1, 3], [1, 3], [1, 3], [1, 3], [1, 3], [1, 2], [0, 2], [0, 2], [0, 1], [0, 1], [0, 1], [0, 0], [1, 0], [2, 0], [2, 0], [2, 0], [3, 0], [1, 2], [1, 2], [1, 2], [1, 1], [0, 1], [1, 1], [1, 0], [2, 0], [2, 0], [2, 0], [2, 0], [2, 0], [2, 0], [2, 0], [3, 6], [3, 6]], "spawn_a": [2, 5], "spawn_b": [5, 5]}