{"pos": [[3, 3], [4, 3], [3, 4], [4, 4], [2, 4], [5, 4], [4, 4], [5, 3], [4, 2], [5, 2], [4, 3], [5, 1], [5, 3], [4, 1], [4, 3], [3, 1], [4, 3], [3, 0], [3, 3], [3, 2], [2, 3], [2, 2], [2, 4], [1, 2], [2, 5], [1, 3], [3, 5], [0, 3], [3, 5], [2, 3], [3, 6], [2, 5], [4, 6], [1, 5], [4, 5], [2, 5], [4, 4], [2, 5], [4, 5], [2, 4], [4, 5], [3, 4], [3, 5], [4, 4], [4, 5], [3, 4], [5, 5], [4, 4], [4, 5], [4, 3], [4, 4], [3, 3], [4, 6], [3, 3], [4, 7], [3, 2], [3, 7], [1, 2], [4, 7], [0, 2], [4, 6], [0, 3], [4, 6], [0, 4], [4, 5], [1, 4], [4, 4], [1, 3], [4, 3], [1, 3], [5, 3], [1, 5], [5, 5], [2, 5], [5, 5], [1, 5], [5, 4], [0, 5], [5, 3], [0, 2]], "a_points": [1, 1, 2, 2, 3, 3, 5, 5, 7, 7, 7, 7, 6, 6, 6, 6, 4, 4, 3, 3, 3, 3, 4, 4, 5, 5, 6, 6, 10, 10, 11, 11, 12, 12, 13, 13, 13, 13, 13, 13, 17, 17, 16, 16, 16, 16, 16, 16, 17, 17, 18, 18, 20, 20, 20, 20, 20, 20, 21, 21, 22, 22, 26, 26, 26, 26, 26, 26, 26, 26, 26, 26, 28, 28, 32, 32, 32, 32, 32, 32], "b_points": [0, 1, 1, 2, 2, 3, 3, 4, 4, 5, 5, 6, 6, 7, 7, 8, 8, 9, 9, 11, 11, 11, 11, 12, 12, 13, 13, 14, 14, 16, 16, 18, 18, 18, 18, 19, 19, 17, 17, 17, 17, 17, 17, 17, 17, 17, 17, 17, 17, 17, 17, 17, 17, 21, 21, 21, 21, 23, 23, 23, 23, 24, 24, 25, 25, 26, 26, 27, 27, 31, 31, 33, 33, 33, 33, 33, 33, 33, 33, 37], "a_turns_left": [39, 39, 38, 38, 37, 37, 36, 36, 35, 35, 34, 34, 33, 33, 32, 32, 31, 31, 30, 30, 29, 29, 28, 28, 27, 27, 26, 26, 25, 25, 24, 24, 23, 23, 22, 22, 21, 21, 20, 20, 19, 19, 18, 18, 17, 17, 16, 16, 15, 15, 14, 14, 13, 13, 12, 12, 11, 11, 10, 10, 9, 9, 8, 8, 7, 7, 6, 6, 5, 5, 4, 4, 3, 3, 2, 2, 1, 1, 0, 0], "b_turns_left": [40, 39, 39, 38, 38, 37, 37, 36, 36, 35, 35, 34, 34, 33, 33, 32, 32, 31, 31, 30, 30, 29, 29, 28, 28, 27, 27, 26, 26, 25, 25, 24, 24, 23, 23, 22, 22, 21, 21, 20, 20, 19, 19, 18, 18, 17, 17, 16, 16, 15, 15, 14, 14, 13, 13, 12, 12, 11, 11, 10, 10, 9, 9, 8, 8, 7, 7, 6, 6, 5, 5, 4, 4, 3, 3, 2, 2, 1, 1, 0], "a_time_left": [235.38183683296666, 235.38183683296666, 230.75754091702402, 230.75754091702402, 226.1200078749098, 226.1200078749098, 221.48587587475777, 221.48587587475777, 216.8729150837753, 216.8729150837753, 212.25206541689113, 212.25206541689113, 207.63099020789377, 207.63099020789377, 202.97930670785718, 202.97930670785718, 198.35278270789422, 198.35278270789422, 193.6403500828892, 193.6403500828892, 189.02948395791464, 189.02948395791464, 184.4142465419136, 184.4142465419136, 179.79046516679227, 179.79046516679227, 175.01992837479338, 175.01992837479338, 170.3768983746413, 170.3768983746413, 165.7574188746512, 165.7574188746512, 161.1408867915161, 161.1408867915161, 156.51203008345328, 156.51203008345328, 151.8975154585205, 151.8975154585205, 147.28642875049263, 147.28642875049263, 142.67155895847827, 142.67155895847827, 138.05983220832422, 138.05983220832422, 133.44354704138823, 133.44354704138823, 128.82450245833024, 128.82450245833024, 124.2168464162387, 124.2168464162387, 119.60351166618057, 119.60351166618057, 114.99117762432434, 114.99117762432434, 110.37883058330044, 110.37883058330044, 105.76264887512662, 105.76264887512662, 101.15433587506413, 101.15433587506413, 96.5434125829488, 96.5434125829488, 91.9297833328601, 91.9297833328601, 87.31284308293834, 87.31284308293834, 82.69984120805748, 82.69984120805748, 78.08675145800225, 78.08675145800225, 73.47106579085812, 73.47106579085812, 68.86015345784836, 68.86015345784836, 64.24596720794216, 64.24596720794216, 59.63629133277573, 59.63629133277573, 55.030601957812905, 55.030601957812905], "b_time_left": [240, 235.38546137488447, 235.38546137488447, 230.76878033275716, 230.76878033275716, 226.13284899876453, 226.13284899876453, 221.50840045674704, 221.50840045674704, 216.8794534567278, 216.8794534567278, 212.26428545662202, 212.26428545662202, 207.64443141571246, 207.64443141571246, 203.0233006235212, 203.0233006235212, 198.36291949846782, 198.36291949846782, 193.73895637341775, 193.73895637341775, 189.1252144984901, 189.1252144984901, 184.50387129047886, 184.50387129047886, 179.87182270758785, 179.87182270758785, 175.2236337494105, 175.2236337494105, 170.59802995738573, 170.59802995738573, 165.98565204022452, 165.98565204022452, 161.35707762418315, 161.35707762418315, 156.74750462407246, 156.74750462407246, 152.13055991614237, 152.13055991614237, 147.49081179103814, 147.49081179103814, 142.88184733199887, 142.88184733199887, 138.26529579097405, 138.26529579097405, 133.6471761658322, 133.6471761658322, 129.02862829063088, 129.02862829063088, 124.41874687350355, 124.41874687350355, 119.81099891546182, 119.81099891546182, 115.18383399955928, 115.18383399955928, 110.56431158259511, 110.56431158259511, 105.95725833252072, 105.95725833252072, 101.34642320754938, 101.34642320754938, 96.73117224941961, 96.73117224941961, 92.1130779152736, 92.1130779152736, 87.50638558226638, 87.50638558226638, 82.88459804141894, 82.88459804141894, 78.2687712085899, 78.2687712085899, 73.64495245856233, 73.64495245856233, 69.03806075057946, 69.03806075057946, 64.42480625049211, 64.42480625049211, 59.81938816746697, 59.81938816746697, 55.21468245959841], "rat_caught": [false, false, false, false, false, false, false, false, false, false, false, false, false, false, false, false, false, false, false, false, false, false, false, false, false, false, false, false, true, false, false, false, false, false, false, false, false, false, false, false, true, false, false, false, false, false, false, false, false, false, false, false, false, true, false, false, false, false, false, false, false, false, true, false, false, false, false, false, false, true, false, false, false, false, true, false, false, false, false, false], "left_behind": ["prime", "prime", "prime", "prime", "prime", "prime", "carpet", "prime", "carpet", "prime", "plain", "prime", "carpet", "prime", "plain", "prime", "search", "prime", "carpet", "carpet", "plain", "plain", "prime", "prime", "prime", "prime", "prime", "prime", "search", "carpet", "prime", "carpet", "prime", "plain", "prime", "prime", "plain", "search", "plain", "plain", "search", "plain", "carpet", "plain", "plain", "plain", "plain", "plain", "prime", "plain", "prime", "plain", "carpet", "search", "plain", "plain", "plain", "carpet", "prime", "plain", "prime", "prime", "search", "prime", "plain", "prime", "plain", "prime", "plain", "search", "plain", "carpet", "carpet", "plain", "search", "plain", "plain", "plain", "plain", "carpet"], "errlog_a": "turns=40, last_best_rat_prob=0.443, last_search_target=(3, 0), last_eval=-21.09, last_depth=187, search_miss_streak=0, search_gain=-1000000004.00, board_gain=-28.44, opp_threat=4.00, opp_setup_threat=4.00, search_threshold=0.460", "errlog_b": "turns=40, last_best_rat_prob=0.161, last_search_target=(3, 1), last_eval=29.26, last_depth=869, search_miss_streak=0, search_gain=-1000000000.00, board_gain=-65.63, opp_threat=2.00, opp_setup_threat=1.20, search_threshold=0.530", "start_time": 240, "start_moves": 80, "turn_count": 80, "result": 1, "reason": "POINTS", "trapdoors": [[6, 4], [6, 5], [6, 5], [6, 5], [6, 5], [6, 5], [6, 5], [6, 5], [6, 6], [6, 5], [6, 5], [6, 5], [5, 5], [5, 5], [5, 5], [4, 5], [4, 4], [4, 4], [4, 4], [4, 4], [4, 4], [4, 4], [4, 4], [4, 5], [5, 5], [4, 5], [4, 5], [4, 5], [4, 5], [0, 0], [0, 1], [0, 1], [0, 2], [0, 3], [0, 3], [0, 2], [0, 2], [0, 2], [0, 2], [1, 2], [1, 2], [5, 3], [5, 3], [5, 4], [5, 4], [5, 5], [5, 5], [4, 5], [4, 5], [4, 5], [4, 5], [5, 5], [5, 5], [5, 5], [6, 4], [6, 4], [6, 4], [6, 4], [6, 4], [6, 4], [6, 4], [6, 5], [6, 5], [1, 5], [1, 5], [1, 5], [1, 4], [1, 4], [1, 4], [1, 4], [1, 7], [1, 7], [2, 7], [1, 7], [1, 7], [0, 0], [1, 0], [2, 0], [3, 0], [3, 0], [3, 1]], "spawn_a": [3, 2], "spawn_b": [4, 2]}