{"pos": [[3, 3], [4, 3], [3, 4], [5, 3], [4, 4], [2, 3], [4, 5], [2, 2], [4, 6], [3, 2], [4, 6], [4, 2], [4, 7], [4, 2], [4, 4], [5, 2], [3, 4], [2, 2], [3, 5], [2, 1], [3, 6], [3, 1], [3, 6], [4, 1], [3, 7], [5, 1], [3, 4], [5, 2], [4, 4], [5, 3], [5, 4], [5, 1], [6, 4], [2, 1], [6, 4], [2, 1], [6, 3], [2, 0], [7, 3], [3, 0], [6, 3], [3, 0], [5, 3], [4, 0], [4, 3], [4, 0], [7, 3], [5, 0], [7, 4], [2, 0], [7, 5], [2, 1], [6, 5], [2, 1], [5, 5], [2, 2], [5, 5], [1, 2], [4, 5], [1, 3], [7, 5], [1, 4], [7, 4], [2, 4], [5, 4], [3, 4], [4, 4], [3, 4], [4, 5], [3, 4], [4, 5], [1, 4], [3, 5], [1, 2], [2, 5], [1, 2], [2, 5], [1, 2], [2, 4], [2, 2]], "a_points": [1, 1, 2, 2, 2, 2, 3, 3, 4, 4, 8, 8, 9, 9, 13, 13, 13, 13, 14, 14, 15, 15, 13, 13, 14, 14, 18, 18, 18, 18, 18, 18, 19, 19, 17, 17, 18, 18, 18, 18, 19, 19, 20, 20, 21, 21, 25, 25, 25, 25, 26, 26, 27, 27, 28, 28, 32, 32, 33, 33, 37, 37, 36, 36, 38, 38, 38, 38, 38, 38, 42, 42, 42, 42, 42, 42, 40, 40, 41, 41], "b_points": [0, 0, 0, 1, 1, 5, 5, 5, 5, 6, 6, 7, 7, 11, 11, 12, 12, 16, 16, 16, 16, 17, 17, 18, 18, 19, 19, 20, 20, 21, 21, 23, 23, 27, 27, 31, 31, 31, 31, 32, 32, 30, 30, 31, 31, 35, 35, 36, 36, 40, 40, 40, 40, 44, 44, 44, 44, 44, 44, 45, 45, 46, 46, 47, 47, 48, 48, 46, 46, 44, 44, 46, 46, 48, 48, 46, 46, 50, 50, 50], "a_turns_left": [39, 39, 38, 38, 37, 37, 36, 36, 35, 35, 34, 34, 33, 33, 32, 32, 31, 31, 30, 30, 29, 29, 28, 28, 27, 27, 26, 26, 25, 25, 24, 24, 23, 23, 22, 22, 21, 21, 20, 20, 19, 19, 18, 18, 17, 17, 16, 16, 15, 15, 14, 14, 13, 13, 12, 12, 11, 11, 10, 10, 9, 9, 8, 8, 7, 7, 6, 6, 5, 5, 4, 4, 3, 3, 2, 2, 1, 1, 0, 0], "b_turns_left": [40, 39, 39, 38, 38, 37, 37, 36, 36, 35, 35, 34, 34, 33, 33, 32, 32, 31, 31, 30, 30, 29, 29, 28, 28, 27, 27, 26, 26, 25, 25, 24, 24, 23, 23, 22, 22, 21, 21, 20, 20, 19, 19, 18, 18, 17, 17, 16, 16, 15, 15, 14, 14, 13, 13, 12, 12, 11, 11, 10, 10, 9, 9, 8, 8, 7, 7, 6, 6, 5, 5, 4, 4, 3, 3, 2, 2, 1, 1, 0], "a_time_left": [236.3050360828638, 236.3050360828638, 232.60415745782666, 232.60415745782666, 228.90369541570544, 228.90369541570544, 225.21256529074162, 225.21256529074162, 221.51157658267766, 221.51157658267766, 217.8057705827523, 217.8057705827523, 214.1061257077381, 214.1061257077381, 210.40062612365, 210.40062612365, 206.70276891556568, 206.70276891556568, 203.00266837445088, 203.00266837445088, 199.30374658224173, 199.30374658224173, 195.59548491542228, 195.59548491542228, 191.89899849845096, 191.89899849845096, 188.20639820653014, 188.20639820653014, 184.50591420661658, 184.50591420661658, 180.8025120815728, 180.8025120815728, 177.09979704068974, 177.09979704068974, 173.39693616563454, 173.39693616563454, 169.6937621657271, 169.6937621657271, 165.9947890827898, 165.9947890827898, 162.29886099975556, 162.29886099975556, 158.591088374611, 158.591088374611, 154.8754782907199, 154.8754782907199, 151.17429395765066, 151.17429395765066, 147.4744138326496, 147.4744138326496, 143.75999733270146, 143.75999733270146, 140.0477077907417, 140.0477077907417, 136.3564389157109, 136.3564389157109, 132.6555987908505, 132.6555987908505, 128.9571993330028, 128.9571993330028, 125.26020725001581, 125.26020725001581, 121.57479283306748, 121.57479283306748, 117.87894233316183, 117.87894233316183, 114.17769595817663, 114.17769595817663, 110.48876962414943, 110.48876962414943, 106.79109183209948, 106.79109183209948, 103.1011345400475, 103.1011345400475, 99.41262829001062, 99.41262829001062, 95.72015116503462, 95.72015116503462, 92.02586508099921, 92.02586508099921], "b_time_left": [240, 235.38435441697948, 235.38435441697948, 230.76918937591836, 230.76918937591836, 226.14730887580663, 226.14730887580663, 221.53658666694537, 221.53658666694537, 216.91123066702858, 216.91123066702858, 212.28549570892937, 212.28549570892937, 207.66448412602767, 207.66448412602767, 203.05142045905814, 203.05142045905814, 198.43322429223917, 198.43322429223917, 193.8141579593066, 193.8141579593066, 189.2004902502522, 189.2004902502522, 184.57786529231817, 184.57786529231817, 179.95881170826033, 179.95881170826033, 175.3327000422869, 175.3327000422869, 170.71160183427855, 170.71160183427855, 166.09693408431485, 166.09693408431485, 161.4785114172846, 161.4785114172846, 156.85660462547094, 156.85660462547094, 152.2442615844775, 152.2442615844775, 147.61929654236883, 147.61929654236883, 142.98292508441955, 142.98292508441955, 138.3641386674717, 138.3641386674717, 133.74068725155666, 133.74068725155666, 129.1106070857495, 129.1106070857495, 124.48213587654755, 124.48213587654755, 119.86285975156352, 119.86285975156352, 115.24174404260702, 115.24174404260702, 110.6231410424225, 110.6231410424225, 106.0054106253665, 106.0054106253665, 101.39214504230767, 101.39214504230767, 96.76775395823643, 96.76775395823643, 92.15201562526636, 92.15201562526636, 87.5441675002221, 87.5441675002221, 82.9156372922007, 82.9156372922007, 78.2987799171824, 78.2987799171824, 73.68833033321425, 73.68833033321425, 69.07160024926998, 69.07160024926998, 64.4495604573749, 64.4495604573749, 59.83908616541885, 59.83908616541885, 55.23034687433392], "rat_caught": [false, false, false, false, false, false, false, false, false, false, true, false, false, true, false, false, false, false, false, false, false, false, false, false, false, false, false, false, false, false, false, false, false, false, false, true, false, false, false, false, false, false, false, false, false, true, false, false, false, false, false, false, false, true, false, false, true, false, false, false, false, false, false, false, false, false, false, false, false, false, true, false, false, false, false, false, false, true, false, false], "left_behind": ["prime", "plain", "prime", "prime", "plain", "carpet", "prime", "plain", "prime", "prime", "search", "prime", "prime", "search", "carpet", "prime", "plain", "carpet", "prime", "plain", "prime", "prime", "search", "prime", "prime", "prime", "carpet", "prime", "plain", "prime", "plain", "carpet", "prime", "carpet", "search", "search", "prime", "plain", "plain", "prime", "prime", "search", "prime", "prime", "prime", "search", "carpet", "prime", "plain", "carpet", "prime", "plain", "prime", "search", "prime", "plain", "search", "plain", "prime", "prime", "carpet", "prime", "carpet", "prime", "carpet", "prime", "plain", "search", "plain", "search", "search", "carpet", "plain", "carpet", "plain", "search", "search", "search", "prime", "plain"], "errlog_a": "turns=40, last_best_rat_prob=0.194, last_search_target=(3, 7), last_eval=-142.80, last_depth=115, search_miss_streak=1, search_gain=-1000000010.00, board_gain=-36.24, opp_threat=0.00, opp_setup_threat=0.35, search_threshold=0.480", "errlog_b": "turns=40, last_best_rat_prob=0.221, last_search_target=(2, 7), last_eval=231.60, last_depth=1012, search_miss_streak=0, search_gain=-1000000000.00, board_gain=17.36, opp_threat=0.00, opp_setup_threat=0.00, search_threshold=0.580", "start_time": 240, "start_moves": 80, "turn_count": 80, "result": 1, "reason": "POINTS", "trapdoors": [[1, 4], [1, 4], [1, 5], [1, 5], [1, 5], [2, 5], [2, 5], [2, 5], [2, 5], [2, 5], [2, 6], [3, 3], [3, 3], [3, 3], [1, 4], [1, 4], [1, 4], [1, 5], [1, 6], [1, 6], [1, 7], [2, 7], [2, 7], [3, 7], [3, 7], [3, 7], [3, 7], [4, 7], [4, 7], [5, 7], [5, 7], [5, 7], [5, 6], [5, 5], [5, 4], [5, 4], [2, 1], [2, 2], [2, 2], [2, 2], [2, 1], [2, 1], [2, 1], [2, 2], [2, 2], [2, 2], [5, 2], [5, 3], [6, 3], [6, 3], [6, 2], [6, 1], [6, 1], [6, 1], [2, 0], [2, 0], [2, 0], [2, 3], [2, 3], [2, 4], [2, 4], [1, 4], [1, 4], [1, 4], [1, 4], [1, 5], [1, 5], [1, 5], [1, 6], [1, 6], [2, 6], [6, 0], [5, 0], [5, 0], [4, 0], [4, 0], [4, 1], [4, 1], [0, 6], [0, 6], [0, 7]], "spawn_a": [2, 3], "spawn_b": [5, 3]}