{"pos": [[2, 4], [5, 4], [2, 5], [5, 5], [2, 5], [5, 6], [3, 5], [5, 7], [3, 4], [5, 3], [4, 4], [4, 3], [4, 5], [4, 3], [2, 5], [4, 2], [2, 3], [4, 1], [3, 3], [4, 0], [3, 3], [4, 4], [3, 2], [4, 4], [3, 3], [4, 5], [3, 2], [3, 5], [2, 2], [3, 3], [3, 2], [2, 3], [3, 1], [2, 3], [3, 2], [2, 3], [3, 2], [2, 2], [3, 3], [1, 2], [3, 1], [1, 3], [3, 2], [1, 4], [3, 3], [0, 4], [3, 3], [0, 5], [2, 3], [1, 5], [1, 3], [2, 5], [1, 2], [2, 6], [1, 3], [3, 6], [1, 5], [3, 6], [1, 4], [4, 6], [1, 3], [4, 6], [1, 2], [4, 7], [1, 3], [5, 7], [0, 3], [5, 7], [0, 2], [5, 6], [0, 5], [2, 6], [0, 4], [3, 6], [1, 4], [3, 6], [2, 4], [3, 6], [2, 5], [3, 7]], "a_points": [1, 1, 2, 2, 6, 6, 7, 7, 8, 8, 9, 9, 10, 10, 12, 12, 14, 14, 14, 14, 18, 18, 18, 18, 18, 18, 19, 19, 19, 19, 19, 19, 19, 19, 20, 20, 24, 24, 25, 25, 27, 27, 27, 27, 27, 27, 31, 31, 31, 31, 30, 30, 30, 30, 31, 31, 33, 33, 33, 33, 33, 33, 32, 32, 32, 32, 32, 32, 33, 33, 37, 37, 37, 37, 37, 37, 37, 37, 37, 37], "b_points": [0, 1, 1, 2, 2, 3, 3, 4, 4, 10, 10, 10, 10, 14, 14, 15, 15, 16, 16, 17, 17, 23, 23, 21, 21, 21, 21, 22, 22, 24, 24, 24, 24, 28, 28, 32, 32, 32, 32, 33, 33, 33, 33, 34, 34, 35, 35, 36, 36, 37, 37, 38, 38, 38, 38, 39, 39, 43, 43, 44, 44, 48, 48, 49, 49, 50, 50, 54, 54, 55, 55, 59, 59, 59, 59, 57, 57, 55, 55, 55], "a_turns_left": [39, 39, 38, 38, 37, 37, 36, 36, 35, 35, 34, 34, 33, 33, 32, 32, 31, 31, 30, 30, 29, 29, 28, 28, 27, 27, 26, 26, 25, 25, 24, 24, 23, 23, 22, 22, 21, 21, 20, 20, 19, 19, 18, 18, 17, 17, 16, 16, 15, 15, 14, 14, 13, 13, 12, 12, 11, 11, 10, 10, 9, 9, 8, 8, 7, 7, 6, 6, 5, 5, 4, 4, 3, 3, 2, 2, 1, 1, 0, 0], "b_turns_left": [40, 39, 39, 38, 38, 37, 37, 36, 36, 35, 35, 34, 34, 33, 33, 32, 32, 31, 31, 30, 30, 29, 29, 28, 28, 27, 27, 26, 26, 25, 25, 24, 24, 23, 23, 22, 22, 21, 21, 20, 20, 19, 19, 18, 18, 17, 17, 16, 16, 15, 15, 14, 14, 13, 13, 12, 12, 11, 11, 10, 10, 9, 9, 8, 8, 7, 7, 6, 6, 5, 5, 4, 4, 3, 3, 2, 2, 1, 1, 0], "a_time_left": [235.38840287504718, 235.38840287504718, 230.77258650003932, 230.77258650003932, 226.1578522908967, 226.1578522908967, 221.5429514569696, 221.5429514569696, 216.93213303992525, 216.93213303992525, 212.31718066474423, 212.31718066474423, 207.6979157065507, 207.6979157065507, 203.08183778938837, 203.08183778938837, 198.474075373495, 198.474075373495, 193.8627612076234, 193.8627612076234, 189.2453362494707, 189.2453362494707, 184.63403408252634, 184.63403408252634, 180.02179954038002, 180.02179954038002, 175.4046736652963, 175.4046736652963, 170.791122749215, 170.791122749215, 166.1847787082661, 166.1847787082661, 161.55152362538502, 161.55152362538502, 156.93689570948482, 156.93689570948482, 152.31817645928822, 152.31817645928822, 147.70531166833825, 147.70531166833825, 143.0917680854909, 143.0917680854909, 138.48421666957438, 138.48421666957438, 133.87539150263183, 133.87539150263183, 129.2460399607662, 129.2460399607662, 124.63422287791036, 124.63422287791036, 119.95993771101348, 119.95993771101348, 115.34885421092622, 115.34885421092622, 110.74008483602665, 110.74008483602665, 106.1316748780664, 106.1316748780664, 101.5201019202359, 101.5201019202359, 96.90990654518828, 96.90990654518828, 92.29902442009188, 92.29902442009188, 87.68670667009428, 87.68670667009428, 83.07612362806685, 83.07612362806685, 78.46274946117774, 78.46274946117774, 73.85322933620773, 73.85322933620773, 69.24174112826586, 69.24174112826586, 64.6300866692327, 64.6300866692327, 60.01636787713505, 60.01636787713505, 55.4061600852292, 55.4061600852292], "b_time_left": [240, 235.389589416096, 235.389589416096, 230.76534183323383, 230.76534183323383, 226.15338020818308, 226.15338020818308, 221.54439558298327, 221.54439558298327, 216.92182745807804, 216.92182745807804, 212.30498624918982, 212.30498624918982, 207.69017270719633, 207.69017270719633, 203.07250491529703, 203.07250491529703, 198.46057791542262, 198.46057791542262, 193.84931395738386, 193.84931395738386, 189.23525345721282, 189.23525345721282, 184.62234883219935, 184.62234883219935, 180.01118624932133, 180.01118624932133, 175.3964045823086, 175.3964045823086, 170.78390974923968, 170.78390974923968, 166.17195016541518, 166.17195016541518, 161.5575487073511, 161.5575487073511, 156.94434266514145, 156.94434266514145, 152.32618154003285, 152.32618154003285, 147.69692653999664, 147.69692653999664, 143.0849020399619, 143.0849020399619, 138.47144320583902, 138.47144320583902, 133.80545595590957, 133.80545595590957, 129.19054016494192, 129.19054016494192, 124.57935199793428, 124.57935199793428, 119.96245441492647, 119.96245441492647, 115.35206958209164, 115.35206958209164, 110.73941862327047, 110.73941862327047, 106.1184702902101, 106.1184702902101, 101.50152837322094, 101.50152837322094, 96.88665345613845, 96.88665345613845, 92.27131874696352, 92.27131874696352, 87.65182132995687, 87.65182132995687, 83.03977882978506, 83.03977882978506, 78.42959466273896, 78.42959466273896, 73.81811312166974, 73.81811312166974, 69.20198778761551, 69.20198778761551, 64.56887520453893, 64.56887520453893, 59.95991045469418, 59.95991045469418, 55.32069062185474], "rat_caught": [false, false, false, false, true, false, false, false, false, false, false, false, false, true, false, false, false, false, false, false, true, false, false, false, false, false, false, false, false, false, false, false, false, true, false, true, true, false, false, false, false, false, false, false, false, false, true, false, false, false, false, false, false, false, false, false, false, true, false, false, false, true, false, false, false, false, false, true, false, false, false, false, false, false, false, false, false, false, false, false], "left_behind": ["prime", "prime", "prime", "prime", "search", "prime", "prime", "prime", "prime", "carpet", "prime", "plain", "prime", "search", "carpet", "prime", "carpet", "prime", "plain", "prime", "search", "carpet", "plain", "search", "plain", "plain", "prime", "prime", "plain", "carpet", "plain", "plain", "plain", "search", "prime", "search", "search", "plain", "prime", "prime", "carpet", "plain", "plain", "prime", "plain", "prime", "search", "prime", "plain", "prime", "carpet", "prime", "plain", "plain", "prime", "prime", "carpet", "search", "plain", "prime", "plain", "search", "carpet", "prime", "plain", "prime", "plain", "search", "prime", "prime", "carpet", "carpet", "plain", "plain", "plain", "search", "plain", "search", "plain", "plain"], "errlog_a": "turns=40, last_best_rat_prob=0.272, last_search_target=(3, 5), last_eval=-398.68, last_depth=105, search_miss_streak=0, search_gain=-1000000001.00, board_gain=-74.90, opp_threat=0.00, opp_setup_threat=2.70, search_threshold=0.460", "errlog_b": "turns=40, last_best_rat_prob=0.420, last_search_target=(2, 6), last_eval=510.88, last_depth=620, search_miss_streak=2, search_gain=-1000000000.00, board_gain=-38.79, opp_threat=0.00, opp_setup_threat=0.00, search_threshold=0.610", "start_time": 240, "start_moves": 80, "turn_count": 80, "result": 1, "reason": "POINTS", "trapdoors": [[1, 4], [1, 4], [1, 4], [2, 4], [2, 4], [0, 3], [0, 3], [0, 3], [0, 2], [0, 2], [0, 1], [0, 1], [0, 0], [0, 0], [4, 2], [4, 2], [3, 2], [3, 2], [3, 2], [3, 2], [3, 2], [2, 6], [2, 7], [2, 7], [2, 7], [2, 7], [1, 7], [2, 7], [2, 7], [2, 7], [1, 7], [0, 7], [0, 7], [0, 7], [6, 7], [7, 7], [3, 1], [2, 6], [1, 6], [0, 6], [0, 5], [0, 5], [0, 5], [0, 5], [0, 5], [1, 5], [1, 5], [3, 6], [3, 6], [3, 6], [3, 6], [3, 6], [3, 6], [3, 6], [3, 7], [3, 7], [2, 7], [1, 7], [3, 6], [3, 6], [3, 6], [4, 6], [0, 6], [0, 6], [0, 6], [0, 5], [0, 5], [0, 5], [2, 4], [2, 4], [3, 4], [3, 4], [3, 4], [3, 4], [3, 4], [4, 4], [4, 4], [3, 4], [3, 4], [3, 5], [3, 5]], "spawn_a": [2, 3], "spawn_b": [5, 3]}