{"pos": [[2, 3], [4, 4], [2, 2], [4, 3], [2, 1], [3, 3], [2, 0], [2, 3], [2, 2], [3, 3], [2, 3], [3, 2], [4, 3], [3, 2], [4, 2], [2, 2], [4, 3], [1, 2], [4, 3], [1, 3], [3, 3], [0, 3], [3, 4], [0, 4], [3, 5], [0, 5], [2, 5], [1, 5], [3, 5], [1, 4], [3, 4], [1, 5], [3, 4], [1, 2], [3, 3], [1, 2], [2, 3], [0, 2], [2, 5], [0, 4], [2, 4], [1, 4], [5, 4], [1, 4], [6, 4], [1, 5], [6, 5], [2, 5], [7, 5], [2, 5], [7, 4], [3, 5], [7, 3], [3, 5], [6, 3], [4, 5], [6, 2], [5, 5], [6, 5], [5, 4], [6, 4], [5, 3], [6, 4], [6, 3], [5, 4], [6, 2], [4, 4], [6, 2], [4, 5], [7, 2], [4, 6], [6, 2], [3, 6], [5, 2], [3, 7], [5, 2], [4, 7], [4, 2], [4, 5], [7, 2]], "a_points": [1, 1, 2, 2, 3, 3, 4, 4, 6, 6, 6, 6, 8, 8, 8, 8, 8, 8, 12, 12, 12, 12, 12, 12, 12, 12, 12, 12, 13, 13, 14, 14, 18, 18, 19, 19, 19, 19, 21, 21, 21, 21, 25, 25, 25, 25, 26, 26, 27, 27, 28, 28, 29, 29, 30, 30, 31, 31, 35, 35, 35, 35, 39, 39, 39, 39, 39, 39, 39, 39, 40, 40, 41, 41, 42, 42, 43, 43, 45, 45], "b_points": [0, 1, 1, 2, 2, 3, 3, 2, 2, 2, 2, 3, 3, 7, 7, 8, 8, 8, 8, 9, 9, 10, 10, 11, 11, 12, 12, 13, 13, 13, 13, 14, 14, 18, 18, 22, 22, 22, 22, 24, 24, 24, 24, 28, 28, 28, 28, 29, 29, 33, 33, 32, 32, 36, 36, 36, 36, 36, 36, 37, 37, 37, 37, 38, 38, 38, 38, 36, 36, 36, 36, 37, 37, 38, 38, 36, 36, 37, 37, 41], "a_turns_left": [39, 39, 38, 38, 37, 37, 36, 36, 35, 35, 34, 34, 33, 33, 32, 32, 31, 31, 30, 30, 29, 29, 28, 28, 27, 27, 26, 26, 25, 25, 24, 24, 23, 23, 22, 22, 21, 21, 20, 20, 19, 19, 18, 18, 17, 17, 16, 16, 15, 15, 14, 14, 13, 13, 12, 12, 11, 11, 10, 10, 9, 9, 8, 8, 7, 7, 6, 6, 5, 5, 4, 4, 3, 3, 2, 2, 1, 1, 0, 0], "b_turns_left": [40, 39, 39, 38, 38, 37, 37, 36, 36, 35, 35, 34, 34, 33, 33, 32, 32, 31, 31, 30, 30, 29, 29, 28, 28, 27, 27, 26, 26, 25, 25, 24, 24, 23, 23, 22, 22, 21, 21, 20, 20, 19, 19, 18, 18, 17, 17, 16, 16, 15, 15, 14, 14, 13, 13, 12, 12, 11, 11, 10, 10, 9, 9, 8, 8, 7, 7, 6, 6, 5, 5, 4, 4, 3, 3, 2, 2, 1, 1, 0], "a_time_left": [235.3827878329903, 235.3827878329903, 230.76900633308105, 230.76900633308105, 226.15735391620547, 226.15735391620547, 221.53447654121555, 221.53447654121555, 216.9235463743098, 216.9235463743098, 212.31412724941038, 212.31412724941038, 207.7027338333428, 207.7027338333428, 203.0956217914354, 203.0956217914354, 198.48600891628303, 198.48600891628303, 193.8711289993953, 193.8711289993953, 189.26025704131462, 189.26025704131462, 184.64980304124765, 184.64980304124765, 180.03556429129094, 180.03556429129094, 175.42589183337986, 175.42589183337986, 170.8196899164468, 170.8196899164468, 166.20821195840836, 166.20821195840836, 161.58982483344153, 161.58982483344153, 156.9663478336297, 156.9663478336297, 152.35561779281124, 152.35561779281124, 147.73774929274805, 147.73774929274805, 143.12620958383195, 143.12620958383195, 138.50243729283102, 138.50243729283102, 133.89166900189593, 133.89166900189593, 129.28057479392737, 129.28057479392737, 124.67211279389448, 124.67211279389448, 120.0642212938983, 120.0642212938983, 115.45217329380102, 115.45217329380102, 110.84151412686333, 110.84151412686333, 106.22823841799982, 106.22823841799982, 101.61605708487332, 101.61605708487332, 97.0052206676919, 97.0052206676919, 92.38474358478561, 92.38474358478561, 87.75218312582001, 87.75218312582001, 83.08871050085872, 83.08871050085872, 78.47903370903805, 78.47903370903805, 73.86725958413444, 73.86725958413444, 69.24975604214706, 69.24975604214706, 64.6414721251931, 64.6414721251931, 60.03494170913473, 60.03494170913473, 55.4296584171243, 55.4296584171243], "b_time_left": [240, 235.38419524999335, 235.38419524999335, 230.770216624951, 230.770216624951, 226.16044737491757, 226.16044737491757, 221.55097283283249, 221.55097283283249, 216.94274674891494, 216.94274674891494, 212.3339046658948, 212.3339046658948, 207.72062249993905, 207.72062249993905, 203.10960950003937, 203.10960950003937, 198.50114154210314, 198.50114154210314, 193.88557741697878, 193.88557741697878, 189.27590200002305, 189.27590200002305, 184.65898145805113, 184.65898145805113, 180.04383608303033, 180.04383608303033, 175.43673720792867, 175.43673720792867, 170.82752958289348, 170.82752958289348, 166.21761162485927, 166.21761162485927, 161.58832791703753, 161.58832791703753, 156.97494574985467, 156.97494574985467, 152.3636103339959, 152.3636103339959, 147.75324979284778, 147.75324979284778, 143.1409567098599, 143.1409567098599, 138.52911754278466, 138.52911754278466, 133.91739250090905, 133.91739250090905, 129.30531441792846, 129.30531441792846, 124.69212233484723, 124.69212233484723, 119.96431995998137, 119.96431995998137, 115.34908266901039, 115.34908266901039, 110.7379357109312, 110.7379357109312, 106.12698971084319, 106.12698971084319, 101.51548150274903, 101.51548150274903, 96.90766112785786, 96.90766112785786, 92.29420900275, 92.29420900275, 87.65607037767768, 87.65607037767768, 83.0397852936294, 83.0397852936294, 78.42715100152418, 78.42715100152418, 73.8118855014909, 73.8118855014909, 69.20505496044643, 69.20505496044643, 64.59533183532767, 64.59533183532767, 59.987334210425615, 59.987334210425615, 55.38090262655169], "rat_caught": [false, false, false, false, false, false, false, false, false, false, false, false, false, true, false, false, false, false, true, false, false, false, false, false, false, false, false, false, false, false, false, false, true, false, false, true, false, false, false, false, false, false, false, true, false, false, false, false, false, true, false, false, false, true, false, false, false, false, false, false, false, false, true, false, false, false, false, false, false, false, false, false, false, false, false, false, false, false, false, false], "left_behind": ["prime", "prime", "prime", "prime", "prime", "prime", "prime", "carpet", "carpet", "plain", "plain", "prime", "carpet", "search", "plain", "prime", "plain", "plain", "search", "prime", "plain", "prime", "plain", "prime", "plain", "prime", "plain", "prime", "prime", "plain", "prime", "prime", "search", "carpet", "prime", "search", "plain", "plain", "carpet", "carpet", "plain", "plain", "carpet", "search", "plain", "plain", "prime", "prime", "prime", "search", "prime", "carpet", "prime", "search", "prime", "plain", "prime", "plain", "carpet", "prime", "plain", "plain", "search", "prime", "plain", "plain", "plain", "search", "plain", "plain", "prime", "prime", "prime", "prime", "prime", "search", "prime", "prime", "carpet", "carpet"], "errlog_a": "turns=40, last_best_rat_prob=0.323, last_search_target=(2, 3), last_eval=43.47, last_depth=203, search_miss_streak=0, search_gain=-1000000000.00, board_gain=72.98, opp_threat=4.00, opp_setup_threat=9.80, search_threshold=0.580", "errlog_b": "turns=40, last_best_rat_prob=0.327, last_search_target=(2, 0), last_eval=-38.01, last_depth=594, search_miss_streak=2, search_gain=-1000000000.00, board_gain=-4.60, opp_threat=0.00, opp_setup_threat=2.70, search_threshold=0.520", "start_time": 240, "start_moves": 80, "turn_count": 80, "result": 0, "reason": "POINTS", "trapdoors": [[6, 4], [6, 4], [6, 4], [6, 3], [6, 3], [6, 3], [6, 3], [6, 2], [6, 2], [6, 2], [6, 2], [6, 2], [5, 2], [5, 2], [2, 3], [2, 3], [2, 3], [2, 3], [2, 3], [6, 7], [6, 7], [6, 7], [6, 6], [5, 6], [5, 6], [5, 5], [5, 5], [5, 4], [5, 4], [5, 4], [5, 4], [5, 4], [5, 4], [5, 4], [5, 4], [5, 4], [2, 4], [2, 3], [2, 4], [2, 4], [3, 4], [3, 4], [3, 5], [3, 5], [1, 5], [1, 5], [1, 4], [1, 3], [1, 3], [1, 2], [3, 4], [3, 4], [3, 4], [3, 4], [7, 2], [7, 1], [7, 1], [6, 1], [5, 1], [5, 1], [5, 1], [5, 1], [5, 1], [1, 6], [1, 6], [1, 6], [0, 6], [0, 5], [0, 4], [0, 3], [0, 4], [0, 4], [0, 3], [0, 3], [0, 3], [1, 3], [1, 3], [1, 3], [2, 3], [2, 4], [2, 5]], "spawn_a": [2, 4], "spawn_b": [5, 4]}