{"pos": [[2, 4], [5, 4], [1, 4], [4, 4], [3, 4], [4, 3], [5, 4], [5, 3], [5, 5], [6, 3], [4, 5], [7, 3], [3, 5], [4, 3], [2, 5], [4, 4], [1, 5], [4, 5], [3, 5], [4, 6], [3, 5], [5, 6], [3, 4], [5, 7], [3, 3], [4, 7], [3, 2], [3, 7], [3, 1], [3, 6], [3, 0], [3, 5], [3, 3], [3, 7], [2, 3], [5, 7], [1, 3], [5, 5], [1, 3], [5, 4], [0, 3], [5, 3], [0, 2], [5, 2], [1, 2], [4, 2], [1, 3], [3, 2], [1, 4], [3, 2], [1, 4], [2, 2], [1, 5], [2, 3], [1, 3], [2, 3], [1, 4], [2, 4], [0, 4], [2, 4], [0, 5], [2, 2], [1, 5], [2, 2], [2, 5], [0, 2], [0, 5], [1, 2], [0, 4], [2, 2], [0, 5], [2, 2], [0, 3], [3, 2], [1, 3], [5, 2], [2, 3], [6, 2], [3, 3], [6, 2]], "a_points": [1, 1, 2, 2, 4, 4, 6, 6, 6, 6, 7, 7, 8, 8, 9, 9, 10, 10, 12, 12, 16, 16, 16, 16, 16, 16, 17, 17, 18, 18, 19, 19, 23, 23, 23, 23, 23, 23, 27, 27, 27, 27, 28, 28, 29, 29, 30, 30, 31, 31, 29, 29, 30, 30, 32, 32, 32, 32, 32, 32, 32, 32, 33, 33, 34, 34, 36, 36, 36, 36, 37, 37, 39, 39, 39, 39, 39, 39, 39, 39], "b_points": [0, 0, 0, 1, 1, 2, 2, 3, 3, 4, 4, 5, 5, 9, 9, 9, 9, 8, 8, 8, 8, 9, 9, 10, 10, 11, 11, 12, 12, 13, 13, 14, 14, 16, 16, 18, 18, 20, 20, 20, 20, 20, 20, 20, 20, 21, 21, 22, 22, 20, 20, 20, 20, 21, 21, 19, 19, 20, 20, 24, 24, 26, 26, 24, 24, 26, 26, 26, 26, 26, 26, 30, 30, 30, 30, 32, 32, 32, 32, 30], "a_turns_left": [39, 39, 38, 38, 37, 37, 36, 36, 35, 35, 34, 34, 33, 33, 32, 32, 31, 31, 30, 30, 29, 29, 28, 28, 27, 27, 26, 26, 25, 25, 24, 24, 23, 23, 22, 22, 21, 21, 20, 20, 19, 19, 18, 18, 17, 17, 16, 16, 15, 15, 14, 14, 13, 13, 12, 12, 11, 11, 10, 10, 9, 9, 8, 8, 7, 7, 6, 6, 5, 5, 4, 4, 3, 3, 2, 2, 1, 1, 0, 0], "b_turns_left": [40, 39, 39, 38, 38, 37, 37, 36, 36, 35, 35, 34, 34, 33, 33, 32, 32, 31, 31, 30, 30, 29, 29, 28, 28, 27, 27, 26, 26, 25, 25, 24, 24, 23, 23, 22, 22, 21, 21, 20, 20, 19, 19, 18, 18, 17, 17, 16, 16, 15, 15, 14, 14, 13, 13, 12, 12, 11, 11, 10, 10, 9, 9, 8, 8, 7, 7, 6, 6, 5, 5, 4, 4, 3, 3, 2, 2, 1, 1, 0], "a_time_left": [235.38685283297673, 235.38685283297673, 230.76831954088993, 230.76831954088993, 226.05446624872275, 226.05446624872275, 221.44379662373103, 221.44379662373103, 216.83480849885382, 216.83480849885382, 212.22085212380625, 212.22085212380625, 207.60341220791452, 207.60341220791452, 202.97577933291905, 202.97577933291905, 198.32967345789075, 198.32967345789075, 193.7165811660234, 193.7165811660234, 189.09997245809063, 189.09997245809063, 184.4774696251843, 184.4774696251843, 179.86392462532967, 179.86392462532967, 175.24961241614074, 175.24961241614074, 170.63077954109758, 170.63077954109758, 166.00960387499072, 166.00960387499072, 161.401864499785, 161.401864499785, 156.78757220786065, 156.78757220786065, 152.17498866585083, 152.17498866585083, 147.5559560409747, 147.5559560409747, 142.93481133203022, 142.93481133203022, 138.31609037308954, 138.31609037308954, 133.69844104000367, 133.69844104000367, 129.08428849792108, 129.08428849792108, 124.46544162300415, 124.46544162300415, 119.84351399797015, 119.84351399797015, 115.22256770706736, 115.22256770706736, 110.60636158217676, 110.60636158217676, 105.98459558212198, 105.98459558212198, 101.36710883211344, 101.36710883211344, 96.75134612410329, 96.75134612410329, 92.14363983203657, 92.14363983203657, 87.52535266499035, 87.52535266499035, 82.90540666482411, 82.90540666482411, 78.29513712297194, 78.29513712297194, 73.67792520695366, 73.67792520695366, 69.05598891503178, 69.05598891503178, 64.44487653998658, 64.44487653998658, 59.83972320705652, 59.83972320705652, 55.23434349917807, 55.23434349917807], "b_time_left": [240, 235.38109849998727, 235.38109849998727, 230.6852774580475, 230.6852774580475, 226.0647228329908, 226.0647228329908, 221.4473330830224, 221.4473330830224, 216.8273745831102, 216.8273745831102, 212.2074911671225, 212.2074911671225, 207.5851719591301, 207.5851719591301, 202.97325029224157, 202.97325029224157, 198.35280520934612, 198.35280520934612, 193.74109083414078, 193.74109083414078, 189.12768375105225, 189.12768375105225, 184.51370000094175, 184.51370000094175, 179.88926420989446, 179.88926420989446, 175.2767671260517, 175.2767671260517, 170.66160608408973, 170.66160608408973, 166.0447766261641, 166.0447766261641, 161.43389845918864, 161.43389845918864, 156.82721720915288, 156.82721720915288, 152.21233391715214, 152.21233391715214, 147.5821378340479, 147.5821378340479, 142.95352079207078, 142.95352079207078, 138.34004845889285, 138.34004845889285, 133.72329358407296, 133.72329358407296, 129.1128127090633, 129.1128127090633, 124.48853962612338, 124.48853962612338, 119.85191312618554, 119.85191312618554, 115.2413506261073, 115.2413506261073, 110.62405341793783, 110.62405341793783, 106.0000540849287, 106.0000540849287, 101.37721104291268, 101.37721104291268, 96.76321716792881, 96.76321716792881, 92.13867537607439, 92.13867537607439, 87.52046558517031, 87.52046558517031, 82.91312033496797, 82.91312033496797, 78.29651870997623, 78.29651870997623, 73.68340316787362, 73.68340316787362, 69.07084858370945, 69.07084858370945, 64.46382962563075, 64.46382962563075, 59.85708216764033, 59.85708216764033, 55.24882662575692], "rat_caught": [false, false, false, false, false, false, false, false, false, false, false, false, false, false, false, false, false, false, false, false, true, false, false, false, false, false, false, false, false, false, false, false, false, false, false, false, false, false, true, false, false, false, false, false, false, false, false, false, false, false, false, false, false, false, false, false, false, false, false, true, false, false, false, false, false, false, false, false, false, false, false, true, false, false, false, false, false, false, false, false], "left_behind": ["prime", "plain", "prime", "prime", "carpet", "prime", "carpet", "prime", "plain", "prime", "prime", "prime", "prime", "carpet", "prime", "plain", "prime", "carpet", "carpet", "plain", "search", "prime", "plain", "prime", "plain", "prime", "prime", "prime", "prime", "prime", "prime", "prime", "carpet", "carpet", "plain", "carpet", "plain", "carpet", "search", "plain", "plain", "plain", "prime", "plain", "prime", "prime", "prime", "prime", "prime", "search", "search", "plain", "prime", "prime", "carpet", "search", "plain", "prime", "plain", "search", "plain", "carpet", "prime", "search", "prime", "carpet", "carpet", "plain", "plain", "plain", "prime", "search", "carpet", "plain", "plain", "carpet", "plain", "plain", "plain", "search"], "errlog_a": "turns=40, last_best_rat_prob=0.332, last_search_target=(6, 2), last_eval=111.53, last_depth=215, search_miss_streak=1, search_gain=-1000000006.00, board_gain=-22.91, opp_threat=1.00, opp_setup_threat=0.55, search_threshold=0.600", "errlog_b": "turns=40, last_best_rat_prob=0.523, last_search_target=(6, 2), last_eval=22.28, last_depth=821, search_miss_streak=0, search_gain=22.28, board_gain=9.05, opp_threat=0.00, opp_setup_threat=0.00, search_threshold=0.380", "start_time": 240, "start_moves": 80, "turn_count": 80, "result": 0, "reason": "POINTS", "trapdoors": [[3, 5], [3, 5], [3, 5], [3, 5], [3, 5], [3, 5], [2, 5], [2, 5], [2, 5], [2, 6], [2, 6], [2, 5], [2, 5], [2, 5], [2, 5], [1, 5], [1, 5], [1, 5], [1, 4], [1, 5], [1, 5], [0, 3], [0, 3], [1, 3], [1, 3], [1, 4], [1, 5], [1, 6], [1, 7], [0, 7], [1, 7], [2, 7], [2, 7], [2, 6], [3, 6], [3, 6], [4, 6], [4, 6], [4, 6], [0, 4], [0, 5], [0, 4], [0, 4], [0, 4], [0, 4], [0, 4], [0, 4], [0, 5], [0, 5], [0, 6], [0, 7], [1, 7], [0, 7], [1, 7], [1, 7], [1, 7], [2, 7], [2, 7], [3, 7], [3, 7], [4, 2], [4, 2], [4, 2], [4, 2], [4, 2], [3, 2], [3, 1], [3, 1], [3, 1], [3, 1], [3, 2], [2, 2], [6, 3], [6, 3], [7, 3], [7, 2], [7, 2], [7, 2], [7, 2], [6, 2], [6, 1]], "spawn_a": [3, 4], "spawn_b": [4, 4]}