{"pos": [[3, 4], [4, 4], [3, 3], [4, 3], [2, 3], [5, 3], [4, 3], [5, 4], [4, 5], [5, 5], [4, 6], [5, 6], [3, 6], [5, 3], [3, 7], [5, 2], [3, 4], [6, 2], [3, 4], [6, 3], [2, 4], [7, 3], [2, 3], [7, 4], [2, 2], [7, 5], [2, 2], [7, 3], [2, 1], [7, 4], [2, 1], [7, 5], [2, 0], [6, 5], [3, 0], [6, 4], [4, 0], [6, 4], [2, 0], [5, 4], [2, 4], [5, 5], [2, 4], [7, 5], [2, 5], [6, 5], [2, 6], [6, 2], [2, 7], [6, 2], [3, 7], [5, 2], [3, 7], [4, 2], [4, 7], [4, 1], [5, 7], [3, 1], [2, 7], [3, 2], [2, 6], [4, 2], [2, 5], [4, 3], [2, 5], [3, 3], [2, 4], [3, 3], [3, 4], [3, 1], [3, 4], [3, 0], [2, 4], [4, 0], [1, 4], [4, 2], [2, 4], [4, 3], [2, 6], [4, 3]], "a_points": [1, 1, 2, 2, 3, 3, 5, 5, 7, 7, 7, 7, 8, 8, 9, 9, 13, 13, 17, 17, 17, 17, 18, 18, 19, 19, 17, 17, 18, 18, 22, 22, 23, 23, 24, 24, 25, 25, 27, 27, 33, 33, 37, 37, 37, 37, 37, 37, 37, 37, 38, 38, 42, 42, 43, 43, 44, 44, 48, 48, 48, 48, 49, 49, 47, 47, 48, 48, 48, 48, 52, 52, 52, 52, 52, 52, 53, 53, 55, 55], "b_points": [0, 1, 1, 2, 2, 3, 3, 4, 4, 5, 5, 6, 6, 10, 10, 10, 10, 11, 11, 12, 12, 13, 13, 14, 14, 15, 15, 17, 17, 17, 17, 17, 17, 18, 18, 19, 19, 17, 17, 18, 18, 18, 18, 20, 20, 20, 20, 24, 24, 28, 28, 27, 27, 27, 27, 27, 27, 28, 28, 29, 29, 30, 30, 31, 31, 31, 31, 29, 29, 31, 31, 31, 31, 31, 31, 33, 33, 33, 33, 37], "a_turns_left": [39, 39, 38, 38, 37, 37, 36, 36, 35, 35, 34, 34, 33, 33, 32, 32, 31, 31, 30, 30, 29, 29, 28, 28, 27, 27, 26, 26, 25, 25, 24, 24, 23, 23, 22, 22, 21, 21, 20, 20, 19, 19, 18, 18, 17, 17, 16, 16, 15, 15, 14, 14, 13, 13, 12, 12, 11, 11, 10, 10, 9, 9, 8, 8, 7, 7, 6, 6, 5, 5, 4, 4, 3, 3, 2, 2, 1, 1, 0, 0], "b_turns_left": [40, 39, 39, 38, 38, 37, 37, 36, 36, 35, 35, 34, 34, 33, 33, 32, 32, 31, 31, 30, 30, 29, 29, 28, 28, 27, 27, 26, 26, 25, 25, 24, 24, 23, 23, 22, 22, 21, 21, 20, 20, 19, 19, 18, 18, 17, 17, 16, 16, 15, 15, 14, 14, 13, 13, 12, 12, 11, 11, 10, 10, 9, 9, 8, 8, 7, 7, 6, 6, 5, 5, 4, 4, 3, 3, 2, 2, 1, 1, 0], "a_time_left": [235.39079208415933, 235.39079208415933, 230.78117975126952, 230.78117975126952, 226.1719645431731, 226.1719645431731, 221.55300450208597, 221.55300450208597, 216.93693875195459, 216.93693875195459, 212.3295935438946, 212.3295935438946, 207.71872941893525, 207.71872941893525, 203.10948512796313, 203.10948512796313, 198.49763787793927, 198.49763787793927, 193.88158733700402, 193.88158733700402, 189.2718550870195, 189.2718550870195, 184.65406533703208, 184.65406533703208, 180.0448160029482, 180.0448160029482, 175.43230879493058, 175.43230879493058, 170.8208054609131, 170.8208054609131, 166.2069505858235, 166.2069505858235, 161.59335583564825, 161.59335583564825, 156.98275141860358, 156.98275141860358, 152.3710580014158, 152.3710580014158, 147.76094862632453, 147.76094862632453, 143.14970229333267, 143.14970229333267, 138.53512666840106, 138.53512666840106, 133.90808450151235, 133.90808450151235, 129.29561591753736, 129.29561591753736, 124.68387537659146, 124.68387537659146, 120.07436662656255, 120.07436662656255, 115.46142904367298, 115.46142904367298, 110.85144933476113, 110.85144933476113, 106.24071095976979, 106.24071095976979, 101.63081929273903, 101.63081929273903, 97.02023620973341, 97.02023620973341, 92.40566433477215, 92.40566433477215, 87.79112316784449, 87.79112316784449, 83.18039945885539, 83.18039945885539, 78.57159970887005, 78.57159970887005, 73.9612589168828, 73.9612589168828, 69.34892429201864, 69.34892429201864, 64.74021308287047, 64.74021308287047, 60.12772599980235, 60.12772599980235, 55.51148608280346, 55.51148608280346], "b_time_left": [240, 235.38885454204865, 235.38885454204865, 230.77826579194516, 230.77826579194516, 226.16731320903637, 226.16731320903637, 221.55702545889653, 221.55702545889653, 216.94302570889704, 216.94302570889704, 212.32990045892075, 212.32990045892075, 207.72000795882195, 207.72000795882195, 203.11338487477042, 203.11338487477042, 198.50106312474236, 198.50106312474236, 193.88900358276442, 193.88900358276442, 189.27751533291303, 189.27751533291303, 184.66557495784946, 184.66557495784946, 180.04934174986556, 180.04934174986556, 175.44091112492606, 175.44091112492606, 170.83132424997166, 170.83132424997166, 166.2221034578979, 166.2221034578979, 161.6124765407294, 161.6124765407294, 157.00340658263303, 157.00340658263303, 152.38547783275135, 152.38547783275135, 147.7762057078071, 147.7762057078071, 143.1647311237175, 143.1647311237175, 138.55348633159883, 138.55348633159883, 133.944630039623, 133.944630039623, 129.33214928978123, 129.33214928978123, 124.68653403990902, 124.68653403990902, 120.07373299798928, 120.07373299798928, 115.46239595697261, 115.46239595697261, 110.85023145703599, 110.85023145703599, 106.24087778991088, 106.24087778991088, 101.6236402487848, 101.6236402487848, 97.01098474883474, 97.01098474883474, 92.39860241580755, 92.39860241580755, 87.78436762397178, 87.78436762397178, 83.1733333740849, 83.1733333740849, 78.56593245803379, 78.56593245803379, 73.95071999891661, 73.95071999891661, 69.29140624892898, 69.29140624892898, 64.68367254082114, 64.68367254082114, 60.0237406657543, 60.0237406657543, 55.41555949882604], "rat_caught": [false, false, false, false, false, false, false, false, false, false, false, false, false, false, false, false, false, false, true, false, false, false, false, false, false, false, false, false, false, false, true, false, false, false, false, false, false, false, false, false, false, false, true, false, false, false, false, false, false, true, false, false, true, false, false, false, false, false, false, false, false, false, false, false, false, false, false, false, false, false, true, false, false, false, false, false, false, false, false, true], "left_behind": ["prime", "prime", "prime", "prime", "prime", "prime", "carpet", "prime", "carpet", "prime", "plain", "prime", "prime", "carpet", "prime", "plain", "carpet", "prime", "search", "prime", "plain", "prime", "prime", "prime", "prime", "prime", "search", "carpet", "prime", "plain", "search", "plain", "prime", "prime", "prime", "prime", "prime", "search", "carpet", "prime", "carpet", "plain", "search", "carpet", "plain", "plain", "plain", "carpet", "plain", "search", "prime", "carpet", "search", "plain", "prime", "plain", "prime", "prime", "carpet", "prime", "plain", "prime", "prime", "prime", "search", "plain", "prime", "search", "plain", "carpet", "search", "plain", "plain", "plain", "plain", "carpet", "prime", "plain", "carpet", "search"], "errlog_a": "turns=40, last_best_rat_prob=0.315, last_search_target=(7, 4), last_eval=537.92, last_depth=161, search_miss_streak=0, search_gain=-1000000000.00, board_gain=-59.63, opp_threat=0.00, opp_setup_threat=0.00, search_threshold=0.470", "errlog_b": "turns=40, last_best_rat_prob=0.504, last_search_target=(6, 4), last_eval=11.20, last_depth=953, search_miss_streak=1, search_gain=11.20, board_gain=7.50, opp_threat=0.00, opp_setup_threat=0.00, search_threshold=0.460", "start_time": 240, "start_moves": 80, "turn_count": 80, "result": 0, "reason": "POINTS", "trapdoors": [[6, 5], [6, 5], [6, 5], [6, 5], [5, 5], [5, 5], [5, 6], [5, 6], [5, 7], [5, 7], [5, 7], [5, 7], [6, 7], [7, 7], [7, 7], [7, 7], [7, 7], [7, 7], [7, 7], [4, 3], [4, 3], [4, 3], [4, 3], [4, 3], [4, 3], [4, 2], [4, 2], [4, 2], [4, 2], [4, 2], [4, 2], [4, 6], [4, 7], [4, 7], [5, 7], [5, 6], [5, 5], [5, 5], [5, 5], [5, 5], [5, 5], [4, 5], [4, 5], [3, 0], [3, 0], [3, 0], [3, 0], [3, 0], [3, 0], [3, 0], [3, 1], [3, 1], [3, 2], [6, 4], [5, 4], [5, 4], [5, 4], [5, 3], [5, 3], [5, 3], [5, 3], [4, 3], [5, 3], [6, 3], [6, 3], [6, 3], [6, 2], [6, 2], [6, 2], [6, 2], [7, 2], [7, 7], [7, 6], [7, 6], [7, 6], [7, 6], [7, 5], [7, 4], [7, 4], [7, 4], [6, 5]], "spawn_a": [3, 5], "spawn_b": [4, 5]}