{"pos": [[3, 4], [4, 4], [3, 3], [5, 4], [4, 3], [3, 4], [5, 3], [2, 4], [6, 3], [2, 5], [7, 3], [1, 5], [3, 3], [0, 5], [3, 2], [4, 5], [2, 2], [4, 5], [1, 2], [4, 6], [0, 2], [5, 6], [3, 2], [5, 5], [3, 1], [5, 4], [4, 1], [5, 4], [4, 2], [6, 4], [5, 2], [7, 4], [5, 1], [7, 3], [5, 0], [6, 3], [4, 0], [5, 3], [4, 2], [5, 3], [4, 3], [5, 6], [4, 4], [5, 7], [3, 4], [4, 7], [4, 4], [3, 7], [3, 4], [3, 7], [4, 4], [2, 7], [4, 5], [2, 6], [4, 4], [2, 7], [4, 5], [2, 6], [5, 5], [3, 6], [4, 5], [3, 5], [4, 7], [3, 5], [4, 6], [3, 4], [2, 6], [3, 3], [2, 6], [2, 3], [2, 5], [3, 3], [1, 5], [3, 3], [1, 4], [2, 3], [1, 4], [2, 2], [2, 4], [3, 2]], "a_points": [1, 1, 2, 2, 3, 3, 4, 4, 5, 5, 6, 6, 12, 12, 12, 12, 13, 13, 14, 14, 15, 15, 19, 19, 19, 19, 20, 20, 21, 21, 22, 22, 23, 23, 24, 24, 25, 25, 27, 27, 27, 27, 27, 27, 27, 27, 27, 27, 27, 27, 27, 27, 27, 27, 27, 27, 27, 27, 27, 27, 27, 27, 29, 29, 29, 29, 31, 31, 35, 35, 35, 35, 35, 35, 35, 35, 39, 39, 38, 38], "b_points": [0, 1, 1, 2, 2, 4, 4, 4, 4, 5, 5, 6, 6, 7, 7, 13, 13, 17, 17, 17, 17, 18, 18, 19, 19, 20, 20, 24, 24, 25, 25, 26, 26, 27, 27, 28, 28, 28, 28, 26, 26, 30, 30, 30, 30, 31, 31, 32, 32, 30, 30, 31, 31, 31, 31, 31, 31, 31, 31, 32, 32, 33, 33, 31, 31, 31, 31, 31, 31, 31, 31, 31, 31, 29, 29, 29, 29, 30, 30, 30], "a_turns_left": [39, 39, 38, 38, 37, 37, 36, 36, 35, 35, 34, 34, 33, 33, 32, 32, 31, 31, 30, 30, 29, 29, 28, 28, 27, 27, 26, 26, 25, 25, 24, 24, 23, 23, 22, 22, 21, 21, 20, 20, 19, 19, 18, 18, 17, 17, 16, 16, 15, 15, 14, 14, 13, 13, 12, 12, 11, 11, 10, 10, 9, 9, 8, 8, 7, 7, 6, 6, 5, 5, 4, 4, 3, 3, 2, 2, 1, 1, 0, 0], "b_turns_left": [40, 39, 39, 38, 38, 37, 37, 36, 36, 35, 35, 34, 34, 33, 33, 32, 32, 31, 31, 30, 30, 29, 29, 28, 28, 27, 27, 26, 26, 25, 25, 24, 24, 23, 23, 22, 22, 21, 21, 20, 20, 19, 19, 18, 18, 17, 17, 16, 16, 15, 15, 14, 14, 13, 13, 12, 12, 11, 11, 10, 10, 9, 9, 8, 8, 7, 7, 6, 6, 5, 5, 4, 4, 3, 3, 2, 2, 1, 1, 0], "a_time_left": [235.38618241692893, 235.38618241692893, 230.7738136248663, 230.7738136248663, 226.15644795796834, 226.15644795796834, 221.54306120797992, 221.54306120797992, 216.9259126249235, 216.9259126249235, 212.28972695791163, 212.28972695791163, 207.65587641694583, 207.65587641694583, 202.98773525003344, 202.98773525003344, 198.36769058415666, 198.36769058415666, 193.72858729329892, 193.72858729329892, 189.1045684183482, 189.1045684183482, 184.46548454323784, 184.46548454323784, 179.84700979315676, 179.84700979315676, 175.22355787735432, 175.22355787735432, 170.60377816925757, 170.60377816925757, 165.9844162943773, 165.9844162943773, 161.36524579441175, 161.36524579441175, 156.75244208658114, 156.75244208658114, 152.1407090027351, 152.1407090027351, 147.51848254469223, 147.51848254469223, 142.9000852527097, 142.9000852527097, 138.2837957527954, 138.2837957527954, 133.66959662782028, 133.66959662782028, 129.0611713777762, 129.0611713777762, 124.4327945029363, 124.4327945029363, 119.82209687796421, 119.82209687796421, 115.20921262796037, 115.20921262796037, 110.58758162800223, 110.58758162800223, 105.97227366897278, 105.97227366897278, 101.35525191901252, 101.35525191901252, 96.72210212703794, 96.72210212703794, 92.11132575199008, 92.11132575199008, 87.50416933512315, 87.50416933512315, 82.88397233490832, 82.88397233490832, 78.26567537593655, 78.26567537593655, 73.6435923341196, 73.6435923341196, 69.03015050012618, 69.03015050012618, 64.41543291602284, 64.41543291602284, 59.79495662404224, 59.79495662404224, 55.18189629097469, 55.18189629097469], "b_time_left": [240, 235.38769841613248, 235.38769841613248, 230.7330615823157, 230.7330615823157, 226.11650245729834, 226.11650245729834, 221.49477558233775, 221.49477558233775, 216.87718462431803, 216.87718462431803, 212.25197020731866, 212.25197020731866, 207.6228296663612, 207.6228296663612, 202.98588229133748, 202.98588229133748, 198.35601941635832, 198.35601941635832, 193.72153895837255, 193.72153895837255, 189.10323491622694, 189.10323491622694, 184.4732990411576, 184.4732990411576, 179.85163208306767, 179.85163208306767, 175.2115256660618, 175.2115256660618, 170.58601120696403, 170.58601120696403, 165.97878208197653, 165.97878208197653, 161.3624669990968, 161.3624669990968, 156.7479723743163, 156.7479723743163, 152.1344662902411, 152.1344662902411, 147.5094907481689, 147.5094907481689, 142.8852747902274, 142.8852747902274, 138.27010145713575, 138.27010145713575, 133.6571044572629, 133.6571044572629, 129.04900370747782, 129.04900370747782, 124.43474699836224, 124.43474699836224, 119.81325929029845, 119.81325929029845, 115.19912499911152, 115.19912499911152, 110.58599570812657, 110.58599570812657, 105.97351450030692, 105.97351450030692, 101.36125683411956, 101.36125683411956, 96.73786591808312, 96.73786591808312, 92.1238757930696, 92.1238757930696, 87.5031951260753, 87.5031951260753, 82.87845329311676, 82.87845329311676, 78.26416779309511, 78.26416779309511, 73.6469655840192, 73.6469655840192, 69.02736116806045, 69.02736116806045, 64.40059866802767, 64.40059866802767, 59.78400837699883, 59.78400837699883, 55.17688129399903], "rat_caught": [false, false, false, false, false, false, false, false, false, false, false, false, false, false, false, false, false, true, false, false, false, false, false, false, false, false, false, true, false, false, false, false, false, false, false, false, false, false, false, false, false, false, false, false, false, false, false, false, false, false, false, false, false, false, false, false, false, false, false, false, false, false, false, false, false, false, false, false, true, false, false, false, false, false, false, false, true, false, false, false], "left_behind": ["prime", "prime", "prime", "prime", "prime", "carpet", "prime", "plain", "prime", "prime", "prime", "prime", "carpet", "prime", "plain", "carpet", "prime", "search", "prime", "plain", "prime", "prime", "carpet", "prime", "plain", "prime", "prime", "search", "prime", "prime", "prime", "prime", "prime", "prime", "prime", "prime", "prime", "plain", "carpet", "search", "plain", "carpet", "plain", "plain", "plain", "prime", "plain", "prime", "plain", "search", "plain", "prime", "plain", "plain", "plain", "plain", "plain", "plain", "plain", "prime", "plain", "prime", "carpet", "search", "plain", "plain", "carpet", "plain", "search", "plain", "plain", "plain", "plain", "search", "plain", "plain", "search", "prime", "carpet", "plain"], "errlog_a": "turns=40, last_best_rat_prob=0.169, last_search_target=(3, 6), last_eval=170.60, last_depth=151, search_miss_streak=0, search_gain=-1000000012.00, board_gain=75.18, opp_threat=2.00, opp_setup_threat=2.00, search_threshold=0.600", "errlog_b": "turns=40, last_best_rat_prob=0.271, last_search_target=(7, 2), last_eval=-214.68, last_depth=1318, search_miss_streak=4, search_gain=-1000000000.00, board_gain=16.27, opp_threat=0.00, opp_setup_threat=0.35, search_threshold=0.540", "start_time": 240, "start_moves": 80, "turn_count": 80, "result": 0, "reason": "POINTS", "trapdoors": [[3, 5], [3, 6], [3, 7], [2, 7], [1, 7], [1, 7], [1, 7], [0, 7], [0, 7], [0, 7], [0, 6], [0, 6], [0, 6], [1, 6], [1, 6], [0, 6], [0, 5], [0, 4], [0, 4], [0, 4], [0, 4], [1, 4], [1, 4], [1, 5], [0, 5], [0, 5], [0, 5], [0, 5], [7, 3], [7, 2], [7, 2], [7, 2], [7, 2], [7, 3], [7, 3], [7, 3], [7, 3], [7, 2], [6, 2], [6, 2], [6, 2], [6, 1], [5, 1], [4, 1], [4, 1], [3, 1], [3, 1], [4, 1], [4, 1], [4, 0], [4, 0], [4, 0], [4, 0], [4, 1], [4, 1], [4, 1], [5, 1], [5, 2], [4, 2], [4, 2], [4, 3], [4, 2], [3, 2], [3, 2], [3, 3], [2, 3], [2, 3], [2, 3], [2, 3], [1, 4], [1, 4], [1, 4], [1, 4], [1, 4], [1, 4], [2, 4], [3, 4], [2, 7], [1, 7], [0, 7], [0, 6]], "spawn_a": [3, 5], "spawn_b": [4, 5]}