{"pos": [[2, 4], [4, 5], [2, 3], [4, 4], [3, 3], [4, 3], [2, 3], [4, 2], [4, 3], [3, 2], [5, 3], [3, 3], [5, 4], [4, 3], [2, 4], [5, 3], [2, 3], [5, 3], [2, 2], [5, 2], [4, 2], [5, 3], [4, 1], [5, 3], [5, 1], [6, 3], [5, 0], [7, 3], [4, 0], [6, 3], [4, 1], [5, 3], [3, 1], [5, 4], [3, 0], [5, 4], [2, 0], [5, 4], [2, 1], [5, 5], [2, 2], [5, 2], [1, 2], [4, 2], [0, 2], [4, 0], [2, 2], [4, 1], [2, 0], [3, 1], [2, 1], [3, 1], [2, 2], [3, 2], [1, 2], [3, 0], [1, 3], [3, 1], [1, 4], [3, 1], [0, 4], [3, 1], [1, 4], [4, 1], [0, 4], [4, 1], [0, 3], [5, 1], [0, 2], [5, 1], [1, 2], [5, 2], [2, 2], [5, 2], [3, 2], [6, 2], [3, 3], [5, 2], [0, 3], [5, 3]], "a_points": [1, 1, 2, 2, 2, 2, 3, 3, 5, 5, 5, 5, 5, 5, 9, 9, 9, 9, 10, 10, 12, 12, 12, 12, 12, 12, 12, 12, 13, 13, 14, 14, 15, 15, 15, 15, 16, 16, 17, 17, 18, 18, 19, 19, 20, 20, 22, 22, 24, 24, 24, 24, 24, 24, 24, 24, 24, 24, 25, 25, 25, 25, 25, 25, 25, 25, 26, 26, 27, 27, 28, 28, 28, 28, 28, 28, 28, 28, 32, 32], "b_points": [0, 0, 0, 1, 1, 2, 2, 3, 3, 4, 4, 5, 5, 5, 5, 5, 5, 3, 3, 3, 3, 4, 4, 2, 2, 2, 2, 2, 2, 3, 3, 4, 4, 5, 5, 9, 9, 13, 13, 14, 14, 18, 18, 18, 18, 20, 20, 20, 20, 20, 20, 18, 18, 19, 19, 21, 21, 21, 21, 19, 19, 17, 17, 17, 17, 15, 15, 15, 15, 19, 19, 20, 20, 18, 18, 18, 18, 19, 19, 19], "a_turns_left": [39, 39, 38, 38, 37, 37, 36, 36, 35, 35, 34, 34, 33, 33, 32, 32, 31, 31, 30, 30, 29, 29, 28, 28, 27, 27, 26, 26, 25, 25, 24, 24, 23, 23, 22, 22, 21, 21, 20, 20, 19, 19, 18, 18, 17, 17, 16, 16, 15, 15, 14, 14, 13, 13, 12, 12, 11, 11, 10, 10, 9, 9, 8, 8, 7, 7, 6, 6, 5, 5, 4, 4, 3, 3, 2, 2, 1, 1, 0, 0], "b_turns_left": [40, 39, 39, 38, 38, 37, 37, 36, 36, 35, 35, 34, 34, 33, 33, 32, 32, 31, 31, 30, 30, 29, 29, 28, 28, 27, 27, 26, 26, 25, 25, 24, 24, 23, 23, 22, 22, 21, 21, 20, 20, 19, 19, 18, 18, 17, 17, 16, 16, 15, 15, 14, 14, 13, 13, 12, 12, 11, 11, 10, 10, 9, 9, 8, 8, 7, 7, 6, 6, 5, 5, 4, 4, 3, 3, 2, 2, 1, 1, 0], "a_time_left": [235.39042916707695, 235.39042916707695, 230.77714170794934, 230.77714170794934, 226.16678333305754, 226.16678333305754, 221.55116854095832, 221.55116854095832, 216.93558599893004, 216.93558599893004, 212.32545512379147, 212.32545512379147, 207.7139579579234, 207.7139579579234, 203.10212191590108, 203.10212191590108, 198.49195604096167, 198.49195604096167, 193.8801447909791, 193.8801447909791, 189.26683395798318, 189.26683395798318, 184.64081129105762, 184.64081129105762, 180.02839454100467, 180.02839454100467, 175.41759837511927, 175.41759837511927, 170.8077354580164, 170.8077354580164, 166.19758020783775, 166.19758020783775, 161.58554162387736, 161.58554162387736, 156.9566214988008, 156.9566214988008, 152.3447013318073, 152.3447013318073, 147.73366108187474, 147.73366108187474, 143.1059617488645, 143.1059617488645, 138.49337316583842, 138.49337316583842, 133.88440033281222, 133.88440033281222, 129.2770154166501, 129.2770154166501, 124.66652079159394, 124.66652079159394, 120.05894483369775, 120.05894483369775, 115.44564333371818, 115.44564333371818, 110.8344545008149, 110.8344545008149, 106.22505779284984, 106.22505779284984, 101.61531187593937, 101.61531187593937, 97.00794683396816, 97.00794683396816, 92.3993743758183, 92.3993743758183, 87.78837858373299, 87.78837858373299, 83.17824662453495, 83.17824662453495, 78.5675551656168, 78.5675551656168, 73.95865949848667, 73.95865949848667, 69.34803704055957, 69.34803704055957, 64.73190154042095, 64.73190154042095, 60.12457929039374, 60.12457929039374, 55.50590958236717, 55.50590958236717], "b_time_left": [240, 235.38656062516384, 235.38656062516384, 230.77224679198116, 230.77224679198116, 226.15557391685434, 226.15557391685434, 221.54450099985115, 221.54450099985115, 216.92955029197037, 216.92955029197037, 212.3138262501452, 212.3138262501452, 207.70419945800677, 207.70419945800677, 203.09554004203528, 203.09554004203528, 198.47831491706893, 198.47831491706893, 193.86372216721065, 193.86372216721065, 189.24878033413552, 189.24878033413552, 184.6265994592104, 184.6265994592104, 180.01560658426024, 180.01560658426024, 175.40513037517667, 175.40513037517667, 170.78923754114658, 170.78923754114658, 166.17932099895552, 166.17932099895552, 161.56886504101567, 161.56886504101567, 156.9520259159617, 156.9520259159617, 152.33567333291285, 152.33567333291285, 147.67289499985054, 147.67289499985054, 143.06417087488808, 143.06417087488808, 138.4551291668322, 138.4551291668322, 133.84747191681527, 133.84747191681527, 129.23222641693428, 129.23222641693428, 124.61766412481666, 124.61766412481666, 120.00578162469901, 120.00578162469901, 115.38907970767468, 115.38907970767468, 110.77838974958286, 110.77838974958286, 106.16527295764536, 106.16527295764536, 101.55010720761493, 101.55010720761493, 96.94042516569607, 96.94042516569607, 92.32164533250034, 92.32164533250034, 87.70760866557248, 87.70760866557248, 83.09954858268611, 83.09954858268611, 78.48487716563977, 78.48487716563977, 73.87227804050781, 73.87227804050781, 69.19090279052034, 69.19090279052034, 64.58107649860904, 64.58107649860904, 59.96951862378046, 59.96951862378046, 55.361348665785044], "rat_caught": [false, false, false, false, false, false, false, false, false, false, false, false, false, false, false, false, false, false, false, false, false, false, false, false, false, false, false, false, false, false, false, false, false, false, false, true, false, true, false, false, false, false, false, false, false, false, false, false, false, false, false, false, false, false, false, false, false, false, false, false, false, false, false, false, false, false, false, false, false, true, false, false, false, false, false, false, false, false, false, false], "left_behind": ["prime", "plain", "prime", "prime", "plain", "prime", "prime", "prime", "carpet", "prime", "plain", "prime", "plain", "plain", "carpet", "plain", "plain", "search", "prime", "plain", "carpet", "prime", "plain", "search", "plain", "plain", "plain", "plain", "prime", "prime", "prime", "prime", "prime", "prime", "plain", "search", "prime", "search", "prime", "prime", "prime", "carpet", "prime", "plain", "prime", "carpet", "carpet", "plain", "carpet", "plain", "plain", "search", "plain", "prime", "plain", "carpet", "plain", "plain", "prime", "search", "plain", "search", "plain", "plain", "plain", "search", "prime", "plain", "prime", "search", "prime", "prime", "plain", "search", "plain", "plain", "plain", "prime", "carpet", "plain"], "errlog_a": "turns=40, last_best_rat_prob=0.291, last_search_target=(5, 4), last_eval=188.57, last_depth=137, search_miss_streak=0, search_gain=-1000000000.00, board_gain=-81.37, opp_threat=2.00, opp_setup_threat=2.70, search_threshold=0.650", "errlog_b": "turns=40, last_best_rat_prob=0.245, last_search_target=(4, 2), last_eval=-253.16, last_depth=887, search_miss_streak=1, search_gain=-1000000000.00, board_gain=-21.43, opp_threat=0.00, opp_setup_threat=0.00, search_threshold=0.480", "start_time": 240, "start_moves": 80, "turn_count": 80, "result": 0, "reason": "POINTS", "trapdoors": [[3, 6], [3, 6], [3, 6], [3, 6], [3, 6], [3, 6], [3, 6], [3, 6], [3, 6], [3, 6], [3, 6], [4, 6], [5, 6], [5, 6], [6, 6], [6, 6], [6, 6], [6, 6], [6, 5], [6, 4], [5, 4], [5, 4], [5, 4], [5, 4], [4, 4], [4, 4], [4, 3], [5, 3], [5, 3], [5, 3], [5, 3], [5, 3], [6, 3], [6, 2], [6, 2], [6, 2], [5, 5], [5, 5], [6, 3], [7, 3], [6, 3], [6, 3], [6, 3], [6, 2], [6, 2], [6, 1], [7, 1], [7, 0], [7, 0], [6, 0], [6, 0], [6, 0], [6, 0], [6, 1], [6, 1], [6, 1], [5, 1], [4, 1], [4, 1], [4, 2], [4, 2], [4, 2], [4, 2], [5, 2], [5, 2], [5, 3], [5, 3], [5, 3], [5, 2], [5, 2], [5, 4], [5, 4], [5, 3], [6, 3], [5, 3], [5, 4], [5, 4], [6, 4], [6, 4], [5, 4], [5, 4]], "spawn_a": [3, 4], "spawn_b": [4, 4]}