{"pos": [[2, 5], [5, 3], [3, 5], [5, 2], [4, 5], [4, 2], [5, 5], [4, 3], [5, 5], [3, 3], [6, 5], [3, 2], [7, 5], [3, 2], [3, 5], [3, 2], [3, 4], [5, 2], [3, 5], [5, 4], [3, 3], [6, 4], [2, 3], [6, 3], [1, 3], [7, 3], [1, 2], [7, 4], [2, 2], [7, 5], [3, 2], [7, 3], [4, 2], [7, 4], [4, 2], [7, 5], [2, 2], [6, 5], [2, 5], [6, 3], [1, 5], [6, 4], [0, 5], [5, 4], [0, 4], [4, 4], [0, 3], [4, 4], [0, 2], [4, 5], [0, 5], [4, 3], [1, 5], [4, 2], [2, 5], [4, 1], [2, 6], [4, 0], [2, 7], [3, 0], [3, 7], [3, 1], [4, 7], [3, 2], [4, 6], [3, 2], [3, 6], [3, 2], [3, 5], [3, 2], [4, 5], [3, 0], [4, 7], [3, 1], [4, 6], [3, 1], [2, 6], [3, 2], [2, 5], [4, 2]], "a_points": [1, 1, 2, 2, 3, 3, 4, 4, 8, 8, 9, 9, 10, 10, 16, 16, 16, 16, 17, 17, 19, 19, 19, 19, 20, 20, 21, 21, 22, 22, 23, 23, 24, 24, 28, 28, 30, 30, 34, 34, 34, 34, 35, 35, 36, 36, 37, 37, 38, 38, 42, 42, 41, 41, 41, 41, 41, 41, 42, 42, 43, 43, 44, 44, 45, 45, 46, 46, 47, 47, 47, 47, 49, 49, 49, 49, 51, 51, 51, 51], "b_points": [0, 1, 1, 2, 2, 3, 3, 4, 4, 5, 5, 6, 6, 4, 4, 8, 8, 10, 10, 12, 12, 12, 12, 13, 13, 14, 14, 15, 15, 16, 16, 18, 18, 18, 18, 18, 18, 19, 19, 21, 21, 21, 21, 21, 21, 21, 21, 25, 25, 26, 26, 28, 28, 28, 28, 28, 28, 29, 29, 30, 30, 31, 31, 32, 32, 30, 30, 28, 28, 32, 32, 34, 34, 34, 34, 38, 38, 38, 38, 38], "a_turns_left": [39, 39, 38, 38, 37, 37, 36, 36, 35, 35, 34, 34, 33, 33, 32, 32, 31, 31, 30, 30, 29, 29, 28, 28, 27, 27, 26, 26, 25, 25, 24, 24, 23, 23, 22, 22, 21, 21, 20, 20, 19, 19, 18, 18, 17, 17, 16, 16, 15, 15, 14, 14, 13, 13, 12, 12, 11, 11, 10, 10, 9, 9, 8, 8, 7, 7, 6, 6, 5, 5, 4, 4, 3, 3, 2, 2, 1, 1, 0, 0], "b_turns_left": [40, 39, 39, 38, 38, 37, 37, 36, 36, 35, 35, 34, 34, 33, 33, 32, 32, 31, 31, 30, 30, 29, 29, 28, 28, 27, 27, 26, 26, 25, 25, 24, 24, 23, 23, 22, 22, 21, 21, 20, 20, 19, 19, 18, 18, 17, 17, 16, 16, 15, 15, 14, 14, 13, 13, 12, 12, 11, 11, 10, 10, 9, 9, 8, 8, 7, 7, 6, 6, 5, 5, 4, 4, 3, 3, 2, 2, 1, 1, 0], "a_time_left": [235.3872812089976, 235.3872812089976, 230.7783480011858, 230.7783480011858, 226.1645474601537, 226.1645474601537, 221.55069241928868, 221.55069241928868, 216.94015187723562, 216.94015187723562, 212.32746150228195, 212.32746150228195, 207.71771146031097, 207.71771146031097, 203.10686166840605, 203.10686166840605, 198.49791708542034, 198.49791708542034, 193.88711787736975, 193.88711787736975, 189.28120037727058, 189.28120037727058, 184.67271146038547, 184.67271146038547, 180.0623270852957, 180.0623270852957, 175.45208275225013, 175.45208275225013, 170.84406071016565, 170.84406071016565, 166.23264933517203, 166.23264933517203, 161.61219283519313, 161.61219283519313, 157.00408541806974, 157.00408541806974, 152.39544837619178, 152.39544837619178, 147.67981616826728, 147.67981616826728, 143.05947745917365, 143.05947745917365, 138.45138254226185, 138.45138254226185, 133.84052687510848, 133.84052687510848, 129.2335060411133, 129.2335060411133, 124.6252875411883, 124.6252875411883, 120.01875504106283, 120.01875504106283, 115.41028841608204, 115.41028841608204, 110.80397108197212, 110.80397108197212, 106.19820662308484, 106.19820662308484, 101.59077091515064, 101.59077091515064, 96.98134891525842, 96.98134891525842, 92.37062433222309, 92.37062433222309, 87.76342416624539, 87.76342416624539, 83.15362683334388, 83.15362683334388, 78.5423108744435, 78.5423108744435, 73.9351318324916, 73.9351318324916, 69.32761137443595, 69.32761137443595, 64.68734299950302, 64.68734299950302, 60.08123237453401, 60.08123237453401, 55.47553545748815, 55.47553545748815], "b_time_left": [240, 239.996714042034, 239.996714042034, 239.99492208403535, 239.99492208403535, 239.99295762600377, 239.99295762600377, 239.99035391700454, 239.99035391700454, 239.98834612593055, 239.98834612593055, 239.98582254280336, 239.98582254280336, 239.9838575005997, 239.9838575005997, 239.9823503755033, 239.9823503755033, 239.98057562531903, 239.98057562531903, 239.97910600039177, 239.97910600039177, 239.9777326665353, 239.9777326665353, 239.97595762461424, 239.97595762461424, 239.971269457601, 239.971269457601, 239.9685709576588, 239.9685709576588, 239.96707024984062, 239.96707024984062, 239.96200545784086, 239.96200545784086, 239.96103087463416, 239.96103087463416, 239.95945983263664, 239.95945983263664, 239.9579019995872, 239.9579019995872, 239.94788449956104, 239.94788449956104, 239.9467315825168, 239.9467315825168, 239.94522045738995, 239.94522045738995, 239.93768649944104, 239.93768649944104, 239.93575095850974, 239.93575095850974, 239.93431462557055, 239.93431462557055, 239.93274150043726, 239.93274150043726, 239.93134008347988, 239.93134008347988, 239.92970691644587, 239.92970691644587, 239.92782012443058, 239.92782012443058, 239.92504370748065, 239.92504370748065, 239.923492124537, 239.923492124537, 239.92141708359122, 239.92141708359122, 239.91936116758734, 239.91936116758734, 239.91791016748175, 239.91791016748175, 239.91571691748686, 239.91571691748686, 239.9119534585625, 239.9119534585625, 239.91113700065762, 239.91113700065762, 239.90419675060548, 239.90419675060548, 239.8976535005495, 239.8976535005495, 239.89536020858213], "rat_caught": [false, false, false, false, false, false, false, false, true, false, false, false, false, false, false, true, false, false, false, false, false, false, false, false, false, false, false, false, false, false, false, false, false, false, true, false, false, false, false, false, false, false, false, false, false, false, false, true, false, false, false, false, false, false, false, false, false, false, false, false, false, false, false, false, false, false, false, false, false, true, false, false, false, false, false, true, false, false, false, false], "left_behind": ["prime", "prime", "prime", "prime", "prime", "prime", "prime", "prime", "search", "prime", "prime", "prime", "prime", "search", "carpet", "search", "plain", "carpet", "prime", "carpet", "carpet", "plain", "plain", "prime", "prime", "prime", "prime", "prime", "prime", "prime", "prime", "carpet", "prime", "plain", "search", "plain", "carpet", "prime", "carpet", "carpet", "plain", "plain", "prime", "plain", "prime", "plain", "prime", "search", "prime", "prime", "carpet", "carpet", "carpet", "plain", "plain", "plain", "plain", "prime", "prime", "prime", "prime", "prime", "prime", "prime", "prime", "search", "prime", "search", "prime", "search", "plain", "carpet", "carpet", "plain", "plain", "search", "carpet", "plain", "plain", "plain"], "errlog_a": "turns=40, last_best_rat_prob=0.331, last_search_target=(3, 2), last_eval=284.92, last_depth=261, search_miss_streak=0, search_gain=-1000.10, board_gain=0.55, opp_threat=0.00, opp_setup_threat=2.30", "errlog_b": "", "start_time": 240, "start_moves": 80, "turn_count": 80, "result": 0, "reason": "POINTS", "trapdoors": [[1, 4], [1, 4], [1, 4], [1, 4], [1, 4], [1, 4], [1, 3], [1, 3], [1, 3], [1, 1], [2, 1], [2, 1], [2, 1], [3, 1], [3, 1], [3, 2], [1, 4], [1, 4], [1, 4], [1, 4], [1, 4], [1, 4], [1, 4], [1, 4], [1, 4], [1, 4], [1, 4], [1, 3], [1, 2], [1, 2], [1, 2], [2, 2], [2, 2], [2, 2], [2, 3], [6, 1], [6, 1], [6, 1], [6, 1], [6, 2], [6, 1], [5, 1], [5, 1], [4, 1], [4, 1], [4, 1], [4, 1], [4, 2], [5, 3], [5, 4], [5, 4], [5, 5], [6, 5], [6, 5], [6, 4], [6, 3], [6, 2], [6, 2], [6, 2], [6, 2], [6, 2], [6, 3], [6, 3], [6, 3], [6, 3], [6, 3], [6, 3], [6, 3], [6, 3], [6, 3], [7, 3], [7, 3], [7, 3], [7, 2], [7, 1], [7, 1], [0, 5], [0, 4], [0, 4], [0, 4], [0, 4]], "spawn_a": [2, 4], "spawn_b": [5, 4]}