{"pos": [[2, 4], [4, 5], [2, 3], [4, 6], [2, 2], [3, 6], [2, 1], [3, 5], [2, 1], [3, 4], [2, 0], [2, 4], [2, 3], [2, 5], [3, 3], [5, 5], [4, 3], [5, 5], [4, 4], [5, 4], [4, 5], [4, 4], [3, 5], [3, 4], [4, 5], [4, 4], [3, 5], [3, 4], [2, 5], [3, 5], [2, 6], [3, 3], [4, 6], [3, 2], [4, 5], [3, 1], [4, 4], [3, 0], [5, 4], [4, 0], [5, 3], [4, 1], [6, 3], [4, 2], [6, 3], [5, 2], [6, 2], [3, 2], [5, 2], [3, 2], [4, 2], [3, 3], [4, 3], [3, 2], [6, 3], [3, 0], [6, 3], [3, 1], [7, 3], [3, 2], [7, 3], [4, 2], [6, 3], [4, 2], [5, 3], [6, 2], [4, 3], [6, 3], [5, 3], [6, 4], [6, 3], [7, 4], [6, 4], [7, 3], [6, 4], [6, 3], [7, 4], [6, 3], [6, 4], [5, 3]], "a_points": [1, 1, 2, 2, 3, 3, 4, 4, 2, 2, 3, 3, 7, 7, 7, 7, 8, 8, 9, 9, 10, 10, 10, 10, 10, 10, 10, 10, 10, 10, 10, 10, 12, 12, 12, 12, 12, 12, 12, 12, 13, 13, 14, 14, 12, 12, 13, 13, 14, 14, 15, 15, 14, 14, 16, 16, 20, 20, 20, 20, 18, 18, 19, 19, 19, 19, 19, 19, 19, 19, 19, 19, 18, 18, 16, 16, 16, 16, 17, 17], "b_points": [0, 1, 1, 2, 2, 3, 3, 4, 4, 5, 5, 4, 4, 3, 3, 7, 7, 11, 11, 11, 11, 10, 10, 10, 10, 10, 10, 10, 10, 11, 11, 13, 13, 13, 13, 14, 14, 15, 15, 16, 16, 17, 17, 18, 18, 19, 19, 21, 21, 25, 25, 25, 25, 25, 25, 27, 27, 27, 27, 27, 27, 27, 27, 31, 31, 33, 33, 33, 33, 33, 33, 34, 34, 33, 33, 33, 33, 37, 37, 37], "a_turns_left": [39, 39, 38, 38, 37, 37, 36, 36, 35, 35, 34, 34, 33, 33, 32, 32, 31, 31, 30, 30, 29, 29, 28, 28, 27, 27, 26, 26, 25, 25, 24, 24, 23, 23, 22, 22, 21, 21, 20, 20, 19, 19, 18, 18, 17, 17, 16, 16, 15, 15, 14, 14, 13, 13, 12, 12, 11, 11, 10, 10, 9, 9, 8, 8, 7, 7, 6, 6, 5, 5, 4, 4, 3, 3, 2, 2, 1, 1, 0, 0], "b_turns_left": [40, 39, 39, 38, 38, 37, 37, 36, 36, 35, 35, 34, 34, 33, 33, 32, 32, 31, 31, 30, 30, 29, 29, 28, 28, 27, 27, 26, 26, 25, 25, 24, 24, 23, 23, 22, 22, 21, 21, 20, 20, 19, 19, 18, 18, 17, 17, 16, 16, 15, 15, 14, 14, 13, 13, 12, 12, 11, 11, 10, 10, 9, 9, 8, 8, 7, 7, 6, 6, 5, 5, 4, 4, 3, 3, 2, 2, 1, 1, 0], "a_time_left": [235.39028100017458, 235.39028100017458, 230.7781790413428, 230.7781790413428, 226.16383399930783, 226.16383399930783, 221.55373424943537, 221.55373424943537, 216.93482749932446, 216.93482749932446, 212.32086841529235, 212.32086841529235, 207.7086458732374, 207.7086458732374, 203.0954504981637, 203.0954504981637, 198.4848309571389, 198.4848309571389, 193.86580120702274, 193.86580120702274, 189.25651566497982, 189.25651566497982, 184.65138891479, 184.65138891479, 180.0370829149615, 180.0370829149615, 175.431362247793, 175.431362247793, 170.82236899761483, 170.82236899761483, 166.2153992895037, 166.2153992895037, 161.60732120648026, 161.60732120648026, 157.00088866543956, 157.00088866543956, 152.3915933324024, 152.3915933324024, 147.7626885403879, 147.7626885403879, 143.14720441540703, 143.14720441540703, 138.5344919564668, 138.5344919564668, 133.9188564985525, 133.9188564985525, 129.30956816556863, 129.30956816556863, 124.70017116540112, 124.70017116540112, 120.09170287451707, 120.09170287451707, 115.48194008343853, 115.48194008343853, 110.8685026676394, 110.8685026676394, 106.25541150174104, 106.25541150174104, 101.64561925176531, 101.64561925176531, 97.033993876772, 97.033993876772, 92.42507204296999, 92.42507204296999, 87.80762829305604, 87.80762829305604, 83.19856050121598, 83.19856050121598, 78.5874967102427, 78.5874967102427, 73.98011287627742, 73.98011287627742, 69.37112950137816, 69.37112950137816, 64.74806833430193, 64.74806833430193, 60.140671542380005, 60.140671542380005, 55.5352042093873, 55.5352042093873], "b_time_left": [240, 235.38907800009474, 235.38907800009474, 230.77475920924917, 230.77475920924917, 226.16573791834526, 226.16573791834526, 221.55478425114416, 221.55478425114416, 216.94097620924003, 216.94097620924003, 212.32638462539762, 212.32638462539762, 207.71426283451729, 207.71426283451729, 203.09840612648986, 203.09840612648986, 198.48669312661514, 198.48669312661514, 193.87553558545187, 193.87553558545187, 189.26731091854163, 189.26731091854163, 184.66003200272098, 184.66003200272098, 180.05050341878086, 180.05050341878086, 175.44251358578913, 175.44251358578913, 170.83430150174536, 170.83430150174536, 166.22162650176324, 166.22162650176324, 161.61304383492097, 161.61304383492097, 156.99700329289772, 156.99700329289772, 152.17101450194605, 152.17101450194605, 147.55789783480577, 147.55789783480577, 142.87458512675948, 142.87458512675948, 138.26395125174895, 138.26395125174895, 133.6517949188128, 133.6517949188128, 129.04064921080135, 129.04064921080135, 124.42595504387282, 124.42595504387282, 119.81210146076046, 119.81210146076046, 115.194476085715, 115.194476085715, 110.58084475272335, 110.58084475272335, 105.97125066863373, 105.97125066863373, 101.36091708461754, 101.36091708461754, 96.75133612658828, 96.75133612658828, 92.13090945966542, 92.13090945966542, 87.51854054373689, 87.51854054373689, 82.90831179381348, 82.90831179381348, 78.2992816278711, 78.2992816278711, 73.69042900297791, 73.69042900297791, 69.08532217005268, 69.08532217005268, 64.4535250030458, 64.4535250030458, 59.845495752990246, 59.845495752990246, 55.172104419907555], "rat_caught": [false, false, false, false, false, false, false, false, false, false, false, false, false, false, false, false, false, true, false, false, false, false, false, false, false, false, false, false, false, false, false, false, false, false, false, false, false, false, false, false, false, false, false, false, false, false, false, false, false, true, false, false, false, false, false, false, true, false, false, false, false, false, false, true, false, false, false, false, false, false, false, false, false, false, false, false, false, true, false, false], "left_behind": ["prime", "prime", "prime", "prime", "prime", "prime", "prime", "prime", "search", "prime", "prime", "carpet", "carpet", "carpet", "plain", "carpet", "prime", "search", "prime", "plain", "prime", "carpet", "plain", "plain", "plain", "plain", "plain", "plain", "plain", "prime", "plain", "carpet", "carpet", "plain", "plain", "prime", "plain", "prime", "plain", "prime", "prime", "prime", "prime", "prime", "search", "prime", "prime", "carpet", "prime", "search", "prime", "plain", "carpet", "plain", "carpet", "carpet", "search", "plain", "plain", "plain", "search", "plain", "prime", "search", "plain", "carpet", "plain", "plain", "plain", "plain", "plain", "prime", "carpet", "carpet", "search", "plain", "plain", "search", "prime", "plain"], "errlog_a": "turns=40, last_best_rat_prob=0.159, last_search_target=(2, 4), last_eval=-542.20, last_depth=348, search_miss_streak=2, search_gain=-1000000000.00, board_gain=32.06, opp_threat=0.00, opp_setup_threat=0.00, search_threshold=0.580", "errlog_b": "turns=40, last_best_rat_prob=0.261, last_search_target=(5, 2), last_eval=543.00, last_depth=1417, search_miss_streak=0, search_gain=-1000000006.00, board_gain=33.99, opp_threat=0.00, opp_setup_threat=0.00, search_threshold=0.560", "start_time": 240, "start_moves": 80, "turn_count": 80, "result": 1, "reason": "POINTS", "trapdoors": [[7, 3], [7, 3], [7, 2], [7, 2], [7, 2], [7, 2], [7, 1], [6, 1], [6, 2], [5, 2], [5, 3], [5, 3], [5, 4], [5, 4], [5, 4], [5, 3], [5, 3], [5, 3], [5, 0], [4, 0], [4, 0], [4, 1], [4, 1], [4, 1], [4, 1], [5, 1], [5, 1], [5, 2], [5, 2], [4, 2], [3, 2], [3, 2], [3, 2], [2, 2], [2, 3], [2, 3], [2, 3], [2, 3], [2, 3], [2, 3], [2, 3], [2, 3], [3, 3], [3, 4], [3, 5], [4, 5], [4, 6], [5, 6], [5, 5], [6, 5], [5, 1], [5, 2], [5, 2], [5, 2], [5, 2], [5, 2], [5, 2], [7, 4], [7, 4], [7, 3], [7, 3], [7, 3], [7, 3], [7, 4], [1, 3], [1, 3], [1, 2], [1, 2], [1, 2], [0, 2], [0, 2], [0, 1], [1, 1], [1, 1], [1, 2], [1, 3], [1, 3], [1, 3], [4, 3], [4, 3], [4, 3]], "spawn_a": [2, 5], "spawn_b": [5, 5]}