{"pos": [[3, 2], [5, 3], [3, 3], [5, 4], [4, 3], [4, 4], [4, 2], [4, 5], [2, 2], [5, 5], [2, 3], [5, 6], [1, 3], [5, 2], [0, 3], [6, 2], [4, 3], [6, 2], [4, 4], [6, 3], [3, 4], [5, 3], [2, 4], [5, 4], [4, 4], [6, 4], [3, 4], [7, 4], [3, 5], [6, 4], [2, 5], [5, 4], [1, 5], [5, 5], [4, 5], [5, 4], [4, 6], [7, 4], [4, 7], [7, 4], [3, 7], [6, 4], [3, 6], [6, 2], [4, 6], [7, 2], [4, 6], [7, 3], [5, 6], [7, 3], [3, 6], [7, 4], [3, 5], [7, 2], [2, 5], [6, 2], [1, 5], [5, 2], [1, 4], [4, 2], [0, 4], [4, 1], [1, 4], [4, 0], [1, 4], [4, 1], [2, 4], [3, 1], [2, 3], [3, 2], [2, 2], [4, 2], [3, 2], [4, 3], [2, 2], [4, 0], [1, 2], [4, 1], [1, 3], [4, 2]], "a_points": [1, 1, 2, 2, 3, 3, 4, 4, 6, 6, 6, 6, 7, 7, 8, 8, 14, 14, 14, 14, 15, 15, 16, 16, 18, 18, 18, 18, 18, 18, 19, 19, 20, 20, 24, 24, 24, 24, 24, 24, 25, 25, 26, 26, 27, 27, 31, 31, 32, 32, 34, 34, 34, 34, 34, 34, 34, 34, 35, 35, 35, 35, 36, 36, 40, 40, 41, 41, 42, 42, 42, 42, 42, 42, 42, 42, 42, 42, 43, 43], "b_points": [0, 1, 1, 2, 2, 3, 3, 3, 3, 4, 4, 5, 5, 11, 11, 11, 11, 15, 15, 16, 16, 17, 17, 17, 17, 17, 17, 17, 17, 18, 18, 19, 19, 19, 19, 19, 19, 21, 21, 25, 25, 25, 25, 27, 27, 27, 27, 28, 28, 26, 26, 27, 27, 29, 29, 29, 29, 29, 29, 29, 29, 29, 29, 29, 29, 30, 30, 31, 31, 32, 32, 32, 32, 33, 33, 37, 37, 37, 37, 37], "a_turns_left": [39, 39, 38, 38, 37, 37, 36, 36, 35, 35, 34, 34, 33, 33, 32, 32, 31, 31, 30, 30, 29, 29, 28, 28, 27, 27, 26, 26, 25, 25, 24, 24, 23, 23, 22, 22, 21, 21, 20, 20, 19, 19, 18, 18, 17, 17, 16, 16, 15, 15, 14, 14, 13, 13, 12, 12, 11, 11, 10, 10, 9, 9, 8, 8, 7, 7, 6, 6, 5, 5, 4, 4, 3, 3, 2, 2, 1, 1, 0, 0], "b_turns_left": [40, 39, 39, 38, 38, 37, 37, 36, 36, 35, 35, 34, 34, 33, 33, 32, 32, 31, 31, 30, 30, 29, 29, 28, 28, 27, 27, 26, 26, 25, 25, 24, 24, 23, 23, 22, 22, 21, 21, 20, 20, 19, 19, 18, 18, 17, 17, 16, 16, 15, 15, 14, 14, 13, 13, 12, 12, 11, 11, 10, 10, 9, 9, 8, 8, 7, 7, 6, 6, 5, 5, 4, 4, 3, 3, 2, 2, 1, 1, 0], "a_time_left": [236.30997912492603, 236.30997912492603, 232.61521633388475, 232.61521633388475, 228.91168029187247, 228.91168029187247, 225.21751454193145, 225.21751454193145, 221.52259354200214, 221.52259354200214, 217.8315459168516, 217.8315459168516, 214.13210024987347, 214.13210024987347, 210.44077058299445, 210.44077058299445, 206.74589716712944, 206.74589716712944, 203.04908237513155, 203.04908237513155, 199.3509880832862, 199.3509880832862, 195.65507816709578, 195.65507816709578, 191.95734700118192, 191.95734700118192, 188.26576445926912, 188.26576445926912, 184.57201587525196, 184.57201587525196, 180.8748719592113, 180.8748719592113, 177.17844512523152, 177.17844512523152, 173.487032542238, 173.487032542238, 169.79054187634028, 169.79054187634028, 166.09612000128254, 166.09612000128254, 162.4046621681191, 162.4046621681191, 158.70082671032287, 158.70082671032287, 154.9970592102036, 154.9970592102036, 151.28562966920435, 151.28562966920435, 147.58866908610798, 147.58866908610798, 143.89052475313656, 143.89052475313656, 140.19036017009057, 140.19036017009057, 136.4920334201306, 136.4920334201306, 132.79208196117543, 132.79208196117543, 129.09638491924852, 129.09638491924852, 125.39880175329745, 125.39880175329745, 121.70897596119903, 121.70897596119903, 118.01290837815031, 118.01290837815031, 114.31870208727196, 114.31870208727196, 110.61508171237074, 110.61508171237074, 106.9240540873725, 106.9240540873725, 103.23343221237883, 103.23343221237883, 99.53657446242869, 99.53657446242869, 95.8445372544229, 95.8445372544229, 92.15557058737613, 92.15557058737613], "b_time_left": [240, 235.386145333061, 235.386145333061, 230.77441783295944, 230.77441783295944, 226.1474375410471, 226.1474375410471, 221.52476966613904, 221.52476966613904, 216.90639804117382, 216.90639804117382, 212.29267795826308, 212.29267795826308, 207.67183291632682, 207.67183291632682, 203.05714037432335, 203.05714037432335, 198.44330574921332, 198.44330574921332, 193.81308112409897, 193.81308112409897, 189.19566699909046, 189.19566699909046, 184.58193133305758, 184.58193133305758, 179.96106524998322, 179.96106524998322, 175.34996629180387, 175.34996629180387, 170.73071050085127, 170.73071050085127, 166.11840033484623, 166.11840033484623, 161.5008563348092, 161.5008563348092, 156.88852537679486, 156.88852537679486, 152.2690465017222, 152.2690465017222, 147.64338175184093, 147.64338175184093, 143.02995762671344, 143.02995762671344, 138.41104808473028, 138.41104808473028, 133.79893820988946, 133.79893820988946, 129.18472666898742, 129.18472666898742, 124.57217991887592, 124.57217991887592, 119.95415112772025, 119.95415112772025, 115.3417067527771, 115.3417067527771, 110.72880046092905, 110.72880046092905, 106.10854954388924, 106.10854954388924, 101.48843046091497, 101.48843046091497, 96.86546408594586, 96.86546408594586, 92.25455158599652, 92.25455158599652, 87.6428635858465, 87.6428635858465, 83.02288071089424, 83.02288071089424, 78.4140101687517, 78.4140101687517, 73.80195854371414, 73.80195854371414, 69.18941537686624, 69.18941537686624, 64.5715723768808, 64.5715723768808, 59.961975793819875, 59.961975793819875, 55.353781543672085], "rat_caught": [false, false, false, false, false, false, false, false, false, false, false, false, false, false, false, false, false, true, false, false, false, false, false, false, false, false, false, false, false, false, false, false, false, false, false, false, false, false, false, true, false, false, false, false, false, false, true, false, false, false, false, false, false, false, false, false, false, false, false, false, false, false, false, false, true, false, false, false, false, false, false, false, false, false, false, false, false, false, false, false], "left_behind": ["prime", "prime", "prime", "prime", "prime", "prime", "prime", "plain", "carpet", "prime", "plain", "prime", "prime", "carpet", "prime", "plain", "carpet", "search", "plain", "prime", "prime", "prime", "prime", "plain", "carpet", "plain", "plain", "plain", "plain", "prime", "prime", "prime", "prime", "plain", "carpet", "plain", "plain", "carpet", "plain", "search", "prime", "plain", "prime", "carpet", "prime", "plain", "search", "prime", "prime", "search", "carpet", "prime", "plain", "carpet", "plain", "plain", "plain", "plain", "prime", "plain", "plain", "plain", "prime", "plain", "search", "prime", "prime", "prime", "prime", "prime", "plain", "plain", "plain", "prime", "plain", "carpet", "plain", "plain", "prime", "plain"], "errlog_a": "turns=40, last_best_rat_prob=0.447, last_search_target=(4, 6), last_eval=131.04, last_depth=117, search_miss_streak=0, search_gain=-1000000003.00, board_gain=-14.36, opp_threat=0.00, opp_setup_threat=0.00, search_threshold=0.580", "errlog_b": "turns=40, last_best_rat_prob=0.387, last_search_target=(6, 5), last_eval=-199.14, last_depth=902, search_miss_streak=1, search_gain=-1000000000.00, board_gain=9.46, opp_threat=2.00, opp_setup_threat=2.00, search_threshold=0.410", "start_time": 240, "start_moves": 80, "turn_count": 80, "result": 0, "reason": "POINTS", "trapdoors": [[2, 6], [2, 6], [2, 6], [2, 6], [2, 6], [1, 6], [1, 5], [1, 5], [1, 5], [1, 5], [1, 5], [1, 5], [1, 5], [1, 5], [0, 5], [0, 6], [0, 6], [0, 6], [0, 6], [0, 6], [0, 6], [1, 6], [1, 6], [1, 6], [1, 5], [1, 5], [1, 5], [1, 5], [1, 5], [1, 6], [1, 6], [2, 6], [2, 6], [2, 6], [2, 6], [2, 6], [2, 6], [2, 6], [2, 5], [2, 5], [5, 1], [4, 1], [4, 1], [4, 2], [4, 2], [4, 2], [4, 3], [3, 5], [3, 5], [3, 5], [4, 5], [4, 5], [4, 6], [4, 6], [5, 6], [5, 6], [4, 6], [4, 6], [4, 6], [3, 6], [3, 6], [3, 6], [2, 6], [2, 6], [2, 6], [5, 4], [5, 4], [5, 4], [5, 4], [4, 4], [4, 4], [4, 4], [4, 4], [4, 4], [4, 4], [4, 5], [4, 5], [4, 6], [4, 6], [4, 6], [5, 6]], "spawn_a": [2, 2], "spawn_b": [5, 2]}