{"pos": [[3, 3], [4, 5], [2, 3], [4, 6], [3, 3], [4, 7], [3, 2], [4, 4], [3, 4], [4, 4], [2, 4], [3, 4], [2, 5], [3, 5], [2, 6], [3, 6], [2, 3], [3, 6], [2, 2], [3, 6], [3, 2], [3, 7], [4, 2], [3, 5], [5, 2], [3, 6], [6, 2], [3, 7], [7, 2], [2, 7], [7, 3], [2, 6], [7, 4], [2, 5], [7, 2], [1, 5], [2, 2], [1, 4], [2, 1], [1, 4], [3, 1], [0, 4], [3, 1], [0, 3], [3, 0], [1, 3], [4, 0], [2, 3], [4, 1], [0, 3], [5, 1], [1, 3], [5, 2], [1, 5], [5, 3], [0, 5], [5, 4], [1, 5], [5, 5], [1, 4], [5, 6], [1, 4], [5, 7], [2, 4], [5, 3], [2, 3], [5, 2], [2, 3], [5, 2], [2, 3], [5, 2], [3, 3], [5, 1], [3, 3], [2, 1], [4, 3], [2, 0], [5, 3], [2, 1], [6, 3]], "a_points": [1, 1, 1, 1, 2, 2, 3, 3, 5, 5, 5, 5, 6, 6, 7, 7, 11, 11, 11, 11, 12, 12, 13, 13, 14, 14, 15, 15, 16, 16, 17, 17, 18, 18, 20, 20, 30, 30, 30, 30, 31, 31, 35, 35, 36, 36, 37, 37, 38, 38, 39, 39, 40, 40, 40, 40, 41, 41, 42, 42, 43, 43, 44, 44, 50, 50, 50, 50, 48, 48, 46, 46, 45, 45, 49, 49, 49, 49, 50, 50], "b_points": [0, 1, 1, 2, 2, 3, 3, 7, 7, 5, 5, 5, 5, 5, 5, 6, 6, 4, 4, 2, 2, 3, 3, 5, 5, 5, 5, 5, 5, 6, 6, 7, 7, 8, 8, 8, 8, 9, 9, 13, 13, 14, 14, 15, 15, 16, 16, 17, 17, 19, 19, 19, 19, 21, 21, 21, 21, 22, 22, 22, 22, 26, 26, 26, 26, 26, 26, 24, 24, 22, 22, 22, 22, 26, 26, 26, 26, 27, 27, 27], "a_turns_left": [39, 39, 38, 38, 37, 37, 36, 36, 35, 35, 34, 34, 33, 33, 32, 32, 31, 31, 30, 30, 29, 29, 28, 28, 27, 27, 26, 26, 25, 25, 24, 24, 23, 23, 22, 22, 21, 21, 20, 20, 19, 19, 18, 18, 17, 17, 16, 16, 15, 15, 14, 14, 13, 13, 12, 12, 11, 11, 10, 10, 9, 9, 8, 8, 7, 7, 6, 6, 5, 5, 4, 4, 3, 3, 2, 2, 1, 1, 0, 0], "b_turns_left": [40, 39, 39, 38, 38, 37, 37, 36, 36, 35, 35, 34, 34, 33, 33, 32, 32, 31, 31, 30, 30, 29, 29, 28, 28, 27, 27, 26, 26, 25, 25, 24, 24, 23, 23, 22, 22, 21, 21, 20, 20, 19, 19, 18, 18, 17, 17, 16, 16, 15, 15, 14, 14, 13, 13, 12, 12, 11, 11, 10, 10, 9, 9, 8, 8, 7, 7, 6, 6, 5, 5, 4, 4, 3, 3, 2, 2, 1, 1, 0], "a_time_left": [235.39049108303152, 235.39049108303152, 230.75966054107994, 230.75966054107994, 226.1391204581596, 226.1391204581596, 221.5235032083001, 221.5235032083001, 216.9109182502143, 216.9109182502143, 212.2945553753525, 212.2945553753525, 207.68351275031455, 207.68351275031455, 202.8983179591596, 202.8983179591596, 198.2638725421857, 198.2638725421857, 193.65253312513232, 193.65253312513232, 189.03746345918626, 189.03746345918626, 184.42276379326358, 184.42276379326358, 179.80783321033232, 179.80783321033232, 175.1965890014544, 175.1965890014544, 170.57926308456808, 170.57926308456808, 165.95977366855368, 165.95977366855368, 161.34464271040633, 161.34464271040633, 156.73609900241718, 156.73609900241718, 152.11899121035822, 152.11899121035822, 147.49982700240798, 147.49982700240798, 142.87742258654907, 142.87742258654907, 138.25489700352773, 138.25489700352773, 133.6399055875372, 133.6399055875372, 129.0209627954755, 129.0209627954755, 124.40976262954064, 124.40976262954064, 119.79152404656634, 119.79152404656634, 115.17190471361391, 115.17190471361391, 110.56328175473027, 110.56328175473027, 105.94326250464655, 105.94326250464655, 101.32757721259259, 101.32757721259259, 96.70436721248552, 96.70436721248552, 92.08757046260871, 92.08757046260871, 87.45808271248825, 87.45808271248825, 82.84626500448212, 82.84626500448212, 78.22731992136687, 78.22731992136687, 73.59550712932833, 73.59550712932833, 68.98777412925847, 68.98777412925847, 64.33622354641557, 64.33622354641557, 59.72038833843544, 59.72038833843544, 55.111306755337864, 55.111306755337864], "b_time_left": [240, 235.37778208311647, 235.37778208311647, 230.7611349581275, 230.7611349581275, 226.14409000007436, 226.14409000007436, 221.50105483387597, 221.50105483387597, 216.88367266696878, 216.88367266696878, 212.26735233399086, 212.26735233399086, 207.65314112603664, 207.65314112603664, 203.02218270907179, 203.02218270907179, 198.40359229198657, 198.40359229198657, 193.7802327501122, 193.7802327501122, 189.16412687511183, 189.16412687511183, 184.5430954170879, 184.5430954170879, 179.92259433399886, 179.92259433399886, 175.31214187620208, 175.31214187620208, 170.69783245911822, 170.69783245911822, 166.08848541695625, 166.08848541695625, 161.4622410829179, 161.4622410829179, 156.84805058292113, 156.84805058292113, 152.22638495801948, 152.22638495801948, 147.60102545795962, 147.60102545795962, 142.97036929195747, 142.97036929195747, 138.36080929194577, 138.36080929194577, 133.74340158398263, 133.74340158398263, 129.12378475093283, 129.12378475093283, 124.50134470895864, 124.50134470895864, 119.89350304193795, 119.89350304193795, 115.28571816696785, 115.28571816696785, 110.66768554178998, 110.66768554178998, 106.04391229175963, 106.04391229175963, 101.43031816673465, 101.43031816673465, 96.81826504156925, 96.81826504156925, 92.18883591657504, 92.18883591657504, 87.57464125053957, 87.57464125053957, 82.93964712554589, 82.93964712554589, 78.3143250006251, 78.3143250006251, 73.6812122084666, 73.6812122084666, 69.05375016643666, 69.05375016643666, 64.4419118752703, 64.4419118752703, 59.81176016712561, 59.81176016712561, 55.201277792220935], "rat_caught": [false, false, false, false, false, false, false, false, false, false, false, false, false, false, false, false, false, false, false, false, false, false, false, false, false, false, false, false, false, false, false, false, false, false, false, false, false, false, false, true, false, false, true, false, false, false, false, false, false, false, false, false, false, false, false, false, false, false, false, false, false, true, false, false, false, false, false, false, false, false, false, false, false, true, false, false, false, false, false, false], "left_behind": ["prime", "prime", "plain", "prime", "prime", "prime", "prime", "carpet", "carpet", "search", "plain", "plain", "prime", "plain", "prime", "prime", "carpet", "search", "plain", "search", "prime", "prime", "prime", "carpet", "prime", "plain", "prime", "plain", "prime", "prime", "prime", "prime", "prime", "prime", "carpet", "plain", "carpet", "prime", "plain", "search", "prime", "prime", "search", "prime", "prime", "prime", "prime", "prime", "prime", "carpet", "prime", "plain", "prime", "carpet", "plain", "plain", "prime", "prime", "prime", "plain", "prime", "search", "prime", "plain", "carpet", "plain", "plain", "search", "search", "search", "search", "plain", "carpet", "search", "carpet", "plain", "plain", "prime", "prime", "plain"], "errlog_a": "turns=40, last_best_rat_prob=0.504, last_search_target=(5, 2), last_eval=357.87, last_depth=121, search_miss_streak=2, search_gain=-1000000012.00, board_gain=-40.59, opp_threat=0.00, opp_setup_threat=0.35, search_threshold=0.620", "errlog_b": "turns=40, last_best_rat_prob=0.277, last_search_target=(5, 0), last_eval=-559.95, last_depth=538, search_miss_streak=0, search_gain=-1000000000.00, board_gain=-0.52, opp_threat=0.00, opp_setup_threat=1.70, search_threshold=0.450", "start_time": 240, "start_moves": 80, "turn_count": 80, "result": 0, "reason": "POINTS", "trapdoors": [[0, 7], [1, 7], [0, 7], [0, 6], [1, 6], [2, 6], [2, 6], [2, 6], [3, 6], [4, 6], [4, 5], [4, 5], [4, 5], [4, 5], [4, 5], [4, 5], [4, 5], [4, 4], [3, 4], [3, 4], [3, 4], [3, 4], [3, 3], [3, 3], [2, 3], [2, 3], [2, 4], [2, 5], [2, 4], [2, 4], [2, 4], [2, 4], [2, 4], [2, 3], [2, 3], [2, 3], [2, 3], [2, 4], [1, 4], [1, 5], [1, 3], [1, 3], [1, 3], [5, 5], [5, 4], [5, 3], [5, 4], [6, 4], [6, 5], [6, 6], [5, 6], [5, 5], [5, 4], [5, 3], [6, 3], [6, 3], [6, 3], [5, 3], [5, 3], [5, 3], [5, 3], [5, 3], [0, 2], [0, 3], [0, 3], [0, 3], [0, 3], [0, 3], [0, 3], [0, 3], [1, 3], [1, 4], [1, 3], [2, 3], [5, 3], [6, 3], [6, 2], [6, 2], [6, 1], [6, 1], [6, 1]], "spawn_a": [3, 4], "spawn_b": [4, 4]}