{"pos": [[2, 4], [4, 3], [2, 5], [4, 4], [2, 3], [3, 4], [3, 3], [3, 5], [5, 3], [3, 6], [5, 2], [3, 7], [4, 2], [3, 4], [3, 2], [3, 3], [2, 2], [3, 2], [1, 2], [3, 2], [1, 3], [1, 2], [2, 3], [0, 2], [2, 4], [0, 3], [1, 4], [0, 4], [1, 5], [0, 5], [1, 5], [0, 2], [0, 5], [1, 2], [1, 5], [2, 2], [2, 5], [2, 1], [2, 6], [2, 1], [3, 6], [3, 1], [4, 6], [4, 1], [4, 7], [4, 1], [4, 6], [4, 0], [4, 5], [4, 2], [4, 7], [4, 1], [3, 7], [4, 2], [2, 7], [4, 3], [2, 5], [5, 3], [3, 5], [5, 4], [3, 4], [5, 5], [5, 4], [4, 5], [4, 4], [3, 5], [4, 5], [3, 5], [4, 4], [3, 4], [4, 4], [3, 4], [5, 4], [3, 3], [6, 4], [4, 3], [6, 4], [4, 2], [6, 4], [4, 2]], "a_points": [1, 1, 2, 2, 4, 4, 4, 4, 6, 6, 6, 6, 7, 7, 8, 8, 9, 9, 10, 10, 11, 11, 12, 12, 12, 12, 12, 12, 12, 12, 16, 16, 16, 16, 17, 17, 18, 18, 19, 19, 20, 20, 20, 20, 20, 20, 21, 21, 22, 22, 24, 24, 24, 24, 25, 25, 27, 27, 27, 27, 27, 27, 29, 29, 29, 29, 28, 28, 28, 28, 26, 26, 26, 26, 26, 26, 24, 24, 22, 22], "b_points": [0, 1, 1, 2, 2, 3, 3, 4, 4, 5, 5, 6, 6, 10, 10, 10, 10, 9, 9, 13, 13, 15, 15, 15, 15, 16, 16, 17, 17, 18, 18, 22, 22, 22, 22, 22, 22, 22, 22, 20, 20, 21, 21, 22, 22, 20, 20, 21, 21, 23, 23, 23, 23, 23, 23, 23, 23, 23, 23, 23, 23, 24, 24, 25, 25, 26, 26, 24, 24, 24, 24, 28, 28, 28, 28, 29, 29, 29, 29, 33], "a_turns_left": [39, 39, 38, 38, 37, 37, 36, 36, 35, 35, 34, 34, 33, 33, 32, 32, 31, 31, 30, 30, 29, 29, 28, 28, 27, 27, 26, 26, 25, 25, 24, 24, 23, 23, 22, 22, 21, 21, 20, 20, 19, 19, 18, 18, 17, 17, 16, 16, 15, 15, 14, 14, 13, 13, 12, 12, 11, 11, 10, 10, 9, 9, 8, 8, 7, 7, 6, 6, 5, 5, 4, 4, 3, 3, 2, 2, 1, 1, 0, 0], "b_turns_left": [40, 39, 39, 38, 38, 37, 37, 36, 36, 35, 35, 34, 34, 33, 33, 32, 32, 31, 31, 30, 30, 29, 29, 28, 28, 27, 27, 26, 26, 25, 25, 24, 24, 23, 23, 22, 22, 21, 21, 20, 20, 19, 19, 18, 18, 17, 17, 16, 16, 15, 15, 14, 14, 13, 13, 12, 12, 11, 11, 10, 10, 9, 9, 8, 8, 7, 7, 6, 6, 5, 5, 4, 4, 3, 3, 2, 2, 1, 1, 0], "a_time_left": [235.38223791704513, 235.38223791704513, 230.77090787608176, 230.77090787608176, 226.15586975123733, 226.15586975123733, 221.54018100118265, 221.54018100118265, 216.92408066708595, 216.92408066708595, 212.30177595908754, 212.30177595908754, 207.6916930419393, 207.6916930419393, 203.0726708760485, 203.0726708760485, 198.45948433503509, 198.45948433503509, 193.84178062691353, 193.84178062691353, 189.22669283510186, 189.22669283510186, 184.6068403760437, 184.6068403760437, 179.99401533417404, 179.99401533417404, 175.37938429205678, 175.37938429205678, 170.76765408390202, 170.76765408390202, 166.14181058388203, 166.14181058388203, 161.51917654299177, 161.51917654299177, 156.90686333389021, 156.90686333389021, 152.29437454184517, 152.29437454184517, 147.6801506667398, 147.6801506667398, 143.0575557919219, 143.0575557919219, 138.44051441689953, 138.44051441689953, 133.81898212479427, 133.81898212479427, 129.2072022499051, 129.2072022499051, 124.59507883293554, 124.59507883293554, 119.94263895787299, 119.94263895787299, 115.33102208306082, 115.33102208306082, 110.70962245808914, 110.70962245808914, 106.10157179227099, 106.10157179227099, 101.48216141713783, 101.48216141713783, 96.85973916715011, 96.85973916715011, 92.24380641710013, 92.24380641710013, 87.61156454216689, 87.61156454216689, 82.97520504216664, 82.97520504216664, 78.36685400013812, 78.36685400013812, 73.75015762494877, 73.75015762494877, 69.13413658295758, 69.13413658295758, 64.517761540832, 64.517761540832, 59.877754498738796, 59.877754498738796, 55.257118206704035, 55.257118206704035], "b_time_left": [240, 235.37533754203469, 235.37533754203469, 230.74709600117058, 230.74709600117058, 226.1306810430251, 226.1306810430251, 221.51327362610027, 221.51327362610027, 216.8983868760988, 216.8983868760988, 212.26909408415668, 212.26909408415668, 207.64495175122283, 207.64495175122283, 203.0344245431479, 203.0344245431479, 198.4086979601998, 198.4086979601998, 193.7870445852168, 193.7870445852168, 189.1698723351583, 189.1698723351583, 184.55169516801834, 184.55169516801834, 179.93371275113896, 179.93371275113896, 175.3190508761909, 175.3190508761909, 170.70335446018726, 170.70335446018726, 166.07860112725757, 166.07860112725757, 161.46259433636442, 161.46259433636442, 156.84216283634305, 156.84216283634305, 152.23415562720038, 152.23415562720038, 147.6153631270863, 147.6153631270863, 143.00597654399462, 143.00597654399462, 138.38448766898364, 138.38448766898364, 133.76990383607335, 133.76990383607335, 129.155880211154, 129.155880211154, 124.43217541929334, 124.43217541929334, 119.8031387112569, 119.8031387112569, 115.19376958627254, 115.19376958627254, 110.57688950235024, 110.57688950235024, 105.95151062728837, 105.95151062728837, 101.3397823353298, 101.3397823353298, 96.72417883528396, 96.72417883528396, 91.89101304323412, 91.89101304323412, 87.27508487622254, 87.27508487622254, 82.6489844173193, 82.6489844173193, 78.03713683411479, 78.03713683411479, 73.40580508392304, 73.40580508392304, 68.79152845893987, 68.79152845893987, 64.16585200093687, 64.16585200093687, 59.55767345894128, 59.55767345894128, 54.94318608404137], "rat_caught": [false, false, false, false, false, false, false, false, false, false, false, false, false, false, false, false, false, false, false, true, false, false, false, false, false, false, false, false, false, false, true, false, false, false, false, false, false, false, false, false, false, false, false, false, false, false, false, false, false, false, false, false, false, false, false, false, false, false, false, false, false, false, false, false, false, false, false, false, false, false, false, true, false, false, false, false, false, false, false, true], "left_behind": ["prime", "prime", "prime", "prime", "carpet", "prime", "plain", "prime", "carpet", "prime", "plain", "prime", "prime", "carpet", "prime", "plain", "prime", "carpet", "prime", "search", "prime", "carpet", "prime", "plain", "plain", "prime", "plain", "prime", "plain", "prime", "search", "carpet", "plain", "plain", "prime", "plain", "prime", "plain", "prime", "search", "prime", "prime", "plain", "prime", "plain", "search", "prime", "prime", "prime", "carpet", "carpet", "plain", "plain", "plain", "prime", "plain", "carpet", "plain", "plain", "plain", "plain", "prime", "carpet", "prime", "plain", "prime", "carpet", "search", "plain", "plain", "search", "search", "plain", "plain", "plain", "prime", "search", "plain", "search", "search"], "errlog_a": "turns=40, last_best_rat_prob=0.497, last_search_target=(5, 1), last_eval=26.10, last_depth=102, search_miss_streak=2, search_gain=26.10, board_gain=-4.19, opp_threat=0.00, opp_setup_threat=2.70, search_threshold=0.480", "errlog_b": "turns=40, last_best_rat_prob=0.907, last_search_target=(4, 2), last_eval=98.83, last_depth=729, search_miss_streak=0, search_gain=98.83, board_gain=39.68, opp_threat=1.00, opp_setup_threat=0.55, search_threshold=0.470", "start_time": 240, "start_moves": 80, "turn_count": 80, "result": 1, "reason": "POINTS", "trapdoors": [[7, 0], [7, 0], [7, 0], [7, 1], [7, 0], [6, 0], [6, 0], [6, 0], [7, 0], [7, 1], [7, 2], [7, 1], [7, 2], [7, 2], [7, 1], [7, 1], [7, 1], [7, 1], [7, 1], [7, 1], [4, 6], [4, 7], [4, 7], [3, 7], [3, 7], [3, 7], [3, 7], [3, 7], [2, 7], [2, 7], [2, 7], [2, 3], [2, 2], [2, 2], [3, 2], [4, 2], [5, 2], [5, 2], [6, 2], [6, 2], [6, 2], [6, 2], [7, 2], [7, 3], [7, 4], [7, 3], [7, 4], [7, 4], [7, 3], [6, 3], [6, 3], [5, 3], [5, 4], [5, 4], [5, 5], [5, 5], [5, 6], [5, 6], [5, 7], [5, 7], [4, 7], [4, 7], [4, 6], [4, 6], [4, 6], [3, 6], [3, 6], [3, 5], [3, 5], [2, 5], [2, 4], [2, 4], [4, 1], [4, 1], [4, 1], [4, 2], [4, 2], [4, 2], [4, 2], [4, 2], [6, 3]], "spawn_a": [2, 3], "spawn_b": [5, 3]}