{"pos": [[2, 4], [5, 4], [1, 4], [4, 4], [3, 4], [4, 3], [3, 3], [5, 3], [3, 2], [5, 4], [3, 3], [5, 5], [2, 3], [4, 5], [5, 3], [3, 5], [4, 3], [5, 5], [4, 2], [5, 4], [4, 3], [6, 4], [4, 4], [6, 4], [5, 4], [6, 3], [5, 3], [6, 4], [5, 4], [6, 3], [5, 3], [6, 4], [5, 3], [7, 4], [5, 2], [7, 3], [3, 2], [6, 3], [2, 2], [6, 4], [1, 2], [5, 4], [1, 3], [5, 5], [0, 3], [5, 5], [1, 3], [5, 6], [1, 4], [4, 6], [1, 5], [3, 6], [1, 2], [3, 5], [1, 3], [3, 5], [2, 3], [3, 4], [2, 4], [3, 4], [2, 5], [3, 6], [1, 5], [5, 6], [1, 5], [5, 7], [0, 5], [4, 7], [1, 5], [5, 7], [2, 5], [5, 6], [3, 5], [5, 6], [0, 5], [4, 6], [0, 4], [4, 7], [0, 5], [4, 7]], "a_points": [1, 1, 2, 2, 4, 4, 4, 4, 4, 4, 5, 5, 6, 6, 10, 10, 10, 10, 10, 10, 11, 11, 10, 10, 9, 9, 9, 9, 9, 9, 9, 9, 13, 13, 13, 13, 15, 15, 15, 15, 16, 16, 17, 17, 17, 17, 18, 18, 19, 19, 20, 20, 24, 24, 24, 24, 24, 24, 25, 25, 25, 25, 25, 25, 23, 23, 23, 23, 24, 24, 25, 25, 26, 26, 30, 30, 30, 30, 31, 31], "b_points": [0, 0, 0, 0, 0, 1, 1, 2, 2, 3, 3, 3, 3, 4, 4, 5, 5, 7, 7, 7, 7, 8, 8, 12, 12, 12, 12, 12, 12, 12, 12, 12, 12, 12, 12, 13, 13, 14, 14, 15, 15, 16, 16, 16, 16, 14, 14, 14, 14, 15, 15, 16, 16, 17, 17, 15, 15, 16, 16, 14, 14, 16, 16, 18, 18, 18, 18, 18, 18, 18, 18, 19, 19, 23, 23, 23, 23, 23, 23, 21], "a_turns_left": [39, 39, 38, 38, 37, 37, 36, 36, 35, 35, 34, 34, 33, 33, 32, 32, 31, 31, 30, 30, 29, 29, 28, 28, 27, 27, 26, 26, 25, 25, 24, 24, 23, 23, 22, 22, 21, 21, 20, 20, 19, 19, 18, 18, 17, 17, 16, 16, 15, 15, 14, 14, 13, 13, 12, 12, 11, 11, 10, 10, 9, 9, 8, 8, 7, 7, 6, 6, 5, 5, 4, 4, 3, 3, 2, 2, 1, 1, 0, 0], "b_turns_left": [40, 39, 39, 38, 38, 37, 37, 36, 36, 35, 35, 34, 34, 33, 33, 32, 32, 31, 31, 30, 30, 29, 29, 28, 28, 27, 27, 26, 26, 25, 25, 24, 24, 23, 23, 22, 22, 21, 21, 20, 20, 19, 19, 18, 18, 17, 17, 16, 16, 15, 15, 14, 14, 13, 13, 12, 12, 11, 11, 10, 10, 9, 9, 8, 8, 7, 7, 6, 6, 5, 5, 4, 4, 3, 3, 2, 2, 1, 1, 0], "a_time_left": [235.37667949986644, 235.37667949986644, 230.755893582711, 230.755893582711, 226.13105329079553, 226.13105329079553, 221.5149844577536, 221.5149844577536, 216.8957911657635, 216.8957911657635, 212.27773237368092, 212.27773237368092, 207.64435262372717, 207.64435262372717, 203.02050704089925, 203.02050704089925, 198.4060435409192, 198.4060435409192, 193.79734416585416, 193.79734416585416, 189.17066654074006, 189.17066654074006, 184.4648177495692, 184.4648177495692, 179.8529273744207, 179.8529273744207, 175.24149808241054, 175.24149808241054, 170.61917866533622, 170.61917866533622, 165.99714079033583, 165.99714079033583, 161.3733238321729, 161.3733238321729, 156.75718462420627, 156.75718462420627, 152.14387258212082, 152.14387258212082, 147.52904612314887, 147.52904612314887, 142.8558300822042, 142.8558300822042, 138.2234052901622, 138.2234052901622, 133.59905187319964, 133.59905187319964, 128.96723704016767, 128.96723704016767, 124.3508237900678, 124.3508237900678, 119.73342770617455, 119.73342770617455, 115.11774362321012, 115.11774362321012, 110.50786637328565, 110.50786637328565, 105.89812620729208, 105.89812620729208, 101.2861382914707, 101.2861382914707, 96.67681062454358, 96.67681062454358, 92.0650109576527, 92.0650109576527, 87.45412087487057, 87.45412087487057, 82.84650858282112, 82.84650858282112, 78.23396654101089, 78.23396654101089, 73.61610687407665, 73.61610687407665, 69.00453591626137, 69.00453591626137, 64.3954017504584, 64.3954017504584, 59.78754404140636, 59.78754404140636, 55.17916579148732, 55.17916579148732], "b_time_left": [240, 235.36862229090184, 235.36862229090184, 230.7548439989332, 230.7548439989332, 226.1403810819611, 226.1403810819611, 221.5249568731524, 221.5249568731524, 216.9068820811808, 216.9068820811808, 212.2873244972434, 212.2873244972434, 207.675554580288, 207.675554580288, 203.06386333028786, 203.06386333028786, 198.44916033023037, 198.44916033023037, 193.83898428920656, 193.83898428920656, 189.17877820623107, 189.17877820623107, 184.56130904029123, 184.56130904029123, 179.9437061243225, 179.9437061243225, 175.32734566531144, 175.32734566531144, 170.7182344153989, 170.7182344153989, 166.10893733240664, 166.10893733240664, 161.4951862494927, 161.4951862494927, 156.87143895751797, 156.87143895751797, 152.22632499947213, 152.22632499947213, 147.60864141653292, 147.60864141653292, 142.9622474994976, 142.9622474994976, 138.34738183254376, 138.34738183254376, 133.7212237904314, 133.7212237904314, 129.10586929041892, 129.10586929041892, 124.49367212457582, 124.49367212457582, 119.87272645742632, 119.87272645742632, 115.25633008242585, 115.25633008242585, 110.64347595744766, 110.64347595744766, 106.03230545762926, 106.03230545762926, 101.42149412375875, 101.42149412375875, 96.81002612388693, 96.81002612388693, 92.20247008209117, 92.20247008209117, 87.59331524907611, 87.59331524907611, 82.98222837410867, 82.98222837410867, 78.3714470830746, 78.3714470830746, 73.7614977080375, 73.7614977080375, 69.14866520790383, 69.14866520790383, 64.54013933287933, 64.54013933287933, 59.9329494999256, 59.9329494999256, 55.32529312511906], "rat_caught": [false, false, false, false, false, false, false, false, false, false, false, false, false, false, false, false, false, false, false, false, false, false, false, true, false, false, false, false, false, false, false, false, true, false, false, false, false, false, false, false, false, false, false, false, false, false, false, false, false, false, false, false, false, false, false, false, false, false, false, false, false, false, false, false, false, false, false, false, false, false, false, false, false, true, false, false, false, false, false, false], "left_behind": ["prime", "plain", "prime", "plain", "carpet", "prime", "plain", "prime", "plain", "prime", "prime", "plain", "prime", "prime", "carpet", "prime", "plain", "carpet", "plain", "plain", "prime", "prime", "carpet", "search", "carpet", "plain", "plain", "plain", "plain", "plain", "plain", "plain", "search", "plain", "plain", "prime", "carpet", "prime", "plain", "prime", "prime", "prime", "prime", "plain", "plain", "search", "prime", "plain", "prime", "prime", "prime", "prime", "carpet", "prime", "plain", "search", "plain", "prime", "prime", "search", "plain", "carpet", "plain", "carpet", "search", "plain", "plain", "plain", "prime", "plain", "prime", "prime", "prime", "search", "carpet", "plain", "plain", "plain", "prime", "search"], "errlog_a": "turns=40, last_best_rat_prob=0.485, last_search_target=(2, 5), last_eval=138.96, last_depth=145, search_miss_streak=1, search_gain=-1000000006.00, board_gain=-18.66, opp_threat=1.00, opp_setup_threat=3.70, search_threshold=0.620", "errlog_b": "turns=40, last_best_rat_prob=0.544, last_search_target=(5, 3), last_eval=37.49, last_depth=918, search_miss_streak=0, search_gain=37.49, board_gain=20.76, opp_threat=2.00, opp_setup_threat=2.00, search_threshold=0.420", "start_time": 240, "start_moves": 80, "turn_count": 80, "result": 0, "reason": "POINTS", "trapdoors": [[6, 6], [5, 6], [5, 6], [5, 5], [5, 5], [4, 5], [4, 5], [5, 5], [5, 5], [5, 5], [5, 6], [5, 7], [5, 7], [5, 6], [6, 6], [6, 6], [6, 7], [6, 7], [6, 7], [6, 7], [6, 7], [5, 7], [4, 7], [3, 7], [3, 2], [3, 2], [3, 3], [4, 3], [4, 3], [5, 3], [5, 3], [5, 3], [5, 3], [2, 7], [2, 7], [2, 7], [2, 7], [1, 7], [1, 7], [1, 7], [1, 7], [2, 7], [2, 7], [2, 7], [2, 7], [2, 7], [2, 7], [2, 7], [2, 7], [2, 7], [2, 7], [2, 7], [2, 7], [2, 6], [2, 5], [2, 6], [2, 6], [2, 6], [2, 6], [2, 6], [1, 6], [1, 6], [0, 6], [0, 5], [0, 5], [0, 5], [0, 5], [0, 5], [0, 5], [1, 5], [1, 4], [1, 3], [1, 3], [1, 3], [4, 6], [3, 6], [3, 6], [3, 5], [2, 5], [2, 5], [2, 5]], "spawn_a": [3, 4], "spawn_b": [4, 4]}