{"pos": [[2, 3], [4, 2], [2, 4], [3, 2], [2, 5], [3, 3], [2, 2], [4, 3], [5, 2], [5, 3], [6, 2], [6, 3], [5, 2], [3, 3], [5, 3], [3, 4], [5, 4], [4, 4], [5, 5], [4, 5], [5, 4], [4, 4], [5, 5], [4, 3], [4, 5], [5, 3], [3, 5], [6, 3], [3, 6], [6, 4], [3, 4], [4, 4], [2, 4], [5, 4], [2, 4], [6, 4], [2, 5], [6, 5], [1, 5], [5, 5], [0, 5], [4, 5], [0, 4], [6, 5], [0, 3], [6, 2], [0, 3], [7, 2], [0, 2], [7, 3], [1, 2], [7, 3], [2, 2], [7, 4], [0, 2], [7, 5], [0, 5], [7, 5], [2, 5], [7, 4], [2, 6], [7, 2], [2, 7], [6, 2], [3, 7], [5, 2], [4, 7], [4, 2], [2, 7], [4, 1], [2, 6], [4, 0], [3, 6], [3, 0], [3, 7], [3, 0], [4, 7], [3, 1], [4, 6], [3, 1]], "a_points": [1, 1, 2, 2, 3, 3, 7, 7, 11, 11, 11, 11, 12, 12, 12, 12, 12, 12, 12, 12, 12, 12, 13, 13, 12, 12, 12, 12, 13, 13, 15, 15, 15, 15, 19, 19, 19, 19, 20, 20, 21, 21, 22, 22, 23, 23, 27, 27, 28, 28, 29, 29, 30, 30, 32, 32, 36, 36, 38, 38, 38, 38, 38, 38, 39, 39, 40, 40, 42, 42, 42, 42, 43, 43, 44, 44, 44, 44, 45, 45], "b_points": [0, 1, 1, 2, 2, 3, 3, 4, 4, 5, 5, 6, 6, 10, 10, 10, 10, 11, 11, 11, 11, 12, 12, 13, 13, 13, 13, 13, 13, 14, 14, 16, 16, 16, 16, 16, 16, 17, 17, 18, 18, 19, 19, 21, 21, 25, 25, 25, 25, 26, 26, 24, 24, 25, 25, 26, 26, 30, 30, 29, 29, 31, 31, 31, 31, 31, 31, 31, 31, 31, 31, 32, 32, 33, 33, 31, 31, 32, 32, 30], "a_turns_left": [39, 39, 38, 38, 37, 37, 36, 36, 35, 35, 34, 34, 33, 33, 32, 32, 31, 31, 30, 30, 29, 29, 28, 28, 27, 27, 26, 26, 25, 25, 24, 24, 23, 23, 22, 22, 21, 21, 20, 20, 19, 19, 18, 18, 17, 17, 16, 16, 15, 15, 14, 14, 13, 13, 12, 12, 11, 11, 10, 10, 9, 9, 8, 8, 7, 7, 6, 6, 5, 5, 4, 4, 3, 3, 2, 2, 1, 1, 0, 0], "b_turns_left": [40, 39, 39, 38, 38, 37, 37, 36, 36, 35, 35, 34, 34, 33, 33, 32, 32, 31, 31, 30, 30, 29, 29, 28, 28, 27, 27, 26, 26, 25, 25, 24, 24, 23, 23, 22, 22, 21, 21, 20, 20, 19, 19, 18, 18, 17, 17, 16, 16, 15, 15, 14, 14, 13, 13, 12, 12, 11, 11, 10, 10, 9, 9, 8, 8, 7, 7, 6, 6, 5, 5, 4, 4, 3, 3, 2, 2, 1, 1, 0], "a_time_left": [236.3062202918809, 236.3062202918809, 232.60634312499315, 232.60634312499315, 228.91298633278348, 228.91298633278348, 225.2046902498696, 225.2046902498696, 221.5074713327922, 221.5074713327922, 217.81991912494414, 217.81991912494414, 214.09543866687454, 214.09543866687454, 210.404787333915, 210.404787333915, 206.7118775837589, 206.7118775837589, 203.00539404177107, 203.00539404177107, 199.30554420873523, 199.30554420873523, 195.59478866681457, 195.59478866681457, 191.8945078337565, 191.8945078337565, 188.20018124976195, 188.20018124976195, 184.5052035828121, 184.5052035828121, 180.7968939577695, 180.7968939577695, 177.1090744577814, 177.1090744577814, 173.4160749167204, 173.4160749167204, 169.7167816667352, 169.7167816667352, 166.0121031247545, 166.0121031247545, 162.31923983362503, 162.31923983362503, 158.6214256256353, 158.6214256256353, 154.927548000589, 154.927548000589, 151.0968606255483, 151.0968606255483, 147.37323154252954, 147.37323154252954, 143.6755242093932, 143.6755242093932, 139.98740712646395, 139.98740712646395, 136.28968995949253, 136.28968995949253, 132.59603358455934, 132.59603358455934, 128.85899891750887, 128.85899891750887, 125.15626541734673, 125.15626541734673, 121.45803425135091, 121.45803425135091, 117.76649116841145, 117.76649116841145, 114.06819912744686, 114.06819912744686, 110.37353912740946, 110.37353912740946, 106.6865620855242, 106.6865620855242, 102.99051575246267, 102.99051575246267, 99.29481337754987, 99.29481337754987, 95.59962025261484, 95.59962025261484, 91.9049743777141, 91.9049743777141], "b_time_left": [240, 236.307763250079, 236.307763250079, 232.6150563750416, 232.6150563750416, 228.9174144580029, 228.9174144580029, 225.22309658303857, 225.22309658303857, 221.51847445801832, 221.51847445801832, 217.81016262504272, 217.81016262504272, 214.1060174999293, 214.1060174999293, 210.40378029178828, 210.40378029178828, 206.70114020863548, 206.70114020863548, 202.99616575054824, 202.99616575054824, 199.2938827504404, 199.2938827504404, 195.59611154231243, 195.59611154231243, 191.8967654593289, 191.8967654593289, 188.19536029244773, 188.19536029244773, 184.49886462534778, 184.49886462534778, 180.80480108316988, 180.80480108316988, 177.1067408742383, 177.1067408742383, 173.40633224928752, 173.40633224928752, 169.7005000412464, 169.7005000412464, 166.00037699914537, 166.00037699914537, 162.30695704114623, 162.30695704114623, 158.5316401249729, 158.5316401249729, 154.8405162920244, 154.8405162920244, 151.0809465420898, 151.0809465420898, 147.38590687606484, 147.38590687606484, 143.6753762930166, 143.6753762930166, 139.98295921017416, 139.98295921017416, 136.28337291814387, 136.28337291814387, 132.58489012601785, 132.58489012601785, 128.8851984590292, 128.8851984590292, 125.19140716805123, 125.19140716805123, 121.50016566808335, 121.50016566808335, 117.79945770907216, 117.79945770907216, 114.10889145894907, 114.10889145894907, 110.42059474997222, 110.42059474997222, 106.72581629105844, 106.72581629105844, 103.03018208313733, 103.03018208313733, 99.33483362523839, 99.33483362523839, 95.64515770925209, 95.64515770925209, 91.95164858433418], "rat_caught": [false, false, false, false, false, false, false, false, false, false, false, false, false, false, false, false, false, false, false, false, false, false, false, false, false, false, false, false, false, false, false, false, false, false, true, false, false, false, false, false, false, false, false, false, false, false, true, false, false, false, false, false, false, false, false, false, false, true, false, false, false, false, false, false, false, false, false, false, false, false, false, false, false, false, false, false, false, false, false, false], "left_behind": ["prime", "prime", "prime", "prime", "prime", "prime", "carpet", "prime", "carpet", "prime", "plain", "prime", "prime", "carpet", "plain", "plain", "plain", "prime", "plain", "plain", "plain", "prime", "prime", "prime", "carpet", "plain", "plain", "plain", "prime", "prime", "carpet", "carpet", "plain", "plain", "search", "plain", "plain", "prime", "prime", "prime", "prime", "prime", "prime", "carpet", "prime", "carpet", "search", "plain", "prime", "prime", "prime", "search", "prime", "prime", "carpet", "prime", "carpet", "search", "carpet", "carpet", "plain", "carpet", "plain", "plain", "prime", "plain", "prime", "plain", "carpet", "plain", "plain", "prime", "prime", "prime", "prime", "search", "plain", "prime", "prime", "search"], "errlog_a": "turns=40, last_best_rat_prob=0.543, last_search_target=(2, 5), last_eval=208.88, last_depth=88, search_miss_streak=0, search_gain=-1000000000.00, board_gain=6.70, opp_threat=1.00, opp_setup_threat=3.70, search_threshold=0.580", "errlog_b": "turns=40, last_best_rat_prob=0.527, last_search_target=(3, 6), last_eval=33.01, last_depth=389, search_miss_streak=1, search_gain=33.01, board_gain=-10.97, opp_threat=2.00, opp_setup_threat=3.70, search_threshold=0.430", "start_time": 240, "start_moves": 80, "turn_count": 80, "result": 0, "reason": "POINTS", "trapdoors": [[2, 2], [2, 3], [2, 4], [1, 4], [1, 4], [1, 4], [1, 4], [1, 4], [1, 4], [1, 5], [1, 5], [1, 5], [1, 5], [1, 5], [0, 5], [0, 6], [1, 6], [1, 6], [1, 6], [1, 5], [1, 5], [1, 5], [0, 5], [0, 6], [0, 6], [0, 6], [0, 6], [0, 6], [1, 6], [1, 6], [2, 6], [2, 7], [2, 7], [2, 7], [3, 7], [1, 7], [2, 7], [2, 7], [2, 7], [2, 7], [2, 7], [2, 7], [2, 7], [2, 7], [2, 7], [3, 7], [3, 7], [4, 1], [4, 1], [4, 1], [5, 1], [5, 1], [5, 1], [5, 1], [5, 1], [5, 1], [5, 0], [5, 0], [1, 5], [1, 5], [1, 5], [1, 5], [1, 6], [1, 6], [2, 6], [2, 6], [2, 6], [2, 6], [3, 6], [2, 6], [3, 6], [3, 5], [3, 6], [3, 6], [3, 6], [3, 5], [4, 5], [4, 5], [3, 5], [2, 5], [2, 5]], "spawn_a": [2, 2], "spawn_b": [5, 2]}