{"pos": [[2, 3], [4, 4], [1, 3], [4, 5], [0, 3], [4, 3], [3, 3], [4, 3], [3, 4], [5, 3], [3, 5], [5, 4], [3, 6], [5, 5], [3, 7], [5, 6], [3, 4], [5, 7], [2, 4], [5, 3], [1, 4], [5, 2], [1, 5], [4, 2], [0, 5], [4, 2], [0, 4], [3, 2], [2, 4], [2, 2], [2, 3], [2, 2], [3, 3], [2, 2], [3, 2], [1, 2], [5, 2], [0, 2], [6, 2], [0, 3], [7, 2], [0, 4], [7, 3], [0, 4], [6, 3], [0, 2], [6, 3], [2, 2], [6, 4], [2, 3], [7, 4], [2, 4], [7, 5], [2, 5], [6, 5], [2, 5], [5, 5], [2, 6], [7, 5], [2, 7], [7, 2], [3, 7], [7, 2], [4, 7], [7, 2], [5, 7], [7, 3], [3, 7], [7, 4], [3, 6], [7, 5], [4, 6], [7, 4], [4, 5], [7, 5], [3, 5], [6, 5], [3, 5], [6, 2], [0, 5]], "a_points": [1, 1, 2, 2, 3, 3, 7, 7, 7, 7, 8, 8, 9, 9, 10, 10, 14, 14, 14, 14, 15, 15, 16, 16, 17, 17, 18, 18, 20, 20, 20, 20, 20, 20, 19, 19, 21, 21, 21, 21, 22, 22, 23, 23, 24, 24, 28, 28, 29, 29, 30, 30, 31, 31, 32, 32, 33, 33, 35, 35, 39, 39, 37, 37, 41, 41, 41, 41, 41, 41, 41, 41, 41, 41, 41, 41, 41, 41, 45, 45], "b_points": [0, 1, 1, 2, 2, 4, 4, 8, 8, 8, 8, 9, 9, 10, 10, 11, 11, 12, 12, 18, 18, 18, 18, 19, 19, 23, 23, 24, 24, 25, 25, 29, 29, 33, 33, 34, 34, 35, 35, 36, 36, 37, 37, 35, 35, 37, 37, 39, 39, 39, 39, 39, 39, 39, 39, 43, 43, 44, 44, 45, 45, 46, 46, 47, 47, 48, 48, 50, 50, 50, 50, 50, 50, 51, 51, 52, 52, 56, 56, 60], "a_turns_left": [39, 39, 38, 38, 37, 37, 36, 36, 35, 35, 34, 34, 33, 33, 32, 32, 31, 31, 30, 30, 29, 29, 28, 28, 27, 27, 26, 26, 25, 25, 24, 24, 23, 23, 22, 22, 21, 21, 20, 20, 19, 19, 18, 18, 17, 17, 16, 16, 15, 15, 14, 14, 13, 13, 12, 12, 11, 11, 10, 10, 9, 9, 8, 8, 7, 7, 6, 6, 5, 5, 4, 4, 3, 3, 2, 2, 1, 1, 0, 0], "b_turns_left": [40, 39, 39, 38, 38, 37, 37, 36, 36, 35, 35, 34, 34, 33, 33, 32, 32, 31, 31, 30, 30, 29, 29, 28, 28, 27, 27, 26, 26, 25, 25, 24, 24, 23, 23, 22, 22, 21, 21, 20, 20, 19, 19, 18, 18, 17, 17, 16, 16, 15, 15, 14, 14, 13, 13, 12, 12, 11, 11, 10, 10, 9, 9, 8, 8, 7, 7, 6, 6, 5, 5, 4, 4, 3, 3, 2, 2, 1, 1, 0], "a_time_left": [235.37782229110599, 235.37782229110599, 230.74861087393947, 230.74861087393947, 226.1235147069674, 226.1235147069674, 221.50111845717765, 221.50111845717765, 216.88159770704806, 216.88159770704806, 212.25775991519913, 212.25775991519913, 207.63039766531438, 207.63039766531438, 203.01274454034865, 203.01274454034865, 198.40139341540635, 198.40139341540635, 193.78480787342414, 193.78480787342414, 189.1626978314016, 189.1626978314016, 184.53346445644274, 184.53346445644274, 179.91352766449563, 179.91352766449563, 175.28893320658244, 175.28893320658244, 170.66760903969407, 170.66760903969407, 166.0487337897066, 166.0487337897066, 161.42217662371695, 161.42217662371695, 156.80180337373167, 156.80180337373167, 152.1836102907546, 152.1836102907546, 147.57317929086275, 147.57317929086275, 142.96433554100804, 142.96433554100804, 138.34031558199786, 138.34031558199786, 133.71949804015458, 133.71949804015458, 129.08634016523138, 129.08634016523138, 124.46667716512457, 124.46667716512457, 119.84309649816714, 119.84309649816714, 115.22723920620047, 115.22723920620047, 110.59524270612746, 110.59524270612746, 105.98136812308803, 105.98136812308803, 101.33185295714065, 101.33185295714065, 96.71347595728002, 96.71347595728002, 92.07488041534089, 92.07488041534089, 87.45489024813287, 87.45489024813287, 82.83138129021972, 82.83138129021972, 78.22077049827203, 78.22077049827203, 73.60309695638716, 73.60309695638716, 68.98614033125341, 68.98614033125341, 64.26692328928038, 64.26692328928038, 59.65536149730906, 59.65536149730906, 55.04181995522231, 55.04181995522231], "b_time_left": [240, 235.37975383293815, 235.37975383293815, 230.75487345806323, 230.75487345806323, 226.11826108326204, 226.11826108326204, 221.50478954217397, 221.50478954217397, 216.89335387502797, 216.89335387502797, 212.27837258414365, 212.27837258414365, 207.64741379301995, 207.64741379301995, 203.01486970903352, 203.01486970903352, 198.39308270905167, 198.39308270905167, 193.76652816706337, 193.76652816706337, 189.1475101672113, 189.1475101672113, 184.52607795922086, 184.52607795922086, 179.91307033435442, 179.91307033435442, 175.300163626438, 175.300163626438, 170.67876141751185, 170.67876141751185, 166.05456850049086, 166.05456850049086, 161.43449937552214, 161.43449937552214, 156.82265654252842, 156.82265654252842, 152.20315612573177, 152.20315612573177, 147.58861125074327, 147.58861125074327, 142.9725824596826, 142.9725824596826, 138.34904454275966, 138.34904454275966, 133.7296658346895, 133.7296658346895, 129.11459975061007, 129.11459975061007, 124.49700729269534, 124.49700729269534, 119.86702045868151, 119.86702045868151, 115.24601391679607, 115.24601391679607, 110.6202826667577, 110.6202826667577, 105.99432020774111, 105.99432020774111, 101.37541716662236, 101.37541716662236, 96.74573475052603, 96.74573475052603, 92.11913820845075, 92.11913820845075, 87.49878333345987, 87.49878333345987, 82.84978229133412, 82.84978229133412, 78.22426383337006, 78.22426383337006, 73.59743858338334, 73.59743858338334, 68.96664987434633, 68.96664987434633, 64.34215291542932, 64.34215291542932, 59.72497158241458, 59.72497158241458, 55.11392191541381], "rat_caught": [false, false, false, false, false, false, false, true, false, false, false, false, false, false, false, false, false, false, false, false, false, false, false, false, false, true, false, false, false, false, false, true, false, true, false, false, false, false, false, false, false, false, false, false, false, false, true, false, false, false, false, false, false, false, false, true, false, false, false, false, false, false, false, false, true, false, false, false, false, false, false, false, false, false, false, false, false, true, false, false], "left_behind": ["prime", "prime", "prime", "prime", "prime", "carpet", "carpet", "search", "plain", "plain", "prime", "prime", "prime", "prime", "prime", "prime", "carpet", "prime", "plain", "carpet", "prime", "plain", "prime", "prime", "prime", "search", "prime", "prime", "carpet", "prime", "plain", "search", "plain", "search", "carpet", "prime", "carpet", "prime", "plain", "prime", "prime", "prime", "prime", "search", "prime", "carpet", "search", "carpet", "prime", "plain", "prime", "plain", "prime", "plain", "prime", "search", "prime", "prime", "carpet", "prime", "carpet", "prime", "search", "prime", "search", "prime", "plain", "carpet", "plain", "plain", "plain", "plain", "plain", "prime", "plain", "prime", "plain", "search", "carpet", "carpet"], "errlog_a": "turns=40, last_best_rat_prob=0.197, last_search_target=(2, 4), last_eval=-254.81, last_depth=130, search_miss_streak=0, search_gain=-1000000004.00, board_gain=-5.48, opp_threat=4.00, opp_setup_threat=4.00, search_threshold=0.510", "errlog_b": "turns=40, last_best_rat_prob=0.334, last_search_target=(3, 6), last_eval=388.21, last_depth=685, search_miss_streak=0, search_gain=-1000000000.00, board_gain=-80.88, opp_threat=0.00, opp_setup_threat=0.00, search_threshold=0.550", "start_time": 240, "start_moves": 80, "turn_count": 80, "result": 1, "reason": "POINTS", "trapdoors": [[2, 7], [2, 7], [2, 7], [3, 7], [2, 7], [2, 7], [1, 7], [1, 7], [5, 1], [5, 1], [5, 1], [4, 1], [4, 1], [4, 1], [5, 1], [5, 0], [5, 0], [5, 0], [4, 0], [3, 0], [2, 0], [2, 0], [2, 0], [2, 0], [2, 0], [2, 0], [5, 5], [5, 5], [5, 5], [5, 4], [5, 4], [5, 4], [2, 1], [2, 2], [5, 0], [5, 0], [5, 0], [5, 0], [5, 0], [5, 0], [5, 0], [5, 0], [4, 0], [3, 0], [2, 0], [2, 0], [2, 0], [5, 3], [5, 4], [4, 4], [4, 4], [4, 4], [4, 3], [4, 3], [4, 3], [4, 3], [6, 3], [6, 3], [6, 3], [6, 2], [6, 2], [6, 2], [6, 2], [6, 2], [6, 2], [4, 1], [4, 0], [4, 0], [4, 1], [3, 1], [2, 1], [2, 2], [2, 2], [2, 3], [2, 3], [2, 3], [2, 3], [2, 3], [3, 4], [3, 3], [3, 3]], "spawn_a": [3, 3], "spawn_b": [4, 3]}