{"pos": [[3, 5], [5, 4], [3, 4], [5, 3], [4, 4], [4, 3], [4, 5], [4, 2], [2, 5], [5, 2], [2, 4], [5, 5], [1, 4], [5, 6], [0, 4], [4, 6], [4, 4], [3, 6], [4, 3], [2, 6], [3, 3], [5, 6], [3, 2], [5, 7], [2, 2], [4, 7], [2, 3], [3, 7], [1, 3], [2, 7], [0, 3], [2, 7], [4, 3], [2, 6], [4, 2], [2, 7], [5, 2], [5, 7], [6, 2], [5, 6], [6, 2], [5, 5], [7, 2], [6, 5], [7, 2], [6, 4], [2, 2], [6, 3], [3, 2], [6, 2], [4, 2], [6, 5], [3, 2], [6, 5], [3, 1], [7, 5], [3, 0], [7, 4], [4, 0], [7, 3], [5, 0], [7, 3], [5, 1], [7, 3], [4, 1], [7, 2], [3, 1], [7, 5], [5, 1], [7, 4], [4, 1], [7, 4], [4, 2], [6, 4], [3, 2], [5, 4], [3, 1], [4, 4], [3, 2], [4, 5]], "a_points": [1, 1, 2, 2, 3, 3, 4, 4, 6, 6, 6, 6, 7, 7, 8, 8, 14, 14, 14, 14, 15, 15, 16, 16, 17, 17, 18, 18, 19, 19, 20, 20, 26, 26, 26, 26, 27, 27, 28, 28, 32, 32, 33, 33, 31, 31, 41, 41, 41, 41, 41, 41, 41, 41, 41, 41, 41, 41, 42, 42, 43, 43, 44, 44, 45, 45, 46, 46, 48, 48, 48, 48, 48, 48, 48, 48, 48, 48, 49, 49], "b_points": [0, 1, 1, 2, 2, 3, 3, 3, 3, 3, 3, 7, 7, 7, 7, 8, 8, 9, 9, 10, 10, 14, 14, 14, 14, 15, 15, 16, 16, 17, 17, 21, 21, 22, 22, 21, 21, 25, 25, 25, 25, 25, 25, 25, 25, 26, 26, 27, 27, 28, 28, 32, 32, 36, 36, 36, 36, 37, 37, 38, 38, 36, 36, 34, 34, 35, 35, 39, 39, 39, 39, 43, 43, 43, 43, 43, 43, 43, 43, 43], "a_turns_left": [39, 39, 38, 38, 37, 37, 36, 36, 35, 35, 34, 34, 33, 33, 32, 32, 31, 31, 30, 30, 29, 29, 28, 28, 27, 27, 26, 26, 25, 25, 24, 24, 23, 23, 22, 22, 21, 21, 20, 20, 19, 19, 18, 18, 17, 17, 16, 16, 15, 15, 14, 14, 13, 13, 12, 12, 11, 11, 10, 10, 9, 9, 8, 8, 7, 7, 6, 6, 5, 5, 4, 4, 3, 3, 2, 2, 1, 1, 0, 0], "b_turns_left": [40, 39, 39, 38, 38, 37, 37, 36, 36, 35, 35, 34, 34, 33, 33, 32, 32, 31, 31, 30, 30, 29, 29, 28, 28, 27, 27, 26, 26, 25, 25, 24, 24, 23, 23, 22, 22, 21, 21, 20, 20, 19, 19, 18, 18, 17, 17, 16, 16, 15, 15, 14, 14, 13, 13, 12, 12, 11, 11, 10, 10, 9, 9, 8, 8, 7, 7, 6, 6, 5, 5, 4, 4, 3, 3, 2, 2, 1, 1, 0], "a_time_left": [235.3744771250058, 235.3744771250058, 230.6803317500744, 230.6803317500744, 226.05745216691867, 226.05745216691867, 221.44540791702457, 221.44540791702457, 216.8263327081222, 216.8263327081222, 212.19936920818873, 212.19936920818873, 207.58589237416163, 207.58589237416163, 202.96291254111566, 202.96291254111566, 198.34472962422296, 198.34472962422296, 193.73017995711416, 193.73017995711416, 189.11275733215734, 189.11275733215734, 184.47483745706268, 184.47483745706268, 179.85738604003564, 179.85738604003564, 175.2261943728663, 175.2261943728663, 170.60377899790183, 170.60377899790183, 165.98345166491345, 165.98345166491345, 161.35973824909888, 161.35973824909888, 156.75158520718105, 156.75158520718105, 152.12692016619258, 152.12692016619258, 147.51013199915178, 147.51013199915178, 142.8804501662962, 142.8804501662962, 138.2515977502335, 138.2515977502335, 133.63252845825627, 133.63252845825627, 128.99050458334386, 128.99050458334386, 124.15898708323948, 124.15898708323948, 119.54109933343716, 119.54109933343716, 114.90363554260693, 114.90363554260693, 110.29215004271828, 110.29215004271828, 105.67402025172487, 105.67402025172487, 101.06377629353665, 101.06377629353665, 96.43985075247474, 96.43985075247474, 91.8225383774843, 91.8225383774843, 87.09848654340021, 87.09848654340021, 82.48380808439106, 82.48380808439106, 77.83262620936148, 77.83262620936148, 73.21613912517205, 73.21613912517205, 68.58399187517352, 68.58399187517352, 63.9736622502096, 63.9736622502096, 59.363831375259906, 59.363831375259906, 54.75669820839539, 54.75669820839539], "b_time_left": [240, 235.37233854201622, 235.37233854201622, 230.73794245906174, 230.73794245906174, 226.12401625118218, 226.12401625118218, 221.514044709038, 221.514044709038, 216.90161708393134, 216.90161708393134, 212.27713783388026, 212.27713783388026, 207.66616566688754, 207.66616566688754, 203.0546297498513, 203.0546297498513, 198.43052987474948, 198.43052987474948, 193.74589295871556, 193.74589295871556, 189.1336029167287, 189.1336029167287, 184.51460308372043, 184.51460308372043, 179.89812275068834, 179.89812275068834, 175.2733821675647, 175.2733821675647, 170.65435258462094, 170.65435258462094, 166.02855920954607, 166.02855920954607, 161.4169580845628, 161.4169580845628, 156.8069982517045, 156.8069982517045, 152.1977216687519, 152.1977216687519, 147.57821358554065, 147.57821358554065, 142.96586700249463, 142.96586700249463, 138.35279675247148, 138.35279675247148, 133.7343349615112, 133.7343349615112, 129.11955096153542, 129.11955096153542, 124.47100533661433, 124.47100533661433, 119.84185737860389, 119.84185737860389, 115.23073496157303, 115.23073496157303, 110.61618629447185, 110.61618629447185, 106.00085596158169, 106.00085596158169, 101.3788755456917, 101.3788755456917, 96.75917775463313, 96.75917775463313, 92.13043404673226, 92.13043404673226, 87.51854929677211, 87.51854929677211, 82.88508908892982, 82.88508908892982, 78.27230325504206, 78.27230325504206, 73.63923717197031, 73.63923717197031, 69.02473079692572, 69.02473079692572, 64.41240271390416, 64.41240271390416, 59.80227737990208, 59.80227737990208, 55.197323087835684], "rat_caught": [false, false, false, false, false, false, false, false, false, false, false, false, false, false, false, false, false, false, false, false, false, false, false, false, false, false, false, false, false, false, false, true, false, false, false, false, false, false, false, false, true, false, false, false, false, false, false, false, false, false, false, false, false, true, false, false, false, false, false, false, false, false, false, false, false, false, false, false, false, false, false, true, false, false, false, false, false, false, false, false], "left_behind": ["prime", "prime", "prime", "prime", "prime", "prime", "prime", "plain", "carpet", "plain", "plain", "carpet", "prime", "plain", "prime", "prime", "carpet", "prime", "plain", "prime", "prime", "carpet", "prime", "plain", "prime", "prime", "prime", "prime", "prime", "prime", "prime", "search", "carpet", "prime", "plain", "carpet", "prime", "carpet", "prime", "plain", "search", "plain", "prime", "plain", "search", "prime", "carpet", "prime", "plain", "prime", "plain", "carpet", "plain", "search", "plain", "plain", "plain", "prime", "prime", "prime", "prime", "search", "prime", "search", "prime", "prime", "prime", "carpet", "carpet", "plain", "plain", "search", "plain", "plain", "plain", "plain", "plain", "plain", "prime", "plain"], "errlog_a": "turns=40, last_best_rat_prob=0.326, last_search_target=(2, 2), last_eval=148.77, last_depth=161, search_miss_streak=1, search_gain=-1000000006.00, board_gain=-6.05, opp_threat=0.00, opp_setup_threat=0.35, search_threshold=0.620", "errlog_b": "turns=40, last_best_rat_prob=0.341, last_search_target=(3, 4), last_eval=-186.21, last_depth=996, search_miss_streak=0, search_gain=-1000000000.00, board_gain=-12.60, opp_threat=2.00, opp_setup_threat=4.70, search_threshold=0.440", "start_time": 240, "start_moves": 80, "turn_count": 80, "result": 0, "reason": "POINTS", "trapdoors": [[7, 2], [7, 2], [7, 1], [7, 1], [6, 1], [6, 1], [6, 1], [6, 2], [6, 2], [6, 2], [7, 2], [7, 2], [7, 1], [7, 1], [7, 1], [7, 1], [7, 2], [7, 2], [7, 1], [7, 1], [6, 1], [6, 0], [6, 1], [6, 1], [6, 1], [6, 2], [6, 2], [6, 2], [5, 2], [5, 2], [5, 3], [5, 3], [4, 2], [4, 2], [4, 2], [4, 3], [4, 3], [4, 3], [4, 3], [4, 4], [4, 4], [7, 3], [7, 3], [7, 3], [7, 3], [7, 3], [7, 3], [7, 3], [7, 3], [7, 2], [7, 1], [7, 1], [7, 2], [7, 2], [5, 3], [5, 3], [5, 3], [5, 2], [6, 2], [5, 2], [5, 3], [5, 3], [5, 3], [5, 3], [6, 3], [6, 2], [6, 2], [6, 2], [5, 2], [6, 2], [6, 2], [6, 2], [3, 3], [3, 3], [3, 3], [3, 4], [3, 4], [3, 4], [3, 4], [3, 4], [3, 4]], "spawn_a": [2, 5], "spawn_b": [5, 5]}