{"pos": [[2, 3], [5, 3], [2, 4], [5, 4], [2, 5], [5, 5], [2, 6], [5, 6], [2, 7], [5, 7], [2, 2], [5, 2], [3, 2], [4, 2], [3, 3], [4, 3], [3, 4], [4, 4], [2, 4], [4, 5], [2, 3], [4, 4], [4, 3], [4, 4], [5, 3], [4, 5], [5, 2], [4, 6], [3, 2], [4, 7], [3, 3], [4, 6], [4, 3], [4, 5], [4, 4], [4, 6], [4, 3], [3, 6], [4, 4], [4, 6], [4, 3], [5, 6], [4, 3], [3, 6], [4, 4], [3, 5], [5, 4], [2, 5], [3, 4], [2, 5], [4, 4], [4, 5], [4, 3], [3, 5], [4, 4], [3, 6], [4, 3], [3, 6], [4, 2], [3, 7], [4, 1], [2, 7], [4, 0], [4, 7], [3, 0], [5, 7], [2, 0], [4, 7], [2, 1], [3, 7], [2, 1], [2, 7], [2, 1], [2, 6], [3, 1], [2, 6], [4, 1], [2, 5], [4, 2], [1, 5]], "a_points": [1, 1, 2, 2, 3, 3, 4, 4, 5, 5, 15, 15, 15, 15, 16, 16, 17, 17, 18, 18, 18, 18, 20, 20, 20, 20, 20, 20, 22, 22, 22, 22, 22, 22, 22, 22, 22, 22, 22, 22, 22, 22, 20, 20, 20, 20, 21, 21, 23, 23, 23, 23, 23, 23, 23, 23, 23, 23, 23, 23, 23, 23, 23, 23, 24, 24, 25, 25, 26, 26, 30, 30, 28, 28, 29, 29, 30, 30, 31, 31], "b_points": [0, 1, 1, 2, 2, 3, 3, 4, 4, 5, 5, 15, 15, 15, 15, 16, 16, 17, 17, 17, 17, 17, 17, 15, 15, 15, 15, 15, 15, 15, 15, 16, 16, 16, 16, 17, 17, 17, 17, 18, 18, 19, 19, 21, 21, 21, 21, 22, 22, 26, 26, 28, 28, 28, 28, 28, 28, 26, 26, 26, 26, 27, 27, 29, 29, 29, 29, 30, 30, 30, 30, 30, 30, 31, 31, 35, 35, 35, 35, 35], "a_turns_left": [39, 39, 38, 38, 37, 37, 36, 36, 35, 35, 34, 34, 33, 33, 32, 32, 31, 31, 30, 30, 29, 29, 28, 28, 27, 27, 26, 26, 25, 25, 24, 24, 23, 23, 22, 22, 21, 21, 20, 20, 19, 19, 18, 18, 17, 17, 16, 16, 15, 15, 14, 14, 13, 13, 12, 12, 11, 11, 10, 10, 9, 9, 8, 8, 7, 7, 6, 6, 5, 5, 4, 4, 3, 3, 2, 2, 1, 1, 0, 0], "b_turns_left": [40, 39, 39, 38, 38, 37, 37, 36, 36, 35, 35, 34, 34, 33, 33, 32, 32, 31, 31, 30, 30, 29, 29, 28, 28, 27, 27, 26, 26, 25, 25, 24, 24, 23, 23, 22, 22, 21, 21, 20, 20, 19, 19, 18, 18, 17, 17, 16, 16, 15, 15, 14, 14, 13, 13, 12, 12, 11, 11, 10, 10, 9, 9, 8, 8, 7, 7, 6, 6, 5, 5, 4, 4, 3, 3, 2, 2, 1, 1, 0], "a_time_left": [235.38495779200457, 235.38495779200457, 230.76404470810667, 230.76404470810667, 226.14752783323638, 226.14752783323638, 221.49137891712599, 221.49137891712599, 216.8593998341821, 216.8593998341821, 212.23274545930326, 212.23274545930326, 207.60952195920981, 207.60952195920981, 202.98581737605855, 202.98581737605855, 198.36829891707748, 198.36829891707748, 193.7511245419737, 193.7511245419737, 189.1359431250021, 189.1359431250021, 184.52139324997552, 184.52139324997552, 179.90142962499522, 179.90142962499522, 175.28285933285952, 175.28285933285952, 170.65741520794109, 170.65741520794109, 166.03964083292522, 166.03964083292522, 161.4241921659559, 161.4241921659559, 156.8006995820906, 156.8006995820906, 152.18202062300406, 152.18202062300406, 147.56485720607452, 147.56485720607452, 142.94258820614778, 142.94258820614778, 138.32829891401343, 138.32829891401343, 133.6813101230655, 133.6813101230655, 129.06644541514106, 129.06644541514106, 124.4556204569526, 124.4556204569526, 119.83778858184814, 119.83778858184814, 115.22549962392077, 115.22549962392077, 110.61306849890389, 110.61306849890389, 106.00149378995411, 106.00149378995411, 101.38455349882133, 101.38455349882133, 96.77440328989178, 96.77440328989178, 92.16152749792673, 92.16152749792673, 87.54285003896803, 87.54285003896803, 82.93511778884567, 82.93511778884567, 78.31629582983442, 78.31629582983442, 73.70631103776395, 73.70631103776395, 69.07824549567886, 69.07824549567886, 64.46541712060571, 64.46541712060571, 59.84461728762835, 59.84461728762835, 55.234422370558605, 55.234422370558605], "b_time_left": [240, 235.37707004183903, 235.37707004183903, 230.75698699965142, 230.75698699965142, 226.14115079166368, 226.14115079166368, 221.52386966650374, 221.52386966650374, 216.90812733350322, 216.90812733350322, 212.27498354250565, 212.27498354250565, 207.6601832085289, 207.6601832085289, 203.03879470843822, 203.03879470843822, 198.4245320004411, 198.4245320004411, 193.79299145843834, 193.79299145843834, 189.15983154135756, 189.15983154135756, 184.5305721242912, 184.5305721242912, 179.910429749405, 179.910429749405, 175.293687957339, 175.293687957339, 170.66818508226424, 170.66818508226424, 166.03359566512518, 166.03359566512518, 161.4223016242031, 161.4223016242031, 156.78660904127173, 156.78660904127173, 152.17176049924456, 152.17176049924456, 147.53971308330074, 147.53971308330074, 142.90882137510926, 142.90882137510926, 138.2980960002169, 138.2980960002169, 133.67368933325633, 133.67368933325633, 129.0580855831504, 129.0580855831504, 124.43554062419571, 124.43554062419571, 119.81721529108472, 119.81721529108472, 115.11081679095514, 115.11081679095514, 110.50110770808533, 110.50110770808533, 105.88739483291283, 105.88739483291283, 101.27151008299552, 101.27151008299552, 96.65085170790553, 96.65085170790553, 92.04278695792891, 92.04278695792891, 87.4262089158874, 87.4262089158874, 82.8096656659618, 82.8096656659618, 78.19540495681576, 78.19540495681576, 73.58113703993149, 73.58113703993149, 68.9743195399642, 68.9743195399642, 64.36085803993046, 64.36085803993046, 59.751583873759955, 59.751583873759955, 55.141997623723], "rat_caught": [false, false, false, false, false, false, false, false, false, false, false, false, false, false, false, false, false, false, false, false, false, false, false, false, false, false, false, false, false, false, false, false, false, false, false, false, false, false, false, false, false, false, false, false, false, false, false, false, false, true, false, false, false, false, false, false, false, false, false, false, false, false, false, false, false, false, false, false, false, false, true, false, false, false, false, true, false, false, false, false], "left_behind": ["prime", "prime", "prime", "prime", "prime", "prime", "prime", "prime", "prime", "prime", "carpet", "carpet", "plain", "plain", "prime", "prime", "prime", "prime", "prime", "plain", "plain", "plain", "carpet", "search", "plain", "plain", "plain", "plain", "carpet", "plain", "plain", "prime", "plain", "plain", "plain", "prime", "plain", "plain", "plain", "prime", "plain", "prime", "search", "carpet", "plain", "plain", "prime", "prime", "carpet", "search", "plain", "carpet", "plain", "plain", "plain", "plain", "plain", "search", "plain", "plain", "plain", "prime", "plain", "carpet", "prime", "plain", "prime", "prime", "prime", "plain", "search", "plain", "search", "prime", "prime", "search", "prime", "plain", "prime", "plain"], "errlog_a": "turns=40, last_best_rat_prob=0.238, last_search_target=(3, 4), last_eval=-41.07, last_depth=163, search_miss_streak=1, search_gain=-1000000009.50, board_gain=-36.59, opp_threat=0.00, opp_setup_threat=0.35, search_threshold=0.480", "errlog_b": "turns=40, last_best_rat_prob=0.460, last_search_target=(7, 2), last_eval=40.68, last_depth=942, search_miss_streak=0, search_gain=-1000000000.00, board_gain=-18.77, opp_threat=2.00, opp_setup_threat=4.70, search_threshold=0.550", "start_time": 240, "start_moves": 80, "turn_count": 80, "result": 1, "reason": "POINTS", "trapdoors": [[4, 3], [4, 2], [4, 2], [4, 2], [4, 2], [4, 1], [4, 1], [4, 1], [4, 2], [4, 3], [4, 3], [4, 3], [4, 3], [4, 3], [4, 3], [4, 3], [5, 3], [6, 3], [6, 3], [6, 3], [7, 3], [7, 4], [7, 4], [7, 4], [6, 4], [5, 4], [5, 4], [5, 4], [5, 4], [5, 4], [4, 4], [4, 4], [4, 4], [4, 4], [4, 5], [4, 6], [4, 6], [3, 6], [3, 6], [3, 5], [3, 5], [3, 5], [2, 5], [2, 4], [2, 4], [3, 4], [3, 4], [3, 4], [3, 4], [3, 4], [1, 6], [1, 6], [1, 6], [1, 6], [1, 6], [1, 6], [1, 5], [1, 4], [1, 4], [1, 4], [1, 4], [1, 4], [1, 4], [1, 4], [1, 5], [1, 5], [2, 5], [2, 5], [1, 5], [1, 5], [1, 5], [7, 6], [7, 6], [7, 6], [7, 6], [7, 6], [6, 2], [6, 1], [6, 2], [6, 2], [7, 2]], "spawn_a": [2, 2], "spawn_b": [5, 2]}