{"pos": [[2, 3], [5, 3], [2, 4], [5, 4], [2, 5], [4, 4], [2, 6], [3, 4], [2, 2], [3, 4], [3, 2], [2, 4], [3, 1], [5, 4], [3, 2], [5, 5], [4, 2], [5, 4], [4, 3], [4, 4], [4, 2], [3, 4], [4, 1], [3, 4], [4, 0], [3, 4], [4, 3], [4, 4], [3, 3], [3, 4], [3, 1], [4, 4], [3, 0], [4, 5], [4, 0], [3, 5], [5, 0], [3, 5], [5, 1], [3, 6], [5, 1], [2, 6], [5, 0], [2, 6], [5, 3], [2, 7], [4, 3], [3, 7], [4, 4], [3, 5], [4, 5], [3, 5], [4, 4], [2, 5], [3, 4], [2, 5], [2, 4], [2, 7], [1, 4], [2, 6], [1, 3], [2, 5], [2, 3], [1, 5], [1, 3], [1, 5], [1, 4], [0, 5], [1, 4], [0, 5], [1, 5], [0, 4], [1, 4], [0, 4], [2, 4], [1, 4], [3, 4], [2, 4], [3, 3], [2, 5]], "a_points": [1, 1, 2, 2, 3, 3, 4, 4, 10, 10, 10, 10, 10, 10, 11, 11, 12, 12, 12, 12, 13, 13, 14, 14, 15, 15, 19, 19, 19, 19, 21, 21, 21, 21, 22, 22, 23, 23, 23, 23, 21, 21, 22, 22, 26, 26, 26, 26, 26, 26, 25, 25, 25, 25, 25, 25, 25, 25, 25, 25, 26, 26, 27, 27, 26, 26, 25, 25, 23, 23, 23, 23, 24, 24, 24, 24, 24, 24, 24, 24], "b_points": [0, 1, 1, 2, 2, 3, 3, 4, 4, 8, 8, 9, 9, 13, 13, 13, 13, 14, 14, 14, 14, 14, 14, 12, 12, 10, 10, 10, 10, 10, 10, 10, 10, 10, 10, 11, 11, 9, 9, 10, 10, 11, 11, 15, 15, 16, 16, 17, 17, 19, 19, 23, 23, 23, 23, 27, 27, 29, 29, 29, 29, 29, 29, 29, 29, 27, 27, 27, 27, 31, 31, 32, 32, 36, 36, 37, 37, 37, 37, 37], "a_turns_left": [39, 39, 38, 38, 37, 37, 36, 36, 35, 35, 34, 34, 33, 33, 32, 32, 31, 31, 30, 30, 29, 29, 28, 28, 27, 27, 26, 26, 25, 25, 24, 24, 23, 23, 22, 22, 21, 21, 20, 20, 19, 19, 18, 18, 17, 17, 16, 16, 15, 15, 14, 14, 13, 13, 12, 12, 11, 11, 10, 10, 9, 9, 8, 8, 7, 7, 6, 6, 5, 5, 4, 4, 3, 3, 2, 2, 1, 1, 0, 0], "b_turns_left": [40, 39, 39, 38, 38, 37, 37, 36, 36, 35, 35, 34, 34, 33, 33, 32, 32, 31, 31, 30, 30, 29, 29, 28, 28, 27, 27, 26, 26, 25, 25, 24, 24, 23, 23, 22, 22, 21, 21, 20, 20, 19, 19, 18, 18, 17, 17, 16, 16, 15, 15, 14, 14, 13, 13, 12, 12, 11, 11, 10, 10, 9, 9, 8, 8, 7, 7, 6, 6, 5, 5, 4, 4, 3, 3, 2, 2, 1, 1, 0], "a_time_left": [236.30656070890836, 236.30656070890836, 232.6069586679805, 232.6069586679805, 228.9144650429953, 228.9144650429953, 225.21086550108157, 225.21086550108157, 221.50326925120316, 221.50326925120316, 217.80327833420597, 217.80327833420597, 214.10055645904504, 214.10055645904504, 210.39261366706342, 210.39261366706342, 206.69634241703898, 206.69634241703898, 202.99443600024097, 202.99443600024097, 199.30348895816132, 199.30348895816132, 195.60482683312148, 195.60482683312148, 191.91250724997371, 191.91250724997371, 188.2088095829822, 188.2088095829822, 184.51236391603015, 184.51236391603015, 180.82034099893644, 180.82034099893644, 177.12961679091677, 177.12961679091677, 173.4367791248951, 173.4367791248951, 169.72806058288552, 169.72806058288552, 166.03211120795459, 166.03211120795459, 162.33345320797525, 162.33345320797525, 158.63436824991368, 158.63436824991368, 154.93979225005023, 154.93979225005023, 151.24254987505265, 151.24254987505265, 147.5411839580629, 147.5411839580629, 143.8477656240575, 143.8477656240575, 140.1580539161805, 140.1580539161805, 136.46334708319046, 136.46334708319046, 132.76397270825692, 132.76397270825692, 129.06974016712047, 129.06974016712047, 125.37528166710399, 125.37528166710399, 121.67852437519468, 121.67852437519468, 117.97809637524188, 117.97809637524188, 114.27800583420321, 114.27800583420321, 110.58257100125775, 110.58257100125775, 106.88595383428037, 106.88595383428037, 103.16461433423683, 103.16461433423683, 99.47343687620014, 99.47343687620014, 95.78604416828603, 95.78604416828603, 92.10061033419333, 92.10061033419333], "b_time_left": [240, 236.29657020792365, 236.29657020792365, 232.59389333310537, 232.59389333310537, 228.89135262416676, 228.89135262416676, 225.18644274910912, 225.18644274910912, 221.48392583196983, 221.48392583196983, 217.77796929096803, 217.77796929096803, 214.07367266598158, 214.07367266598158, 210.3661379578989, 210.3661379578989, 206.65746908285655, 206.65746908285655, 202.9547131669242, 202.9547131669242, 199.26106937485747, 199.26106937485747, 195.55700495792553, 195.55700495792553, 191.8545636658091, 191.8545636658091, 188.1445834999904, 188.1445834999904, 184.4539779580664, 184.4539779580664, 180.7603924991563, 180.7603924991563, 177.06339937401935, 177.06339937401935, 173.36580312391743, 173.36580312391743, 169.66598053998314, 169.66598053998314, 165.96822337410413, 165.96822337410413, 162.27653254009783, 162.27653254009783, 158.57196787395515, 158.57196787395515, 154.87026695697568, 154.87026695697568, 151.17377595696598, 151.17377595696598, 147.47981874807738, 147.47981874807738, 143.78722295700572, 143.78722295700572, 140.0904296238441, 140.0904296238441, 136.3970818738453, 136.3970818738453, 132.70724241575226, 132.70724241575226, 129.00514712394215, 129.00514712394215, 125.29139883280732, 125.29139883280732, 121.59926191694103, 121.59926191694103, 117.90029883407988, 117.90029883407988, 114.20488370908424, 114.20488370908424, 110.50618237513117, 110.50618237513117, 106.81377133401111, 106.81377133401111, 103.11269125109538, 103.11269125109538, 99.4084982930217, 99.4084982930217, 95.7221607931424, 95.7221607931424, 92.03691316815093], "rat_caught": [false, false, false, false, false, false, false, false, false, true, false, false, false, false, false, false, false, false, false, false, false, false, false, false, false, false, false, false, false, false, false, false, false, false, false, false, false, false, false, false, false, false, false, true, false, false, false, false, false, false, false, true, false, false, false, true, false, false, false, false, false, false, false, false, false, false, false, false, false, true, false, false, false, true, false, false, false, false, false, false], "left_behind": ["prime", "prime", "prime", "prime", "prime", "prime", "prime", "prime", "carpet", "search", "plain", "prime", "plain", "carpet", "prime", "plain", "prime", "prime", "plain", "plain", "prime", "plain", "prime", "search", "prime", "search", "carpet", "plain", "plain", "plain", "carpet", "plain", "plain", "plain", "prime", "prime", "prime", "search", "plain", "prime", "search", "prime", "prime", "search", "carpet", "prime", "plain", "prime", "plain", "carpet", "carpet", "search", "plain", "plain", "plain", "search", "plain", "carpet", "plain", "plain", "prime", "plain", "prime", "plain", "carpet", "search", "carpet", "plain", "search", "search", "plain", "prime", "prime", "search", "plain", "prime", "plain", "plain", "plain", "plain"], "errlog_a": "turns=40, last_best_rat_prob=0.244, last_search_target=(1, 2), last_eval=-201.29, last_depth=212, search_miss_streak=2, search_gain=-1000000010.00, board_gain=-10.47, opp_threat=0.00, opp_setup_threat=2.70, search_threshold=0.460", "errlog_b": "turns=40, last_best_rat_prob=0.305, last_search_target=(4, 4), last_eval=201.01, last_depth=818, search_miss_streak=0, search_gain=-1000000006.50, board_gain=-48.69, opp_threat=1.00, opp_setup_threat=0.20, search_threshold=0.600", "start_time": 240, "start_moves": 80, "turn_count": 80, "result": 1, "reason": "POINTS", "trapdoors": [[1, 2], [1, 2], [0, 2], [0, 2], [0, 1], [1, 1], [1, 1], [1, 1], [2, 1], [2, 2], [6, 3], [6, 3], [6, 3], [6, 3], [6, 3], [6, 3], [6, 3], [6, 3], [7, 3], [7, 3], [7, 2], [7, 1], [7, 0], [6, 0], [6, 0], [6, 0], [7, 0], [6, 0], [6, 0], [5, 0], [5, 0], [6, 0], [6, 1], [5, 1], [5, 1], [4, 1], [4, 1], [4, 1], [4, 2], [4, 3], [4, 4], [4, 4], [4, 4], [4, 5], [1, 5], [1, 5], [1, 5], [1, 5], [1, 5], [1, 5], [1, 5], [1, 5], [1, 4], [1, 5], [1, 5], [1, 5], [3, 6], [3, 6], [3, 6], [3, 6], [3, 6], [3, 7], [3, 7], [2, 7], [2, 7], [1, 7], [1, 7], [1, 7], [0, 7], [0, 6], [7, 2], [7, 2], [7, 1], [7, 1], [2, 2], [2, 2], [2, 1], [2, 1], [2, 2], [2, 2], [2, 2]], "spawn_a": [2, 2], "spawn_b": [5, 2]}