{"pos": [[2, 4], [5, 4], [2, 3], [5, 3], [2, 2], [5, 2], [2, 1], [5, 1], [2, 0], [5, 0], [2, 5], [5, 5], [3, 5], [4, 5], [3, 4], [4, 4], [3, 3], [4, 3], [2, 3], [4, 2], [2, 4], [4, 3], [4, 4], [4, 3], [5, 4], [4, 2], [5, 5], [4, 1], [3, 5], [4, 1], [3, 6], [4, 2], [3, 7], [3, 2], [4, 7], [4, 2], [5, 7], [4, 2], [5, 6], [4, 3], [4, 6], [4, 4], [4, 5], [4, 1], [4, 4], [3, 1], [4, 4], [3, 0], [4, 3], [3, 3], [5, 3], [4, 3], [5, 4], [4, 3], [6, 4], [4, 4], [7, 4], [5, 4], [7, 3], [5, 4], [6, 3], [5, 3], [6, 4], [5, 4], [6, 3], [5, 3], [6, 4], [5, 4], [6, 3], [5, 3], [6, 4], [5, 4], [6, 3], [5, 3], [6, 4], [5, 4], [6, 3], [5, 3], [6, 4], [6, 3]], "a_points": [1, 1, 2, 2, 3, 3, 4, 4, 5, 5, 15, 15, 15, 15, 16, 16, 17, 17, 18, 18, 18, 18, 20, 20, 20, 20, 20, 20, 22, 22, 22, 22, 23, 23, 24, 24, 25, 25, 26, 26, 27, 27, 28, 28, 28, 28, 32, 32, 32, 32, 32, 32, 32, 32, 32, 32, 32, 32, 33, 33, 34, 34, 34, 34, 34, 34, 34, 34, 34, 34, 34, 34, 34, 34, 34, 34, 34, 34, 34, 34], "b_points": [0, 1, 1, 2, 2, 3, 3, 4, 4, 5, 5, 15, 15, 15, 15, 16, 16, 17, 17, 17, 17, 17, 17, 15, 15, 15, 15, 15, 15, 19, 19, 20, 20, 20, 20, 21, 21, 25, 25, 26, 26, 27, 27, 31, 31, 31, 31, 32, 32, 36, 36, 36, 36, 34, 34, 34, 34, 34, 34, 38, 38, 38, 38, 38, 38, 38, 38, 38, 38, 38, 38, 38, 38, 38, 38, 38, 38, 38, 38, 38], "a_turns_left": [39, 39, 38, 38, 37, 37, 36, 36, 35, 35, 34, 34, 33, 33, 32, 32, 31, 31, 30, 30, 29, 29, 28, 28, 27, 27, 26, 26, 25, 25, 24, 24, 23, 23, 22, 22, 21, 21, 20, 20, 19, 19, 18, 18, 17, 17, 16, 16, 15, 15, 14, 14, 13, 13, 12, 12, 11, 11, 10, 10, 9, 9, 8, 8, 7, 7, 6, 6, 5, 5, 4, 4, 3, 3, 2, 2, 1, 1, 0, 0], "b_turns_left": [40, 39, 39, 38, 38, 37, 37, 36, 36, 35, 35, 34, 34, 33, 33, 32, 32, 31, 31, 30, 30, 29, 29, 28, 28, 27, 27, 26, 26, 25, 25, 24, 24, 23, 23, 22, 22, 21, 21, 20, 20, 19, 19, 18, 18, 17, 17, 16, 16, 15, 15, 14, 14, 13, 13, 12, 12, 11, 11, 10, 10, 9, 9, 8, 8, 7, 7, 6, 6, 5, 5, 4, 4, 3, 3, 2, 2, 1, 1, 0], "a_time_left": [235.3812039589975, 235.3812039589975, 230.75242704199627, 230.75242704199627, 226.1106547920499, 226.1106547920499, 221.48579025105573, 221.48579025105573, 216.85447891801596, 216.85447891801596, 212.23663446004502, 212.23663446004502, 207.52709587709978, 207.52709587709978, 202.90662066894583, 202.90662066894583, 198.28665979392827, 198.28665979392827, 193.67374908481725, 193.67374908481725, 189.06056375196204, 189.06056375196204, 184.44144137692638, 184.44144137692638, 179.81395704392344, 179.81395704392344, 175.195407418767, 175.195407418767, 170.57172075170092, 170.57172075170092, 165.95542162680067, 165.95542162680067, 161.33955266862176, 161.33955266862176, 156.7228044597432, 156.7228044597432, 152.1106552928686, 152.1106552928686, 147.48721950082108, 147.48721950082108, 142.87029554275796, 142.87029554275796, 138.24857683479786, 138.24857683479786, 133.63721970980987, 133.63721970980987, 129.01499445992522, 129.01499445992522, 124.39551100181416, 124.39551100181416, 119.78721970994957, 119.78721970994957, 115.02498850203119, 115.02498850203119, 110.40356904314831, 110.40356904314831, 105.78259554319084, 105.78259554319084, 101.17354333517142, 101.17354333517142, 96.55141370999627, 96.55141370999627, 91.93574704392813, 91.93574704392813, 87.3216577519197, 87.3216577519197, 82.69304316793568, 82.69304316793568, 77.76197320991196, 77.76197320991196, 73.15402170992456, 73.15402170992456, 68.54171170992777, 68.54171170992777, 63.92968912702054, 63.92968912702054, 59.323035751935095, 59.323035751935095, 54.718216376844794, 54.718216376844794], "b_time_left": [240, 235.3835027080495, 235.3835027080495, 230.7532892501913, 230.7532892501913, 226.14155400032178, 226.14155400032178, 221.514046584256, 221.514046584256, 216.86199508421123, 216.86199508421123, 212.24867545906454, 212.24867545906454, 207.63368270895444, 207.63368270895444, 203.00280483416282, 203.00280483416282, 198.3784190423321, 198.3784190423321, 193.76290979236364, 193.76290979236364, 189.13882908318192, 189.13882908318192, 184.4906324581243, 184.4906324581243, 179.867350500077, 179.867350500077, 175.2552377921529, 175.2552377921529, 170.62119150115177, 170.62119150115177, 166.00097420997918, 166.00097420997918, 161.27984775207005, 161.27984775207005, 156.64611841924489, 156.64611841924489, 152.02096146019176, 152.02096146019176, 147.39389150217175, 147.39389150217175, 142.51866933517158, 142.51866933517158, 137.90625700121745, 137.90625700121745, 133.29212371027097, 133.29212371027097, 128.67505879420787, 128.67505879420787, 124.04938891925849, 124.04938891925849, 119.4312627101317, 119.4312627101317, 114.82086487719789, 114.82086487719789, 110.2091343770735, 110.2091343770735, 105.57991671119817, 105.57991671119817, 100.95845375326462, 100.95845375326462, 96.34763121115975, 96.34763121115975, 91.73418116918765, 91.73418116918765, 87.11672354396433, 87.11672354396433, 82.5037237110082, 82.5037237110082, 77.88985229399987, 77.88985229399987, 73.27971712709405, 73.27971712709405, 68.66978704417124, 68.66978704417124, 64.05530566908419, 64.05530566908419, 59.4477186689619, 59.4477186689619, 54.84402308589779], "rat_caught": [false, false, false, false, false, false, false, false, false, false, false, false, false, false, false, false, false, false, false, false, false, false, false, false, false, false, false, false, false, true, false, false, false, false, false, false, false, true, false, false, false, false, false, false, false, false, true, false, false, false, false, false, false, false, false, false, false, false, false, true, false, false, false, false, false, false, false, false, false, false, false, false, false, false, false, false, false, false, false, false], "left_behind": ["prime", "prime", "prime", "prime", "prime", "prime", "prime", "prime", "prime", "prime", "carpet", "carpet", "plain", "plain", "prime", "prime", "prime", "prime", "prime", "plain", "plain", "plain", "carpet", "search", "plain", "plain", "plain", "plain", "carpet", "search", "plain", "prime", "prime", "plain", "prime", "prime", "prime", "search", "prime", "prime", "prime", "prime", "prime", "carpet", "plain", "plain", "search", "prime", "plain", "carpet", "plain", "plain", "plain", "search", "plain", "plain", "plain", "plain", "prime", "search", "prime", "plain", "plain", "plain", "plain", "plain", "plain", "plain", "plain", "plain", "plain", "plain", "plain", "plain", "plain", "plain", "plain", "plain", "plain", "plain"], "errlog_a": "turns=40, last_best_rat_prob=0.200, last_search_target=(5, 1), last_eval=-104.55, last_depth=332, search_miss_streak=0, search_gain=-1000000001.00, board_gain=-45.95, opp_threat=0.00, opp_setup_threat=0.00, search_threshold=0.460", "errlog_b": "turns=40, last_best_rat_prob=0.397, last_search_target=(2, 2), last_eval=128.55, last_depth=1106, search_miss_streak=0, search_gain=-1000000000.00, board_gain=5.30, opp_threat=1.00, opp_setup_threat=3.70, search_threshold=0.470", "start_time": 240, "start_moves": 80, "turn_count": 80, "result": 1, "reason": "POINTS", "trapdoors": [[6, 7], [6, 7], [6, 7], [6, 7], [5, 7], [5, 7], [4, 7], [4, 7], [3, 7], [2, 7], [2, 7], [2, 7], [2, 7], [1, 7], [1, 7], [1, 7], [0, 7], [0, 7], [0, 7], [1, 7], [1, 7], [1, 7], [1, 7], [1, 7], [1, 7], [1, 7], [1, 7], [1, 7], [1, 7], [0, 7], [7, 5], [7, 6], [7, 6], [7, 6], [7, 7], [7, 7], [7, 7], [7, 7], [1, 5], [1, 5], [1, 5], [1, 5], [1, 5], [1, 5], [1, 5], [1, 5], [1, 4], [0, 1], [0, 1], [0, 1], [1, 1], [2, 1], [1, 1], [1, 1], [1, 0], [1, 0], [2, 0], [3, 0], [4, 0], [4, 0], [1, 3], [1, 3], [1, 2], [1, 2], [1, 2], [2, 2], [2, 2], [2, 3], [2, 3], [2, 4], [3, 4], [3, 4], [3, 4], [3, 3], [3, 3], [3, 3], [3, 2], [3, 2], [2, 2], [2, 2], [2, 2]], "spawn_a": [2, 5], "spawn_b": [5, 5]}