{"pos": [[2, 4], [5, 4], [2, 3], [5, 3], [2, 3], [5, 2], [2, 2], [5, 1], [2, 1], [5, 1], [2, 0], [5, 0], [2, 5], [5, 5], [3, 5], [5, 6], [3, 5], [5, 6], [4, 5], [5, 5], [4, 4], [3, 5], [3, 4], [3, 5], [3, 3], [3, 6], [3, 2], [3, 6], [3, 1], [4, 6], [3, 0], [4, 6], [3, 4], [4, 6], [3, 4], [4, 7], [3, 3], [5, 7], [4, 3], [5, 7], [4, 2], [4, 7], [4, 1], [4, 7], [4, 0], [3, 7], [3, 0], [3, 7], [2, 0], [3, 7], [4, 0], [3, 7], [4, 4], [3, 7], [5, 4], [5, 7], [6, 4], [5, 7], [6, 3], [5, 7], [6, 2], [5, 7], [6, 4], [5, 7], [7, 4], [5, 7], [7, 3], [5, 7], [7, 2], [5, 7], [6, 2], [5, 6], [5, 2], [3, 6], [7, 2], [3, 6], [7, 4], [3, 7], [7, 3], [3, 7]], "a_points": [1, 1, 2, 2, 0, 0, 1, 1, 2, 2, 3, 3, 13, 13, 13, 13, 17, 17, 18, 18, 19, 19, 20, 20, 21, 21, 22, 22, 23, 23, 24, 24, 30, 30, 28, 28, 28, 28, 28, 28, 29, 29, 30, 30, 31, 31, 32, 32, 33, 33, 35, 35, 41, 41, 41, 41, 41, 41, 42, 42, 43, 43, 45, 45, 45, 45, 46, 46, 47, 47, 48, 48, 49, 49, 51, 51, 53, 53, 53, 53], "b_points": [0, 1, 1, 2, 2, 3, 3, 4, 4, 8, 8, 9, 9, 19, 19, 19, 19, 23, 23, 24, 24, 26, 26, 24, 24, 24, 24, 28, 28, 29, 29, 27, 27, 25, 25, 26, 26, 26, 26, 30, 30, 31, 31, 29, 29, 30, 30, 28, 28, 26, 26, 24, 24, 22, 22, 24, 24, 22, 22, 20, 20, 18, 18, 16, 16, 14, 14, 12, 12, 16, 16, 15, 15, 17, 17, 21, 21, 21, 21, 19], "a_turns_left": [39, 39, 38, 38, 37, 37, 36, 36, 35, 35, 34, 34, 33, 33, 32, 32, 31, 31, 30, 30, 29, 29, 28, 28, 27, 27, 26, 26, 25, 25, 24, 24, 23, 23, 22, 22, 21, 21, 20, 20, 19, 19, 18, 18, 17, 17, 16, 16, 15, 15, 14, 14, 13, 13, 12, 12, 11, 11, 10, 10, 9, 9, 8, 8, 7, 7, 6, 6, 5, 5, 4, 4, 3, 3, 2, 2, 1, 1, 0, 0], "b_turns_left": [40, 39, 39, 38, 38, 37, 37, 36, 36, 35, 35, 34, 34, 33, 33, 32, 32, 31, 31, 30, 30, 29, 29, 28, 28, 27, 27, 26, 26, 25, 25, 24, 24, 23, 23, 22, 22, 21, 21, 20, 20, 19, 19, 18, 18, 17, 17, 16, 16, 15, 15, 14, 14, 13, 13, 12, 12, 11, 11, 10, 10, 9, 9, 8, 8, 7, 7, 6, 6, 5, 5, 4, 4, 3, 3, 2, 2, 1, 1, 0], "a_time_left": [235.39826429192908, 235.39826429192908, 230.7979487918783, 230.7979487918783, 226.19765679189004, 226.19765679189004, 221.5973941667471, 221.5973941667471, 216.99717045784928, 216.99717045784928, 212.39592749997973, 212.39592749997973, 207.79566599987447, 207.79566599987447, 203.1953858337365, 203.1953858337365, 198.59516095859, 198.59516095859, 193.9939521246124, 193.9939521246124, 189.39370799972676, 189.39370799972676, 184.79340183269233, 184.79340183269233, 180.19315804052167, 180.19315804052167, 175.59288499946706, 175.59288499946706, 170.9916566654574, 170.9916566654574, 166.39134866558015, 166.39134866558015, 161.7911427905783, 161.7911427905783, 157.19081237353384, 157.19081237353384, 152.59056366537698, 152.59056366537698, 147.99029708234593, 147.99029708234593, 143.3889719992876, 143.3889719992876, 138.78868820820935, 138.78868820820935, 134.1882259172853, 134.1882259172853, 129.587897709338, 129.587897709338, 124.98729962622747, 124.98729962622747, 120.38707662629895, 120.38707662629895, 115.78681200137362, 115.78681200137362, 111.18662446038797, 111.18662446038797, 106.58637058548629, 106.58637058548629, 101.98606729344465, 101.98606729344465, 97.38571154349484, 97.38571154349484, 92.78538533463143, 92.78538533463143, 88.18474675179459, 88.18474675179459, 83.58253196091391, 83.58253196091391, 78.98177875205874, 78.98177875205874, 74.38052266906016, 74.38052266906016, 69.78028050204739, 69.78028050204739, 65.17987937713042, 65.17987937713042, 60.57869712705724, 60.57869712705724, 55.97851679311134, 55.97851679311134], "b_time_left": [240, 239.9937287918292, 239.9937287918292, 239.9880909586791, 239.9880909586791, 239.9833198748529, 239.9833198748529, 239.979057374876, 239.979057374876, 239.978953915881, 239.978953915881, 239.97424995689653, 239.97424995689653, 239.97213899879716, 239.97213899879716, 239.97048266488127, 239.97048266488127, 239.96944003994577, 239.96944003994577, 239.96529612294398, 239.96529612294398, 239.96365091507323, 239.96365091507323, 239.9634847480338, 239.9634847480338, 239.9602909150999, 239.9602909150999, 239.96019595721737, 239.96019595721737, 239.95689933234826, 239.95689933234826, 239.95680199936032, 239.95680199936032, 239.95638266624883, 239.95638266624883, 239.9532382080797, 239.9532382080797, 239.9510167920962, 239.9510167920962, 239.9461912920233, 239.9461912920233, 239.94289591698907, 239.94289591698907, 239.94280158309266, 239.94280158309266, 239.94045083294623, 239.94045083294623, 239.94010462495498, 239.94010462495498, 239.94001170783304, 239.94001170783304, 239.93991816579364, 239.93991816579364, 239.93982008169405, 239.93982008169405, 239.93887274875306, 239.93887274875306, 239.93854378978722, 239.93854378978722, 239.93845149874687, 239.93845149874687, 239.93681408278644, 239.93681408278644, 239.9364204579033, 239.9364204579033, 239.93624987406656, 239.93624987406656, 239.93546549906023, 239.93546549906023, 239.93398499907926, 239.93398499907926, 239.93081008223817, 239.93081008223817, 239.92885799822398, 239.92885799822398, 239.92867983225733, 239.92867983225733, 239.92670716531575, 239.92670716531575, 239.92490687337704], "rat_caught": [false, false, false, false, false, false, false, false, false, true, false, false, false, false, false, false, true, true, false, false, false, false, false, false, false, false, false, true, false, false, false, false, false, false, false, false, false, false, false, true, false, false, false, false, false, false, false, false, false, false, false, false, false, false, false, false, false, false, false, false, false, false, false, false, false, false, false, false, false, true, false, false, false, false, false, true, false, false, false, false], "left_behind": ["prime", "prime", "prime", "prime", "search", "prime", "prime", "prime", "prime", "search", "prime", "prime", "carpet", "carpet", "plain", "plain", "search", "search", "prime", "prime", "prime", "carpet", "prime", "search", "prime", "plain", "prime", "search", "prime", "prime", "prime", "search", "carpet", "search", "search", "prime", "plain", "plain", "plain", "search", "prime", "prime", "prime", "search", "prime", "prime", "prime", "search", "prime", "search", "carpet", "search", "carpet", "search", "plain", "carpet", "plain", "search", "prime", "search", "prime", "search", "carpet", "search", "plain", "search", "prime", "search", "prime", "search", "prime", "carpet", "prime", "carpet", "carpet", "search", "carpet", "plain", "plain", "search"], "errlog_a": "turns=40, last_best_rat_prob=0.372, last_search_target=(2, 0), last_eval=620.94, last_depth=13995, search_miss_streak=1, search_gain=-23.79, board_gain=-13.18", "errlog_b": "turns=40, last_best_rat_prob=0.449, last_search_target=(5, 0), last_eval=-526.42", "start_time": 240, "start_moves": 80, "turn_count": 80, "result": 0, "reason": "POINTS", "trapdoors": [[3, 0], [4, 0], [5, 0], [5, 0], [6, 0], [7, 0], [7, 1], [7, 1], [7, 2], [7, 2], [5, 7], [5, 7], [4, 7], [4, 7], [3, 7], [2, 7], [2, 7], [5, 6], [4, 4], [3, 4], [2, 4], [2, 4], [2, 4], [2, 4], [1, 4], [1, 4], [1, 4], [1, 4], [6, 7], [5, 7], [5, 7], [5, 6], [5, 6], [5, 7], [5, 7], [4, 7], [3, 7], [3, 7], [2, 7], [2, 7], [6, 1], [6, 1], [6, 1], [6, 1], [6, 1], [5, 1], [6, 1], [6, 2], [6, 2], [6, 2], [6, 2], [6, 2], [6, 2], [6, 2], [6, 2], [6, 2], [6, 1], [6, 1], [6, 1], [6, 1], [5, 1], [5, 1], [6, 1], [6, 1], [6, 1], [6, 1], [6, 1], [6, 1], [6, 2], [6, 2], [0, 3], [0, 2], [0, 2], [0, 2], [0, 1], [0, 0], [1, 2], [1, 2], [1, 1], [1, 1], [1, 1]], "spawn_a": [2, 5], "spawn_b": [5, 5]}