{"pos": [[3, 3], [4, 1], [4, 3], [5, 1], [5, 3], [4, 1], [5, 4], [3, 1], [5, 5], [3, 1], [4, 5], [2, 1], [3, 5], [5, 1], [5, 5], [5, 2], [5, 3], [5, 2], [4, 3], [3, 2], [4, 4], [2, 2], [3, 4], [2, 3], [2, 4], [1, 3], [1, 4], [1, 3], [1, 5], [4, 3], [2, 5], [5, 3], [2, 6], [5, 4], [2, 7], [1, 4], [2, 6], [0, 4], [3, 6], [0, 5], [4, 6], [2, 5], [2, 6], [3, 5], [3, 6], [4, 5], [3, 7], [4, 6], [4, 7], [4, 5], [2, 7], [5, 5], [3, 7], [5, 4], [4, 7], [6, 4], [4, 7], [6, 3], [3, 7], [7, 3], [3, 6], [7, 4], [3, 5], [6, 4], [4, 5], [6, 5], [5, 5], [7, 5], [6, 5], [7, 3], [6, 3], [7, 4], [5, 3], [7, 4], [4, 3], [7, 5], [4, 4], [6, 5], [4, 5], [6, 4]], "a_points": [1, 1, 2, 2, 2, 2, 3, 3, 4, 4, 5, 5, 6, 6, 8, 8, 10, 10, 10, 10, 11, 11, 12, 12, 13, 13, 14, 14, 15, 15, 16, 16, 17, 17, 17, 17, 18, 18, 19, 19, 20, 20, 22, 22, 22, 22, 22, 22, 23, 23, 25, 25, 25, 25, 25, 25, 29, 29, 30, 30, 30, 30, 29, 29, 29, 29, 29, 29, 28, 28, 30, 30, 30, 30, 30, 30, 30, 30, 30, 30], "b_points": [0, 1, 1, 1, 1, 2, 2, 3, 3, 1, 1, 2, 2, 6, 6, 6, 6, 4, 4, 6, 6, 6, 6, 7, 7, 8, 8, 6, 6, 10, 10, 10, 10, 10, 10, 16, 16, 16, 16, 17, 17, 19, 19, 19, 19, 20, 20, 20, 20, 21, 21, 21, 21, 21, 21, 21, 21, 21, 21, 22, 22, 23, 23, 24, 24, 25, 25, 26, 26, 28, 28, 28, 28, 26, 26, 26, 26, 27, 27, 27], "a_turns_left": [39, 39, 38, 38, 37, 37, 36, 36, 35, 35, 34, 34, 33, 33, 32, 32, 31, 31, 30, 30, 29, 29, 28, 28, 27, 27, 26, 26, 25, 25, 24, 24, 23, 23, 22, 22, 21, 21, 20, 20, 19, 19, 18, 18, 17, 17, 16, 16, 15, 15, 14, 14, 13, 13, 12, 12, 11, 11, 10, 10, 9, 9, 8, 8, 7, 7, 6, 6, 5, 5, 4, 4, 3, 3, 2, 2, 1, 1, 0, 0], "b_turns_left": [40, 39, 39, 38, 38, 37, 37, 36, 36, 35, 35, 34, 34, 33, 33, 32, 32, 31, 31, 30, 30, 29, 29, 28, 28, 27, 27, 26, 26, 25, 25, 24, 24, 23, 23, 22, 22, 21, 21, 20, 20, 19, 19, 18, 18, 17, 17, 16, 16, 15, 15, 14, 14, 13, 13, 12, 12, 11, 11, 10, 10, 9, 9, 8, 8, 7, 7, 6, 6, 5, 5, 4, 4, 3, 3, 2, 2, 1, 1, 0], "a_time_left": [237.23852108395658, 237.23852108395658, 234.47785545908846, 234.47785545908846, 231.71366066718474, 231.71366066718474, 228.94800525018945, 228.94800525018945, 226.1856029171031, 226.1856029171031, 223.42425675014965, 223.42425675014965, 220.66351012513041, 220.66351012513041, 217.90094162523746, 217.90094162523746, 215.13928337511607, 215.13928337511607, 212.3785418330226, 212.3785418330226, 209.6174400409218, 209.6174400409218, 206.85596399893984, 206.85596399893984, 204.09446412394755, 204.09446412394755, 201.3336108319927, 201.3336108319927, 198.57140949787572, 198.57140949787572, 195.81063704006374, 195.81063704006374, 193.04991666506976, 193.04991666506976, 190.28904099809006, 190.28904099809006, 187.528414248256, 187.528414248256, 184.7676676651463, 184.7676676651463, 182.00696120620705, 182.00696120620705, 179.24631120613776, 179.24631120613776, 176.48552237311378, 176.48552237311378, 173.724868707126, 173.724868707126, 170.9641019150149, 170.9641019150149, 168.2035712900106, 168.2035712900106, 165.4431845820509, 165.4431845820509, 162.6825691650156, 162.6825691650156, 159.92182724783197, 159.92182724783197, 157.16031045583077, 157.16031045583077, 154.39913820568472, 154.39913820568472, 151.63841824769042, 151.63841824769042, 148.87784487288445, 148.87784487288445, 146.1169636650011, 146.1169636650011, 143.3561883729417, 143.3561883729417, 140.59552895696834, 140.59552895696834, 137.83467937400565, 137.83467937400565, 135.07216045702808, 135.07216045702808, 132.31042395718396, 132.31042395718396, 129.54989395709708, 129.54989395709708], "b_time_left": [240, 235.38981012511067, 235.38981012511067, 230.77940125018358, 230.77940125018358, 226.10595154133625, 226.10595154133625, 221.4951904574409, 221.4951904574409, 216.8855926655233, 216.8855926655233, 212.27551470766775, 212.27551470766775, 207.66096145752817, 207.66096145752817, 203.05203624861315, 203.05203624861315, 198.44204949843697, 198.44204949843697, 193.8320446233265, 193.8320446233265, 189.22163508227095, 189.22163508227095, 184.61270258226432, 184.61270258226432, 180.00551683222875, 180.00551683222875, 175.39282624912448, 175.39282624912448, 170.78279895707965, 170.78279895707965, 166.1745863731485, 166.1745863731485, 161.566701665055, 161.566701665055, 156.95804691500962, 156.95804691500962, 152.3480479978025, 152.3480479978025, 147.73941837297752, 147.73941837297752, 143.13405803916976, 143.13405803916976, 138.52751374733634, 138.52751374733634, 133.91978349722922, 133.91978349722922, 129.31217570626177, 129.31217570626177, 124.70427808118984, 124.70427808118984, 120.09736599819735, 120.09736599819735, 115.49124133214355, 115.49124133214355, 110.88034287421033, 110.88034287421033, 106.27006762428209, 106.27006762428209, 101.65900262421928, 101.65900262421928, 97.05232545710169, 97.05232545710169, 92.44595733191818, 92.44595733191818, 87.83568183192983, 87.83568183192983, 83.23007120704278, 83.23007120704278, 78.62226787395775, 78.62226787395775, 74.01098849880509, 74.01098849880509, 69.38946729083546, 69.38946729083546, 64.78137445799075, 64.78137445799075, 60.175176915945485, 60.175176915945485, 55.572302791057155], "rat_caught": [false, false, false, false, false, false, false, false, false, false, false, false, false, false, false, false, false, false, false, false, false, false, false, false, false, false, false, false, false, false, false, false, false, false, false, false, false, false, false, false, false, false, false, false, false, false, false, false, false, false, false, false, false, false, false, false, true, false, false, false, false, false, false, false, false, false, false, false, false, false, false, false, false, false, false, false, false, false, false, false], "left_behind": ["prime", "prime", "prime", "plain", "plain", "prime", "prime", "prime", "prime", "search", "prime", "prime", "prime", "carpet", "carpet", "plain", "carpet", "search", "plain", "carpet", "prime", "plain", "prime", "prime", "prime", "prime", "prime", "search", "prime", "carpet", "prime", "plain", "prime", "plain", "plain", "carpet", "prime", "plain", "prime", "prime", "prime", "carpet", "carpet", "plain", "plain", "prime", "plain", "plain", "prime", "prime", "carpet", "plain", "plain", "plain", "plain", "plain", "search", "plain", "prime", "prime", "plain", "prime", "carpet", "prime", "plain", "prime", "plain", "prime", "carpet", "carpet", "carpet", "plain", "plain", "search", "plain", "plain", "plain", "prime", "plain", "plain"], "errlog_a": "turns=40, last_best_rat_prob=0.788, last_search_target=(7, 5), last_eval=105.02, last_depth=2526, search_miss_streak=0, search_gain=16.37, board_gain=27.05, opp_threat=0.00", "errlog_b": "turns=40, last_best_rat_prob=0.939, last_search_target=(7, 6), last_eval=-119.42, last_depth=1712, search_miss_streak=4, search_gain=-10.90, board_gain=-3.60, opp_threat=2.00, opp_setup_threat=2.00", "start_time": 240, "start_moves": 80, "turn_count": 80, "result": 0, "reason": "POINTS", "trapdoors": [[7, 4], [7, 4], [7, 4], [6, 4], [6, 4], [5, 4], [5, 4], [4, 4], [5, 4], [4, 4], [4, 4], [4, 4], [4, 4], [4, 4], [4, 4], [4, 4], [4, 5], [4, 5], [5, 5], [6, 5], [6, 6], [6, 6], [6, 5], [6, 5], [6, 5], [6, 5], [6, 5], [6, 5], [6, 4], [6, 3], [6, 3], [6, 3], [6, 3], [7, 3], [7, 4], [7, 4], [7, 4], [7, 4], [6, 4], [6, 5], [6, 5], [6, 5], [6, 5], [6, 5], [6, 5], [5, 5], [5, 5], [5, 5], [5, 6], [5, 6], [5, 6], [5, 6], [5, 7], [5, 7], [5, 7], [5, 6], [5, 7], [3, 5], [3, 5], [3, 5], [3, 6], [4, 6], [4, 7], [5, 7], [6, 7], [6, 7], [6, 7], [6, 7], [7, 7], [7, 6], [7, 7], [7, 7], [7, 7], [7, 6], [7, 6], [7, 6], [7, 6], [7, 6], [7, 6], [7, 5], [7, 5]], "spawn_a": [3, 2], "spawn_b": [4, 2]}