{"pos": [[2, 4], [5, 4], [1, 4], [5, 4], [0, 4], [4, 4], [3, 4], [4, 3], [3, 3], [5, 3], [3, 2], [5, 4], [4, 2], [5, 5], [5, 2], [4, 5], [5, 4], [5, 5], [4, 4], [4, 5], [4, 2], [3, 5], [4, 3], [3, 5], [3, 3], [2, 5], [3, 4], [2, 5], [2, 4], [5, 5], [2, 3], [6, 5], [1, 3], [6, 4], [0, 3], [6, 4], [3, 3], [6, 3], [2, 3], [6, 2], [2, 2], [5, 2], [2, 1], [4, 2], [3, 1], [4, 1], [3, 1], [4, 2], [3, 0], [2, 2], [4, 0], [3, 2], [4, 1], [4, 2], [2, 1], [6, 2], [2, 2], [6, 2], [1, 2], [6, 5], [0, 2], [7, 5], [0, 3], [7, 4], [0, 3], [7, 3], [0, 4], [7, 3], [0, 5], [6, 3], [1, 5], [6, 2], [2, 5], [6, 2], [2, 6], [7, 2], [3, 6], [7, 5], [3, 6], [6, 5]], "a_points": [1, 1, 2, 2, 3, 3, 7, 7, 7, 7, 7, 7, 8, 8, 9, 9, 11, 11, 10, 10, 12, 12, 12, 12, 12, 12, 13, 13, 13, 13, 13, 13, 14, 14, 15, 15, 19, 19, 19, 19, 19, 19, 20, 20, 21, 21, 25, 25, 26, 26, 27, 27, 26, 26, 28, 28, 28, 28, 28, 28, 28, 28, 29, 29, 27, 27, 28, 28, 29, 29, 30, 30, 31, 31, 32, 32, 33, 33, 31, 31], "b_points": [0, 0, 0, 4, 4, 4, 4, 5, 5, 6, 6, 7, 7, 8, 8, 8, 8, 8, 8, 9, 9, 10, 10, 8, 8, 9, 9, 13, 13, 17, 17, 17, 17, 18, 18, 22, 22, 23, 23, 24, 24, 25, 25, 26, 26, 26, 26, 27, 27, 29, 29, 29, 29, 29, 29, 31, 31, 35, 35, 39, 39, 39, 39, 40, 40, 41, 41, 39, 39, 40, 40, 40, 40, 38, 38, 38, 38, 42, 42, 42], "a_turns_left": [39, 39, 38, 38, 37, 37, 36, 36, 35, 35, 34, 34, 33, 33, 32, 32, 31, 31, 30, 30, 29, 29, 28, 28, 27, 27, 26, 26, 25, 25, 24, 24, 23, 23, 22, 22, 21, 21, 20, 20, 19, 19, 18, 18, 17, 17, 16, 16, 15, 15, 14, 14, 13, 13, 12, 12, 11, 11, 10, 10, 9, 9, 8, 8, 7, 7, 6, 6, 5, 5, 4, 4, 3, 3, 2, 2, 1, 1, 0, 0], "b_turns_left": [40, 39, 39, 38, 38, 37, 37, 36, 36, 35, 35, 34, 34, 33, 33, 32, 32, 31, 31, 30, 30, 29, 29, 28, 28, 27, 27, 26, 26, 25, 25, 24, 24, 23, 23, 22, 22, 21, 21, 20, 20, 19, 19, 18, 18, 17, 17, 16, 16, 15, 15, 14, 14, 13, 13, 12, 12, 11, 11, 10, 10, 9, 9, 8, 8, 7, 7, 6, 6, 5, 5, 4, 4, 3, 3, 2, 2, 1, 1, 0], "a_time_left": [235.38364237500355, 235.38364237500355, 230.76697141607292, 230.76697141607292, 226.14993200008757, 226.14993200008757, 221.5227356250398, 221.5227356250398, 216.90264000021853, 216.90264000021853, 212.2909577502869, 212.2909577502869, 207.6792862082366, 207.6792862082366, 203.05835249926895, 203.05835249926895, 198.43868066510186, 198.43868066510186, 193.81877120700665, 193.81877120700665, 189.20442899805494, 189.20442899805494, 184.58626162307337, 184.58626162307337, 179.94052112312056, 179.94052112312056, 175.32573429006152, 175.32573429006152, 170.71146412286907, 170.71146412286907, 166.1015353729017, 166.1015353729017, 161.4726280819159, 161.4726280819159, 156.85032137390226, 156.85032137390226, 152.2230278737843, 152.2230278737843, 147.60146141564474, 147.60146141564474, 142.98694216553122, 142.98694216553122, 138.35444754059426, 138.35444754059426, 133.73212641547434, 133.73212641547434, 129.11884033144452, 129.11884033144452, 124.50272553949617, 124.50272553949617, 119.89406033162959, 119.89406033162959, 115.2798196238, 115.2798196238, 110.6663550408557, 110.6663550408557, 106.05581912398338, 106.05581912398338, 101.44764858181588, 101.44764858181588, 96.82745324890129, 96.82745324890129, 92.20979841588996, 92.20979841588996, 87.59146191598848, 87.59146191598848, 82.96654820698313, 82.96654820698313, 78.33651070692576, 78.33651070692576, 73.70689370692708, 73.70689370692708, 69.07738187396899, 69.07738187396899, 64.4496988330502, 64.4496988330502, 59.82939991704188, 59.82939991704188, 55.211878708098084, 55.211878708098084], "b_time_left": [240, 235.38367412495427, 235.38367412495427, 230.75583445909433, 230.75583445909433, 226.12835904187523, 226.12835904187523, 221.51342704193667, 221.51342704193667, 216.89875258295797, 216.89875258295797, 212.27975025004707, 212.27975025004707, 207.66453291708604, 207.66453291708604, 203.05107075115666, 203.05107075115666, 198.43549295933917, 198.43549295933917, 193.81153625040315, 193.81153625040315, 189.19748037541285, 189.19748037541285, 184.57024829136208, 184.57024829136208, 179.94443299924023, 179.94443299924023, 175.32826129114255, 175.32826129114255, 170.70640033320524, 170.70640033320524, 166.09246933320537, 166.09246933320537, 161.46994220814668, 161.46994220814668, 156.83655570819974, 156.83655570819974, 152.2013096252922, 152.2013096252922, 147.58246175013483, 147.58246175013483, 142.96619104105048, 142.96619104105048, 138.3567074991297, 138.3567074991297, 133.74076004093513, 133.74076004093513, 129.1206863739062, 129.1206863739062, 124.51088454108685, 124.51088454108685, 119.89977354113944, 119.89977354113944, 115.28309620823711, 115.28309620823711, 110.67448495817371, 110.67448495817371, 106.06172908307053, 106.06172908307053, 101.44042637501843, 101.44042637501843, 96.82936804112978, 96.82936804112978, 92.21022329106927, 92.21022329106927, 87.58768445812166, 87.58768445812166, 82.97248662519269, 82.97248662519269, 78.35040275007486, 78.35040275007486, 73.72514354088344, 73.72514354088344, 69.11405266588554, 69.11405266588554, 64.50440545682795, 64.50440545682795, 59.888317331904545, 59.888317331904545, 55.282406081911176], "rat_caught": [false, false, false, true, false, false, false, false, false, false, false, false, false, false, false, false, false, false, false, false, false, false, false, false, false, false, false, true, false, false, false, false, false, false, false, true, false, false, false, false, false, false, false, false, false, false, true, false, false, false, false, false, false, false, false, false, false, true, false, false, false, false, false, false, false, false, false, false, false, false, false, false, false, false, false, false, false, false, false, false], "left_behind": ["prime", "plain", "prime", "search", "prime", "plain", "carpet", "prime", "plain", "prime", "plain", "prime", "prime", "prime", "prime", "plain", "carpet", "plain", "carpet", "prime", "carpet", "prime", "plain", "search", "plain", "prime", "prime", "search", "plain", "carpet", "plain", "plain", "prime", "prime", "prime", "search", "carpet", "prime", "plain", "prime", "plain", "prime", "prime", "prime", "prime", "plain", "search", "prime", "prime", "carpet", "prime", "plain", "carpet", "plain", "carpet", "carpet", "plain", "search", "plain", "carpet", "plain", "plain", "prime", "prime", "search", "prime", "prime", "search", "prime", "prime", "prime", "plain", "prime", "search", "prime", "plain", "prime", "carpet", "search", "plain"], "errlog_a": "turns=40, last_best_rat_prob=0.498, last_search_target=(4, 1), last_eval=59.18, last_depth=203, search_miss_streak=1, search_gain=59.18, board_gain=1.76, opp_threat=0.00, opp_setup_threat=0.00, search_threshold=0.480", "errlog_b": "turns=40, last_best_rat_prob=0.416, last_search_target=(5, 0), last_eval=239.92, last_depth=1767, search_miss_streak=2, search_gain=-1000000000.00, board_gain=103.74, opp_threat=1.00, opp_setup_threat=6.80, search_threshold=0.570", "start_time": 240, "start_moves": 80, "turn_count": 80, "result": 1, "reason": "POINTS", "trapdoors": [[5, 3], [5, 3], [5, 3], [5, 4], [5, 5], [5, 5], [4, 5], [4, 6], [4, 6], [4, 6], [4, 6], [4, 6], [4, 6], [4, 6], [4, 7], [4, 7], [4, 7], [5, 7], [5, 7], [5, 7], [6, 7], [6, 7], [6, 7], [6, 7], [6, 7], [6, 7], [7, 7], [7, 7], [0, 6], [0, 5], [0, 5], [0, 5], [0, 5], [0, 4], [0, 4], [0, 4], [7, 1], [7, 1], [7, 1], [7, 0], [6, 0], [6, 0], [6, 1], [6, 0], [6, 0], [6, 0], [6, 0], [3, 6], [3, 6], [3, 6], [3, 7], [3, 7], [3, 7], [3, 7], [3, 7], [2, 7], [1, 7], [2, 7], [5, 0], [4, 0], [4, 0], [4, 0], [4, 0], [4, 0], [4, 0], [4, 0], [5, 0], [4, 0], [4, 1], [5, 1], [5, 1], [5, 1], [5, 1], [5, 0], [5, 0], [4, 0], [4, 0], [4, 0], [4, 1], [3, 1], [3, 2]], "spawn_a": [3, 4], "spawn_b": [4, 4]}