{"pos": [[3, 3], [4, 3], [3, 4], [5, 3], [3, 5], [6, 3], [3, 2], [7, 3], [2, 2], [4, 3], [2, 1], [4, 4], [2, 2], [3, 4], [3, 2], [3, 3], [3, 1], [2, 3], [4, 1], [2, 4], [2, 1], [1, 4], [2, 3], [1, 5], [2, 4], [2, 5], [2, 3], [3, 5], [2, 5], [4, 5], [2, 4], [5, 5], [2, 5], [3, 5], [2, 4], [3, 5], [3, 4], [3, 6], [4, 4], [4, 6], [5, 4], [5, 6], [5, 5], [5, 7], [5, 6], [4, 7], [5, 5], [3, 7], [5, 6], [5, 7], [5, 4], [5, 6], [5, 3], [5, 6], [5, 2], [3, 6], [5, 1], [3, 7], [5, 0], [3, 7], [4, 0], [3, 6], [3, 0], [3, 5], [3, 0], [3, 6], [2, 0], [3, 5], [5, 0], [3, 4], [5, 2], [3, 3], [5, 2], [2, 3], [5, 1], [2, 3], [4, 1], [3, 3], [4, 0], [4, 3]], "a_points": [1, 1, 2, 2, 3, 3, 7, 7, 7, 7, 7, 7, 8, 8, 9, 9, 9, 9, 10, 10, 12, 12, 14, 14, 14, 14, 15, 15, 17, 17, 17, 17, 17, 17, 17, 17, 17, 17, 16, 16, 16, 16, 17, 17, 16, 16, 16, 16, 17, 17, 19, 19, 19, 19, 19, 19, 20, 20, 21, 21, 22, 22, 23, 23, 27, 27, 28, 28, 32, 32, 34, 34, 32, 32, 32, 32, 32, 32, 33, 33], "b_points": [0, 1, 1, 2, 2, 3, 3, 4, 4, 8, 8, 8, 8, 9, 9, 9, 9, 9, 9, 10, 10, 10, 10, 11, 11, 12, 12, 13, 13, 14, 14, 15, 15, 17, 17, 21, 21, 21, 21, 22, 22, 23, 23, 24, 24, 25, 25, 26, 26, 28, 28, 28, 28, 32, 32, 34, 34, 34, 34, 32, 32, 33, 33, 33, 33, 33, 33, 33, 33, 33, 33, 33, 33, 33, 33, 31, 31, 31, 31, 31], "a_turns_left": [39, 39, 38, 38, 37, 37, 36, 36, 35, 35, 34, 34, 33, 33, 32, 32, 31, 31, 30, 30, 29, 29, 28, 28, 27, 27, 26, 26, 25, 25, 24, 24, 23, 23, 22, 22, 21, 21, 20, 20, 19, 19, 18, 18, 17, 17, 16, 16, 15, 15, 14, 14, 13, 13, 12, 12, 11, 11, 10, 10, 9, 9, 8, 8, 7, 7, 6, 6, 5, 5, 4, 4, 3, 3, 2, 2, 1, 1, 0, 0], "b_turns_left": [40, 39, 39, 38, 38, 37, 37, 36, 36, 35, 35, 34, 34, 33, 33, 32, 32, 31, 31, 30, 30, 29, 29, 28, 28, 27, 27, 26, 26, 25, 25, 24, 24, 23, 23, 22, 22, 21, 21, 20, 20, 19, 19, 18, 18, 17, 17, 16, 16, 15, 15, 14, 14, 13, 13, 12, 12, 11, 11, 10, 10, 9, 9, 8, 8, 7, 7, 6, 6, 5, 5, 4, 4, 3, 3, 2, 2, 1, 1, 0], "a_time_left": [235.3910441249609, 235.3910441249609, 230.76704887486994, 230.76704887486994, 226.15745645877905, 226.15745645877905, 221.54245662572794, 221.54245662572794, 216.91721679270267, 216.91721679270267, 212.30222879257053, 212.30222879257053, 207.67395550152287, 207.67395550152287, 203.0570459603332, 203.0570459603332, 198.44191596028395, 198.44191596028395, 193.81884396029636, 193.81884396029636, 189.20373533526435, 189.20373533526435, 184.56967050209641, 184.56967050209641, 179.95425808615983, 179.95425808615983, 175.3430024611298, 175.3430024611298, 170.71709275222383, 170.71709275222383, 166.09976333519444, 166.09976333519444, 161.47726829326712, 161.47726829326712, 156.85600991826504, 156.85600991826504, 152.2379465433769, 152.2379465433769, 147.62401737645268, 147.62401737645268, 143.00847554323263, 143.00847554323263, 138.38942745910026, 138.38942745910026, 133.6669466260355, 133.6669466260355, 129.04816050105728, 129.04816050105728, 124.43148125102744, 124.43148125102744, 119.81228625122458, 119.81228625122458, 115.19292941736057, 115.19292941736057, 110.58192450134084, 110.58192450134084, 105.96331575140357, 105.96331575140357, 101.34544937638566, 101.34544937638566, 96.72206337633543, 96.72206337633543, 92.10089445929043, 92.10089445929043, 87.4454637921881, 87.4454637921881, 82.82616108329967, 82.82616108329967, 78.2025718332734, 78.2025718332734, 73.59177633328363, 73.59177633328363, 68.96598533331417, 68.96598533331417, 64.34161550016142, 64.34161550016142, 59.72741120820865, 59.72741120820865, 55.110927041154355, 55.110927041154355], "b_time_left": [240, 235.3825728748925, 235.3825728748925, 230.7643067499157, 230.7643067499157, 226.12091924995184, 226.12091924995184, 221.5097677919548, 221.5097677919548, 216.8884880419355, 216.8884880419355, 212.25758458278142, 212.25758458278142, 207.6391159996856, 207.6391159996856, 203.02998179057613, 203.02998179057613, 198.42058054055087, 198.42058054055087, 193.79405891546048, 193.79405891546048, 189.18565074936487, 189.18565074936487, 184.56122412439436, 184.56122412439436, 179.9415986663662, 179.9415986663662, 175.31240304140374, 175.31240304140374, 170.7006849583704, 170.7006849583704, 166.07821358321235, 166.07821358321235, 161.46545699913986, 161.46545699913986, 156.8446094992105, 156.8446094992105, 152.22746370732784, 152.22746370732784, 147.60915166535415, 147.60915166535415, 142.99032612424344, 142.99032612424344, 138.38007099926472, 138.38007099926472, 133.7612047912553, 133.7612047912553, 129.1495307914447, 129.1495307914447, 124.53524066647515, 124.53524066647515, 119.89553587534465, 119.89553587534465, 115.27395508321933, 115.27395508321933, 110.65282679116353, 110.65282679116353, 106.03268220834434, 106.03268220834434, 101.41220808331855, 101.41220808331855, 96.79550541634671, 96.79550541634671, 92.17065037437715, 92.17065037437715, 87.55317995743826, 87.55317995743826, 82.91201416542754, 82.91201416542754, 78.29384087445214, 78.29384087445214, 73.6808819163125, 73.6808819163125, 69.05008091614582, 69.05008091614582, 64.43432125006802, 64.43432125006802, 59.821960292058066, 59.821960292058066, 55.21760287601501], "rat_caught": [false, false, false, false, false, false, false, false, false, false, false, false, false, false, false, false, false, false, false, false, false, false, false, false, false, false, false, false, false, false, false, false, false, false, false, true, false, false, false, false, false, false, false, false, false, false, false, false, false, false, false, false, false, true, false, false, false, false, false, false, false, false, false, false, true, false, false, false, false, false, false, false, false, false, false, false, false, false, false, false], "left_behind": ["prime", "prime", "prime", "prime", "prime", "prime", "carpet", "prime", "plain", "carpet", "plain", "plain", "prime", "prime", "prime", "plain", "plain", "plain", "prime", "prime", "carpet", "plain", "carpet", "prime", "plain", "prime", "prime", "prime", "carpet", "prime", "plain", "prime", "plain", "carpet", "plain", "search", "plain", "plain", "carpet", "prime", "plain", "prime", "prime", "prime", "carpet", "prime", "plain", "prime", "prime", "carpet", "carpet", "plain", "plain", "search", "plain", "carpet", "prime", "plain", "prime", "search", "prime", "prime", "prime", "plain", "search", "plain", "prime", "plain", "carpet", "plain", "carpet", "plain", "search", "plain", "plain", "search", "plain", "plain", "prime", "plain"], "errlog_a": "turns=40, last_best_rat_prob=0.567, last_search_target=(3, 1), last_eval=7.37, last_depth=138, search_miss_streak=1, search_gain=-1000000008.50, board_gain=-88.36, opp_threat=0.00, opp_setup_threat=0.00, search_threshold=0.620", "errlog_b": "turns=40, last_best_rat_prob=0.292, last_search_target=(2, 2), last_eval=-20.22, last_depth=1086, search_miss_streak=2, search_gain=-1000000000.00, board_gain=1.23, opp_threat=2.00, opp_setup_threat=2.00, search_threshold=0.520", "start_time": 240, "start_moves": 80, "turn_count": 80, "result": 0, "reason": "POINTS", "trapdoors": [[5, 3], [5, 3], [5, 4], [5, 4], [5, 5], [5, 5], [5, 5], [5, 5], [5, 6], [5, 6], [5, 5], [5, 5], [5, 5], [5, 5], [5, 5], [6, 5], [6, 4], [6, 4], [6, 3], [6, 3], [6, 2], [6, 2], [6, 2], [6, 2], [6, 2], [5, 2], [5, 2], [5, 2], [5, 2], [5, 3], [5, 3], [5, 3], [5, 3], [5, 3], [5, 3], [5, 3], [3, 2], [3, 2], [3, 1], [3, 1], [3, 1], [3, 1], [3, 0], [3, 0], [3, 1], [3, 2], [3, 2], [3, 2], [3, 1], [3, 1], [3, 1], [4, 1], [4, 1], [4, 1], [1, 2], [1, 2], [1, 2], [1, 2], [1, 2], [1, 3], [1, 3], [1, 3], [1, 3], [1, 2], [1, 2], [2, 1], [2, 2], [1, 2], [0, 2], [0, 1], [0, 1], [0, 0], [1, 0], [2, 0], [2, 0], [2, 0], [3, 0], [3, 0], [3, 0], [3, 1], [3, 2]], "spawn_a": [3, 2], "spawn_b": [4, 2]}