{"pos": [[3, 4], [4, 4], [3, 3], [3, 4], [4, 3], [3, 5], [5, 3], [3, 6], [3, 3], [3, 4], [3, 2], [3, 5], [4, 2], [4, 5], [5, 2], [4, 6], [6, 2], [4, 7], [7, 2], [4, 4], [3, 2], [5, 4], [2, 2], [5, 3], [1, 2], [6, 3], [1, 3], [6, 4], [0, 3], [6, 5], [1, 3], [7, 5], [2, 3], [7, 4], [2, 3], [7, 3], [3, 3], [7, 2], [0, 3], [7, 2], [0, 2], [7, 5], [2, 2], [7, 4], [2, 3], [5, 4], [3, 3], [5, 5], [3, 4], [5, 5], [4, 4], [5, 4], [3, 4], [4, 4], [3, 5], [3, 4], [3, 5], [3, 3], [2, 5], [2, 3], [2, 6], [2, 5], [3, 6], [3, 5], [4, 6], [3, 5], [4, 5], [3, 5], [4, 6], [4, 5], [4, 7], [4, 6], [3, 7], [4, 7], [3, 6], [4, 6], [3, 5], [4, 5], [3, 4], [4, 4]], "a_points": [1, 1, 1, 1, 2, 2, 3, 3, 5, 5, 5, 5, 6, 6, 7, 7, 8, 8, 9, 9, 15, 15, 15, 15, 16, 16, 17, 17, 17, 17, 18, 18, 19, 19, 23, 23, 24, 24, 28, 28, 28, 28, 30, 30, 30, 30, 30, 30, 30, 30, 30, 30, 30, 30, 30, 30, 34, 34, 34, 34, 35, 35, 36, 36, 37, 37, 37, 37, 37, 37, 37, 37, 38, 38, 37, 37, 37, 37, 37, 37], "b_points": [0, 0, 0, 1, 1, 2, 2, 3, 3, 5, 5, 5, 5, 5, 5, 6, 6, 7, 7, 11, 11, 11, 11, 12, 12, 13, 13, 14, 14, 15, 15, 16, 16, 17, 17, 18, 18, 19, 19, 23, 23, 27, 27, 27, 27, 29, 29, 29, 29, 33, 33, 34, 34, 34, 34, 34, 34, 34, 34, 34, 34, 36, 36, 36, 36, 34, 34, 38, 38, 38, 38, 38, 38, 37, 37, 37, 37, 37, 37, 37], "a_turns_left": [39, 39, 38, 38, 37, 37, 36, 36, 35, 35, 34, 34, 33, 33, 32, 32, 31, 31, 30, 30, 29, 29, 28, 28, 27, 27, 26, 26, 25, 25, 24, 24, 23, 23, 22, 22, 21, 21, 20, 20, 19, 19, 18, 18, 17, 17, 16, 16, 15, 15, 14, 14, 13, 13, 12, 12, 11, 11, 10, 10, 9, 9, 8, 8, 7, 7, 6, 6, 5, 5, 4, 4, 3, 3, 2, 2, 1, 1, 0, 0], "b_turns_left": [40, 39, 39, 38, 38, 37, 37, 36, 36, 35, 35, 34, 34, 33, 33, 32, 32, 31, 31, 30, 30, 29, 29, 28, 28, 27, 27, 26, 26, 25, 25, 24, 24, 23, 23, 22, 22, 21, 21, 20, 20, 19, 19, 18, 18, 17, 17, 16, 16, 15, 15, 14, 14, 13, 13, 12, 12, 11, 11, 10, 10, 9, 9, 8, 8, 7, 7, 6, 6, 5, 5, 4, 4, 3, 3, 2, 2, 1, 1, 0], "a_time_left": [236.30434149992652, 236.30434149992652, 232.60828258283436, 232.60828258283436, 228.91306754085235, 228.91306754085235, 225.21713833278045, 225.21713833278045, 221.52051116689108, 221.52051116689108, 217.82286783400923, 217.82286783400923, 214.13014162518084, 214.13014162518084, 210.42648250004277, 210.42648250004277, 206.72894762502983, 206.72894762502983, 203.0055037920829, 203.0055037920829, 199.30997854215093, 199.30997854215093, 195.61651687626727, 195.61651687626727, 191.9030187514145, 191.9030187514145, 188.20572604238987, 188.20572604238987, 184.49818945955485, 184.49818945955485, 180.80241879238747, 180.80241879238747, 177.10054291738197, 177.10054291738197, 173.40140029252507, 173.40140029252507, 169.70541187538765, 169.70541187538765, 166.0066708754748, 166.0066708754748, 162.31843854254112, 162.31843854254112, 158.62406479241326, 158.62406479241326, 154.9284741252195, 154.9284741252195, 151.24149929126725, 151.24149929126725, 147.54143608314916, 147.54143608314916, 143.84495566622354, 143.84495566622354, 140.14795583230443, 140.14795583230443, 136.4450445403345, 136.4450445403345, 132.75195154035464, 132.75195154035464, 129.06441883230582, 129.06441883230582, 125.3615377903916, 125.3615377903916, 121.67039804020897, 121.67039804020897, 117.97439945721999, 117.97439945721999, 114.28267820738256, 114.28267820738256, 110.58884962438606, 110.58884962438606, 106.89208024949767, 106.89208024949767, 103.19926758250222, 103.19926758250222, 99.48948408244178, 99.48948408244178, 95.79956349940039, 95.79956349940039, 92.11242104135454, 92.11242104135454], "b_time_left": [240, 236.28361558401957, 236.28361558401957, 232.59282554220408, 232.59282554220408, 228.89546070829965, 228.89546070829965, 225.19233495835215, 225.19233495835215, 221.49172204220667, 221.49172204220667, 217.7883241251111, 217.7883241251111, 214.09276204230264, 214.09276204230264, 210.3829360003583, 210.3829360003583, 206.56133362534456, 206.56133362534456, 202.85657737520523, 202.85657737520523, 199.1579498751089, 199.1579498751089, 195.45980579219759, 195.45980579219759, 191.76063129212707, 191.76063129212707, 188.02945937518962, 188.02945937518962, 184.3386199171655, 184.3386199171655, 180.6453910842538, 180.6453910842538, 176.94567525130697, 176.94567525130697, 173.25804095924832, 173.25804095924832, 169.5620382092893, 169.5620382092893, 165.8709470012691, 165.8709470012691, 162.17820487637073, 162.17820487637073, 158.47169766831212, 158.47169766831212, 154.7650874182582, 154.7650874182582, 151.07277266820893, 151.07277266820893, 147.37311479332857, 147.37311479332857, 143.66805533436127, 143.66805533436127, 139.97276541846804, 139.97276541846804, 136.2789868353866, 136.2789868353866, 132.58247321029194, 132.58247321029194, 128.8906412103679, 128.8906412103679, 125.20077137742192, 125.20077137742192, 121.50589366955683, 121.50589366955683, 117.80566191952676, 117.80566191952676, 114.10287683550268, 114.10287683550268, 110.39118412742391, 110.39118412742391, 106.70141237741336, 106.70141237741336, 103.00438383547589, 103.00438383547589, 99.30986254359595, 99.30986254359595, 95.62173875141889, 95.62173875141889, 91.93361891736276], "rat_caught": [false, false, false, false, false, false, false, false, false, false, false, false, false, false, false, false, false, false, false, false, false, false, false, false, false, false, false, false, false, false, false, false, false, false, true, false, false, false, false, true, false, false, false, false, false, false, false, false, false, true, false, false, false, false, false, false, true, false, false, false, false, false, false, false, false, false, false, true, false, false, false, false, false, false, false, false, false, false, false, false], "left_behind": ["prime", "plain", "plain", "prime", "prime", "prime", "prime", "prime", "carpet", "carpet", "plain", "plain", "prime", "plain", "prime", "prime", "prime", "prime", "prime", "carpet", "carpet", "plain", "plain", "prime", "prime", "prime", "prime", "prime", "plain", "prime", "prime", "prime", "prime", "prime", "search", "prime", "prime", "prime", "carpet", "search", "plain", "carpet", "carpet", "plain", "plain", "carpet", "plain", "plain", "plain", "search", "plain", "prime", "plain", "plain", "plain", "plain", "search", "plain", "plain", "plain", "prime", "carpet", "prime", "plain", "prime", "search", "plain", "search", "plain", "plain", "plain", "plain", "prime", "carpet", "carpet", "plain", "plain", "plain", "plain", "plain"], "errlog_a": "turns=40, last_best_rat_prob=0.452, last_search_target=(3, 4), last_eval=-16.05, last_depth=162, search_miss_streak=0, search_gain=-1000000000.00, board_gain=-22.79, opp_threat=2.00, opp_setup_threat=2.00, search_threshold=0.500", "errlog_b": "turns=40, last_best_rat_prob=0.479, last_search_target=(3, 4), last_eval=16.34, last_depth=695, search_miss_streak=0, search_gain=-1000000000.00, board_gain=-52.88, opp_threat=0.00, opp_setup_threat=0.00, search_threshold=0.500", "start_time": 240, "start_moves": 80, "turn_count": 80, "result": 2, "reason": "POINTS", "trapdoors": [[2, 4], [2, 5], [2, 6], [2, 6], [2, 6], [2, 5], [2, 5], [2, 5], [2, 5], [2, 5], [2, 5], [2, 5], [2, 5], [2, 5], [3, 5], [2, 5], [2, 5], [2, 5], [1, 5], [1, 5], [1, 5], [1, 5], [1, 5], [1, 5], [1, 5], [1, 4], [1, 3], [1, 3], [1, 2], [2, 2], [2, 3], [2, 3], [2, 3], [2, 3], [2, 3], [0, 2], [0, 2], [0, 2], [1, 2], [2, 2], [3, 3], [3, 3], [3, 3], [3, 3], [3, 3], [3, 3], [3, 4], [3, 4], [3, 4], [3, 4], [6, 3], [6, 3], [6, 3], [6, 2], [6, 2], [6, 2], [7, 2], [1, 2], [0, 2], [0, 1], [1, 1], [1, 1], [1, 1], [2, 1], [1, 1], [1, 0], [2, 0], [2, 0], [3, 2], [3, 2], [3, 2], [4, 2], [4, 1], [3, 1], [3, 2], [3, 2], [3, 2], [3, 3], [3, 3], [3, 4], [3, 4]], "spawn_a": [2, 4], "spawn_b": [5, 4]}