{"pos": [[2, 3], [5, 3], [2, 4], [5, 4], [2, 5], [5, 5], [2, 6], [4, 5], [2, 7], [3, 5], [2, 2], [3, 5], [3, 2], [2, 5], [3, 3], [5, 5], [3, 4], [5, 2], [3, 5], [6, 2], [3, 2], [6, 3], [4, 2], [6, 4], [4, 3], [6, 4], [4, 4], [7, 4], [5, 4], [7, 5], [7, 4], [6, 5], [6, 4], [5, 5], [6, 2], [4, 5], [7, 2], [4, 2], [6, 2], [4, 1], [6, 3], [4, 0], [7, 3], [3, 0], [6, 3], [2, 0], [6, 2], [4, 0], [5, 2], [3, 0], [5, 3], [2, 0], [5, 3], [2, 1], [6, 3], [2, 2], [6, 4], [2, 0], [5, 4], [2, 1], [5, 5], [3, 1], [7, 5], [2, 1], [7, 4], [4, 1], [6, 4], [5, 1], [6, 4], [5, 0], [7, 4], [5, 1], [7, 2], [5, 2], [7, 3], [5, 2], [7, 3], [5, 0], [6, 3], [5, 1]], "a_points": [1, 1, 2, 2, 3, 3, 4, 4, 5, 5, 15, 15, 15, 15, 16, 16, 17, 17, 18, 18, 22, 22, 22, 22, 23, 23, 24, 24, 25, 25, 27, 27, 27, 27, 29, 29, 29, 29, 30, 30, 30, 30, 30, 30, 31, 31, 31, 31, 31, 31, 31, 31, 35, 35, 35, 35, 35, 35, 35, 35, 35, 35, 37, 37, 37, 37, 37, 37, 35, 35, 35, 35, 37, 37, 37, 37, 41, 41, 41, 41], "b_points": [0, 1, 1, 2, 2, 3, 3, 4, 4, 5, 5, 9, 9, 10, 10, 14, 14, 18, 18, 18, 18, 19, 19, 20, 20, 24, 24, 25, 25, 26, 26, 27, 27, 28, 28, 28, 28, 32, 32, 32, 32, 33, 33, 34, 34, 35, 35, 37, 37, 37, 37, 37, 37, 38, 38, 39, 39, 41, 41, 41, 41, 41, 41, 42, 42, 44, 44, 44, 44, 44, 44, 45, 45, 46, 46, 44, 44, 46, 46, 46], "a_turns_left": [39, 39, 38, 38, 37, 37, 36, 36, 35, 35, 34, 34, 33, 33, 32, 32, 31, 31, 30, 30, 29, 29, 28, 28, 27, 27, 26, 26, 25, 25, 24, 24, 23, 23, 22, 22, 21, 21, 20, 20, 19, 19, 18, 18, 17, 17, 16, 16, 15, 15, 14, 14, 13, 13, 12, 12, 11, 11, 10, 10, 9, 9, 8, 8, 7, 7, 6, 6, 5, 5, 4, 4, 3, 3, 2, 2, 1, 1, 0, 0], "b_turns_left": [40, 39, 39, 38, 38, 37, 37, 36, 36, 35, 35, 34, 34, 33, 33, 32, 32, 31, 31, 30, 30, 29, 29, 28, 28, 27, 27, 26, 26, 25, 25, 24, 24, 23, 23, 22, 22, 21, 21, 20, 20, 19, 19, 18, 18, 17, 17, 16, 16, 15, 15, 14, 14, 13, 13, 12, 12, 11, 11, 10, 10, 9, 9, 8, 8, 7, 7, 6, 6, 5, 5, 4, 4, 3, 3, 2, 2, 1, 1, 0], "a_time_left": [235.39107224997133, 235.39107224997133, 230.7812593751587, 230.7812593751587, 226.17215570807457, 226.17215570807457, 221.56074020825326, 221.56074020825326, 216.95190204214305, 216.95190204214305, 212.34127825126052, 212.34127825126052, 207.73457120917737, 207.73457120917737, 203.123654542258, 203.123654542258, 198.5135631673038, 198.5135631673038, 193.90484900120646, 193.90484900120646, 189.29287700122222, 189.29287700122222, 184.68337725102901, 184.68337725102901, 180.07184016797692, 180.07184016797692, 175.45927075087093, 175.45927075087093, 170.85255900071934, 170.85255900071934, 166.24056412559003, 166.24056412559003, 161.6352732917294, 161.6352732917294, 157.02170587470755, 157.02170587470755, 152.41044941660948, 152.41044941660948, 147.80059612449259, 147.80059612449259, 143.19380224961787, 143.19380224961787, 137.76379620749503, 137.76379620749503, 133.08595729153603, 133.08595729153603, 128.4770948754158, 128.4770948754158, 123.86110125039704, 123.86110125039704, 119.21574391727336, 119.21574391727336, 114.60676041734405, 114.60676041734405, 109.99743837537244, 109.99743837537244, 105.3829774595797, 105.3829774595797, 100.77282704366371, 100.77282704366371, 96.16454420960508, 96.16454420960508, 91.55670037656091, 91.55670037656091, 86.94833958451636, 86.94833958451636, 82.33742325147614, 82.33742325147614, 77.72784104337916, 77.72784104337916, 73.11561479326338, 73.11561479326338, 68.50613671028987, 68.50613671028987, 63.89981175144203, 63.89981175144203, 59.29381804331206, 59.29381804331206, 54.68882050225511, 54.68882050225511], "b_time_left": [240, 235.38998683402315, 235.38998683402315, 230.78138304222375, 230.78138304222375, 226.17021304229274, 226.17021304229274, 221.55881616729312, 221.55881616729312, 216.9474986253772, 216.9474986253772, 212.33737487532198, 212.33737487532198, 207.72464741626754, 207.72464741626754, 203.11780275031924, 203.11780275031924, 198.50980875035748, 198.50980875035748, 193.90254954132251, 193.90254954132251, 189.29000283335336, 189.29000283335336, 184.6784220424015, 184.6784220424015, 180.06743483431637, 180.06743483431637, 175.4538942091167, 175.4538942091167, 170.84152579214424, 170.84152579214424, 166.23169608414173, 166.23169608414173, 161.62312691728584, 161.62312691728584, 157.0130941674579, 157.0130941674579, 152.4047395014204, 152.4047395014204, 147.7968721264042, 147.7968721264042, 143.1841411262285, 143.1841411262285, 115.52988496026956, 115.52988496026956, 110.90448779333383, 110.90448779333383, 106.29140666825697, 106.29140666825697, 101.67996512632817, 101.67996512632817, 97.06150537636131, 97.06150537636131, 92.45195091841742, 92.45195091841742, 87.84196971030906, 87.84196971030906, 83.23582129436545, 83.23582129436545, 78.62876121141016, 78.62876121141016, 74.01960479444824, 74.01960479444824, 69.40887041948736, 69.40887041948736, 64.79659550264478, 64.79659550264478, 60.18809883669019, 60.18809883669019, 55.579514836659655, 55.579514836659655, 50.96867908653803, 50.96867908653803, 46.358739502495155, 46.358739502495155, 41.75195700256154, 41.75195700256154, 37.14505862770602, 37.14505862770602, 32.541581919649616], "rat_caught": [false, false, false, false, false, false, false, false, false, false, false, true, false, false, false, false, false, false, false, false, false, false, false, false, false, true, false, false, false, false, false, false, false, false, false, false, false, false, false, false, false, false, false, false, false, false, false, false, false, false, false, false, true, false, false, false, false, false, false, false, false, false, false, false, false, false, false, false, false, false, false, false, false, false, false, false, true, false, false, false], "left_behind": ["prime", "prime", "prime", "prime", "prime", "prime", "prime", "prime", "prime", "prime", "carpet", "search", "plain", "prime", "prime", "carpet", "prime", "carpet", "prime", "plain", "carpet", "prime", "plain", "prime", "prime", "search", "prime", "prime", "prime", "prime", "carpet", "prime", "plain", "prime", "carpet", "plain", "plain", "carpet", "prime", "plain", "plain", "prime", "plain", "prime", "prime", "prime", "plain", "carpet", "plain", "plain", "plain", "plain", "search", "prime", "plain", "prime", "plain", "carpet", "plain", "plain", "plain", "plain", "carpet", "prime", "plain", "carpet", "plain", "plain", "search", "plain", "plain", "prime", "carpet", "prime", "plain", "search", "search", "carpet", "plain", "plain"], "errlog_a": "turns=40, last_best_rat_prob=0.207, last_search_target=(5, 4), last_eval=-120.30, last_depth=649, search_miss_streak=0, search_gain=-1000000000.00, board_gain=-0.23, opp_threat=0.00, opp_setup_threat=0.00, board_test=True", "errlog_b": "turns=40, last_best_rat_prob=0.252, last_search_target=(4, 3), last_eval=119.26, last_depth=2055, search_miss_streak=1, search_gain=-1023.92, board_gain=5.06, opp_threat=0.00, opp_setup_threat=0.00", "start_time": 240, "start_moves": 80, "turn_count": 80, "result": 1, "reason": "POINTS", "trapdoors": [[2, 3], [1, 3], [1, 4], [1, 4], [2, 4], [3, 4], [3, 4], [3, 4], [3, 5], [3, 5], [3, 6], [3, 6], [5, 4], [5, 4], [5, 4], [5, 4], [5, 4], [5, 4], [4, 4], [4, 5], [4, 5], [4, 5], [4, 5], [4, 5], [3, 5], [3, 5], [2, 6], [1, 6], [2, 6], [2, 6], [2, 6], [2, 6], [2, 6], [2, 6], [1, 6], [1, 6], [1, 6], [1, 6], [0, 6], [0, 5], [0, 5], [0, 5], [0, 5], [0, 5], [0, 6], [0, 5], [0, 4], [0, 4], [1, 4], [1, 4], [1, 4], [2, 4], [2, 4], [1, 5], [1, 5], [1, 4], [2, 4], [2, 4], [2, 4], [2, 4], [1, 4], [1, 4], [1, 4], [1, 4], [1, 4], [1, 4], [1, 4], [2, 4], [3, 4], [3, 5], [3, 5], [3, 5], [3, 5], [2, 5], [2, 5], [2, 5], [3, 5], [4, 3], [4, 3], [4, 3], [4, 3]], "spawn_a": [2, 2], "spawn_b": [5, 2]}