{"pos": [[3, 3], [5, 4], [4, 3], [5, 3], [4, 2], [5, 2], [4, 2], [5, 4], [4, 1], [3, 4], [4, 2], [2, 4], [3, 2], [3, 4], [3, 3], [3, 5], [2, 3], [2, 5], [1, 3], [2, 6], [2, 3], [3, 6], [2, 2], [4, 6], [2, 1], [5, 6], [2, 0], [5, 6], [2, 4], [2, 6], [3, 4], [2, 7], [4, 4], [3, 7], [4, 3], [4, 7], [4, 4], [5, 7], [4, 1], [5, 6], [4, 1], [5, 5], [4, 0], [4, 5], [3, 0], [4, 5], [3, 1], [4, 4], [3, 2], [5, 4], [3, 2], [5, 7], [3, 3], [2, 7], [3, 3], [2, 6], [3, 0], [2, 5], [3, 1], [4, 5], [4, 1], [4, 4], [4, 1], [4, 5], [5, 1], [4, 4], [5, 2], [5, 4], [5, 2], [5, 4], [5, 2], [5, 4], [5, 3], [4, 4], [6, 3], [4, 3], [6, 3], [5, 3], [6, 4], [5, 4]], "a_points": [1, 1, 2, 2, 2, 2, 6, 6, 6, 6, 7, 7, 8, 8, 7, 7, 7, 7, 7, 7, 8, 8, 9, 9, 10, 10, 11, 11, 17, 17, 17, 17, 17, 17, 17, 17, 18, 18, 22, 22, 20, 20, 20, 20, 21, 21, 22, 22, 23, 23, 21, 21, 22, 22, 20, 20, 24, 24, 24, 24, 24, 24, 22, 22, 22, 22, 23, 23, 21, 21, 19, 19, 20, 20, 20, 20, 24, 24, 25, 25], "b_points": [0, 1, 1, 2, 2, 3, 3, 5, 5, 7, 7, 7, 7, 8, 8, 8, 8, 9, 9, 9, 9, 10, 10, 11, 11, 12, 12, 16, 16, 20, 20, 20, 20, 21, 21, 22, 22, 23, 23, 24, 24, 25, 25, 26, 26, 24, 24, 25, 25, 25, 25, 29, 29, 33, 33, 33, 33, 33, 33, 35, 35, 35, 35, 35, 35, 35, 35, 35, 35, 33, 33, 31, 31, 31, 31, 31, 31, 31, 31, 31], "a_turns_left": [39, 39, 38, 38, 37, 37, 36, 36, 35, 35, 34, 34, 33, 33, 32, 32, 31, 31, 30, 30, 29, 29, 28, 28, 27, 27, 26, 26, 25, 25, 24, 24, 23, 23, 22, 22, 21, 21, 20, 20, 19, 19, 18, 18, 17, 17, 16, 16, 15, 15, 14, 14, 13, 13, 12, 12, 11, 11, 10, 10, 9, 9, 8, 8, 7, 7, 6, 6, 5, 5, 4, 4, 3, 3, 2, 2, 1, 1, 0, 0], "b_turns_left": [40, 39, 39, 38, 38, 37, 37, 36, 36, 35, 35, 34, 34, 33, 33, 32, 32, 31, 31, 30, 30, 29, 29, 28, 28, 27, 27, 26, 26, 25, 25, 24, 24, 23, 23, 22, 22, 21, 21, 20, 20, 19, 19, 18, 18, 17, 17, 16, 16, 15, 15, 14, 14, 13, 13, 12, 12, 11, 11, 10, 10, 9, 9, 8, 8, 7, 7, 6, 6, 5, 5, 4, 4, 3, 3, 2, 2, 1, 1, 0], "a_time_left": [236.30384745821357, 236.30384745821357, 232.60556650022045, 232.60556650022045, 228.90994641627185, 228.90994641627185, 225.1864012500737, 225.1864012500737, 221.4812595420517, 221.4812595420517, 217.77776050008833, 217.77776050008833, 214.07348387502134, 214.07348387502134, 210.37862945906818, 210.37862945906818, 206.68471275107004, 206.68471275107004, 202.9815172101371, 202.9815172101371, 199.28494675224647, 199.28494675224647, 195.58260700223036, 195.58260700223036, 191.88003008626401, 191.88003008626401, 188.17481325310655, 188.17481325310655, 184.45774262817577, 184.45774262817577, 180.76310804509558, 180.76310804509558, 177.0742348372005, 177.0742348372005, 173.37705583730713, 173.37705583730713, 169.6676532952115, 169.6676532952115, 165.9699511702638, 165.9699511702638, 162.23256242019124, 162.23256242019124, 158.54108504508622, 158.54108504508622, 154.85161808715202, 154.85161808715202, 151.15385450306349, 151.15385450306349, 147.4451402532868, 147.4451402532868, 143.7373730861582, 143.7373730861582, 139.8820113770198, 139.8820113770198, 136.1798111689277, 136.1798111689277, 132.48161283601075, 132.48161283601075, 128.7903633362148, 128.7903633362148, 125.08097925316542, 125.08097925316542, 121.38317371113226, 121.38317371113226, 117.691036461154, 117.691036461154, 113.98966016899794, 113.98966016899794, 110.29092487692833, 110.29092487692833, 106.58483112673275, 106.58483112673275, 102.88755796058103, 102.88755796058103, 99.19593541859649, 99.19593541859649, 95.50432879361324, 95.50432879361324, 91.8175003346987, 91.8175003346987], "b_time_left": [240, 236.30486708297394, 236.30486708297394, 232.61147674894892, 232.61147674894892, 228.9005135819316, 228.9005135819316, 225.2001647069119, 225.2001647069119, 221.49386174906977, 221.49386174906977, 217.79832624900155, 217.79832624900155, 214.10482729109935, 214.10482729109935, 210.41157600004226, 210.41157600004226, 206.71524945809506, 206.71524945809506, 203.0257618741598, 203.0257618741598, 199.31732762418687, 199.31732762418687, 195.61688479129225, 195.61688479129225, 191.88573554134928, 191.88573554134928, 188.17637654137798, 188.17637654137798, 184.47028095833957, 184.47028095833957, 180.77696408331394, 180.77696408331394, 177.07612491725013, 177.07612491725013, 173.37563041737303, 173.37563041737303, 169.6720351674594, 169.6720351674594, 165.97792133432813, 165.97792133432813, 162.22511441726238, 162.22511441726238, 158.5237909592688, 158.5237909592688, 154.82670412608422, 154.82670412608422, 151.1292476679664, 151.1292476679664, 147.44024987588637, 147.44024987588637, 143.7262610848993, 143.7262610848993, 140.02913091774099, 140.02913091774099, 136.33101291768253, 136.33101291768253, 132.63399245869368, 132.63399245869368, 128.93296466767788, 128.93296466767788, 125.2373211258091, 125.2373211258091, 121.54456841782667, 121.54456841782667, 117.84289454272948, 117.84289454272948, 114.15322179277427, 114.15322179277427, 110.45701716793701, 110.45701716793701, 106.75205929297954, 106.75205929297954, 103.06118125095963, 103.06118125095963, 99.37421362590976, 99.37421362590976, 95.68721862579696, 95.68721862579696, 92.0022144166287], "rat_caught": [false, false, false, false, false, false, true, false, false, false, false, false, false, false, false, false, false, false, false, false, false, false, false, false, false, false, false, true, false, false, false, false, false, false, false, false, false, false, false, false, false, false, false, false, false, false, false, false, false, false, false, false, false, false, false, false, false, false, false, false, false, false, false, false, false, false, false, false, false, false, false, false, false, false, false, false, true, false, false, false], "left_behind": ["prime", "prime", "prime", "prime", "plain", "prime", "search", "carpet", "plain", "carpet", "prime", "plain", "prime", "prime", "carpet", "plain", "plain", "prime", "plain", "plain", "prime", "prime", "prime", "prime", "prime", "prime", "prime", "search", "carpet", "carpet", "plain", "plain", "plain", "prime", "plain", "prime", "prime", "prime", "carpet", "prime", "search", "prime", "plain", "prime", "prime", "search", "prime", "prime", "prime", "plain", "search", "carpet", "prime", "carpet", "search", "plain", "carpet", "plain", "plain", "carpet", "plain", "plain", "search", "plain", "plain", "plain", "prime", "plain", "search", "search", "search", "search", "prime", "plain", "plain", "plain", "search", "plain", "prime", "plain"], "errlog_a": "turns=40, last_best_rat_prob=0.406, last_search_target=(2, 7), last_eval=-145.75, last_depth=149, search_miss_streak=0, search_gain=-1000000004.00, board_gain=-7.35, opp_threat=2.00, opp_setup_threat=2.00, search_threshold=0.480", "errlog_b": "turns=40, last_best_rat_prob=0.228, last_search_target=(6, 6), last_eval=143.66, last_depth=737, search_miss_streak=3, search_gain=-1000000018.00, board_gain=-28.29, opp_threat=1.00, opp_setup_threat=0.55, search_threshold=0.560", "start_time": 240, "start_moves": 80, "turn_count": 80, "result": 1, "reason": "POINTS", "trapdoors": [[1, 6], [1, 6], [1, 7], [1, 7], [1, 7], [1, 7], [1, 7], [2, 6], [2, 5], [3, 5], [3, 5], [3, 5], [3, 4], [4, 4], [4, 4], [4, 4], [4, 4], [4, 4], [4, 4], [5, 4], [5, 5], [5, 5], [5, 5], [5, 5], [5, 5], [5, 5], [5, 5], [5, 5], [6, 3], [6, 3], [6, 3], [6, 3], [6, 2], [6, 2], [6, 2], [6, 2], [6, 2], [6, 2], [5, 2], [5, 2], [4, 2], [3, 2], [3, 2], [2, 2], [2, 2], [2, 2], [2, 3], [2, 3], [2, 3], [2, 2], [2, 2], [1, 2], [1, 2], [1, 2], [1, 2], [1, 3], [1, 3], [2, 3], [3, 3], [3, 2], [3, 1], [3, 1], [3, 1], [3, 1], [3, 2], [3, 2], [3, 2], [3, 3], [3, 4], [4, 4], [4, 4], [4, 4], [4, 4], [3, 4], [2, 4], [2, 4], [2, 4], [1, 5], [1, 6], [2, 6], [2, 5]], "spawn_a": [3, 4], "spawn_b": [4, 4]}