{"pos": [[3, 3], [4, 3], [3, 4], [5, 3], [3, 3], [5, 4], [3, 3], [5, 5], [3, 2], [5, 6], [3, 1], [5, 3], [3, 4], [5, 2], [2, 4], [6, 2], [2, 5], [6, 3], [3, 5], [6, 3], [4, 5], [7, 3], [4, 6], [7, 4], [5, 6], [7, 5], [5, 6], [7, 3], [5, 5], [7, 2], [2, 5], [5, 2], [2, 3], [5, 2], [3, 3], [5, 2], [3, 4], [5, 3], [4, 4], [5, 4], [4, 5], [6, 4], [4, 3], [6, 5], [4, 2], [7, 5], [4, 1], [7, 5], [4, 0], [6, 5], [4, 1], [7, 5], [3, 1], [6, 5], [3, 2], [5, 5], [3, 2], [7, 5], [2, 2], [6, 5], [3, 2], [6, 3], [3, 2], [6, 3], [4, 2], [5, 3], [4, 3], [6, 3], [4, 4], [5, 3], [4, 3], [5, 4], [4, 4], [5, 4], [4, 5], [4, 4], [3, 5], [4, 3], [3, 6], [4, 2]], "a_points": [1, 1, 1, 1, 2, 2, 6, 6, 7, 7, 8, 8, 12, 12, 12, 12, 13, 13, 14, 14, 15, 15, 16, 16, 17, 17, 21, 21, 22, 22, 26, 26, 28, 28, 28, 28, 28, 28, 28, 28, 29, 29, 31, 31, 31, 31, 31, 31, 31, 31, 32, 32, 33, 33, 34, 34, 32, 32, 32, 32, 33, 33, 31, 31, 31, 31, 31, 31, 31, 31, 31, 31, 31, 31, 31, 31, 31, 31, 31, 31], "b_points": [0, 0, 0, 1, 1, 2, 2, 3, 3, 4, 4, 8, 8, 8, 8, 9, 9, 10, 10, 14, 14, 15, 15, 16, 16, 17, 17, 19, 19, 19, 19, 21, 21, 25, 25, 29, 29, 29, 29, 29, 29, 29, 29, 30, 30, 30, 30, 34, 34, 34, 34, 34, 34, 35, 35, 36, 36, 38, 38, 38, 38, 40, 40, 44, 44, 44, 44, 44, 44, 44, 44, 44, 44, 48, 48, 48, 48, 48, 48, 48], "a_turns_left": [39, 39, 38, 38, 37, 37, 36, 36, 35, 35, 34, 34, 33, 33, 32, 32, 31, 31, 30, 30, 29, 29, 28, 28, 27, 27, 26, 26, 25, 25, 24, 24, 23, 23, 22, 22, 21, 21, 20, 20, 19, 19, 18, 18, 17, 17, 16, 16, 15, 15, 14, 14, 13, 13, 12, 12, 11, 11, 10, 10, 9, 9, 8, 8, 7, 7, 6, 6, 5, 5, 4, 4, 3, 3, 2, 2, 1, 1, 0, 0], "b_turns_left": [40, 39, 39, 38, 38, 37, 37, 36, 36, 35, 35, 34, 34, 33, 33, 32, 32, 31, 31, 30, 30, 29, 29, 28, 28, 27, 27, 26, 26, 25, 25, 24, 24, 23, 23, 22, 22, 21, 21, 20, 20, 19, 19, 18, 18, 17, 17, 16, 16, 15, 15, 14, 14, 13, 13, 12, 12, 11, 11, 10, 10, 9, 9, 8, 8, 7, 7, 6, 6, 5, 5, 4, 4, 3, 3, 2, 2, 1, 1, 0], "a_time_left": [235.387425707886, 235.387425707886, 230.76916512404568, 230.76916512404568, 226.15613033203408, 226.15613033203408, 221.54130945703946, 221.54130945703946, 216.9028034149669, 216.9028034149669, 212.27198737394065, 212.27198737394065, 207.65589379076846, 207.65589379076846, 203.04439620673656, 203.04439620673656, 198.4252648735419, 198.4252648735419, 193.81408899859525, 193.81408899859525, 189.20208470756188, 189.20208470756188, 184.589763332624, 184.589763332624, 179.9801617905032, 179.9801617905032, 175.36683016549796, 175.36683016549796, 170.75866137468256, 170.75866137468256, 166.14972566673532, 166.14972566673532, 161.5418064587284, 161.5418064587284, 156.87318275077268, 156.87318275077268, 152.26254912582226, 152.26254912582226, 147.65153704280965, 147.65153704280965, 143.03752254298888, 143.03752254298888, 138.42592491791584, 138.42592491791584, 133.81215108488686, 133.81215108488686, 129.1936710427981, 129.1936710427981, 124.5831102929078, 124.5831102929078, 119.9742150849197, 119.9742150849197, 115.36476941802539, 115.36476941802539, 110.75310250115581, 110.75310250115581, 106.14060350111686, 106.14060350111686, 101.53209041804075, 101.53209041804075, 96.9196813351009, 96.9196813351009, 92.30348845990375, 92.30348845990375, 87.6951676257886, 87.6951676257886, 83.08582270890474, 83.08582270890474, 78.46866658399813, 78.46866658399813, 73.85386050096713, 73.85386050096713, 69.23956770892255, 69.23956770892255, 64.62982825003564, 64.62982825003564, 60.023187458049506, 60.023187458049506, 55.41829904192127, 55.41829904192127], "b_time_left": [240, 235.36509000021033, 235.36509000021033, 230.75239154230803, 230.75239154230803, 226.14170587528497, 226.14170587528497, 221.50698112533428, 221.50698112533428, 216.88390904245898, 216.88390904245898, 212.25332283461466, 212.25332283461466, 207.63431958458386, 207.63431958458386, 203.0230701265391, 203.0230701265391, 198.36689504352398, 198.36689504352398, 193.74344504368491, 193.74344504368491, 189.12932487670332, 189.12932487670332, 184.5218765847385, 184.5218765847385, 179.91306375176646, 179.91306375176646, 175.30151120969094, 175.30151120969094, 170.69026795960963, 170.69026795960963, 166.07500141765922, 166.07500141765922, 161.46539404266514, 161.46539404266514, 156.8531509176828, 156.8531509176828, 152.2428600427229, 152.2428600427229, 147.6344202097971, 147.6344202097971, 143.0250251267571, 143.0250251267571, 138.41228166874498, 138.41228166874498, 133.78257408575155, 133.78257408575155, 129.17087371088564, 129.17087371088564, 124.55638167005964, 124.55638167005964, 119.94732691999525, 119.94732691999525, 115.33815633691847, 115.33815633691847, 110.72572637884878, 110.72572637884878, 106.11546129593626, 106.11546129593626, 101.50549858692102, 101.50549858692102, 96.89463812788017, 96.89463812788017, 92.2826854607556, 92.2826854607556, 87.67192946071737, 87.67192946071737, 83.05511562759057, 83.05511562759057, 78.44072854449041, 78.44072854449041, 73.83290983643383, 73.83290983643383, 69.21927471132949, 69.21927471132949, 64.61121471133083, 64.61121471133083, 60.00498966942541, 60.00498966942541, 55.399884794605896], "rat_caught": [false, false, false, false, false, false, true, false, false, false, false, false, false, false, false, false, false, false, false, true, false, false, false, false, false, false, true, false, false, false, false, false, false, true, false, true, false, false, false, false, false, false, false, false, false, false, false, true, false, false, false, false, false, false, false, false, false, false, false, false, false, false, false, true, false, false, false, false, false, false, false, false, false, true, false, false, false, false, false, false], "left_behind": ["prime", "plain", "plain", "prime", "prime", "prime", "search", "prime", "prime", "prime", "prime", "carpet", "carpet", "plain", "plain", "prime", "prime", "prime", "prime", "search", "prime", "prime", "prime", "prime", "prime", "prime", "search", "carpet", "prime", "plain", "carpet", "carpet", "carpet", "search", "plain", "search", "plain", "plain", "plain", "plain", "prime", "plain", "carpet", "prime", "plain", "plain", "plain", "search", "plain", "plain", "prime", "plain", "prime", "prime", "prime", "prime", "search", "carpet", "plain", "plain", "prime", "carpet", "search", "search", "plain", "plain", "plain", "plain", "plain", "plain", "plain", "plain", "plain", "search", "plain", "plain", "plain", "plain", "plain", "plain"], "errlog_a": "turns=40, last_best_rat_prob=0.385, last_search_target=(3, 4), last_eval=-363.53, last_depth=169, search_miss_streak=2, search_gain=-1000000013.00, board_gain=-41.62, opp_threat=0.00, opp_setup_threat=2.70, search_threshold=0.460", "errlog_b": "turns=40, last_best_rat_prob=0.250, last_search_target=(3, 4), last_eval=470.62, last_depth=1073, search_miss_streak=0, search_gain=-1000000000.00, board_gain=-8.57, opp_threat=2.00, opp_setup_threat=2.00, search_threshold=0.540", "start_time": 240, "start_moves": 80, "turn_count": 80, "result": 1, "reason": "POINTS", "trapdoors": [[2, 3], [2, 4], [2, 4], [2, 4], [2, 4], [3, 4], [3, 4], [2, 5], [2, 5], [2, 5], [2, 5], [1, 5], [1, 5], [1, 4], [1, 4], [1, 4], [1, 3], [1, 3], [2, 3], [2, 3], [5, 4], [4, 4], [4, 4], [4, 4], [4, 4], [4, 4], [4, 4], [7, 2], [7, 2], [7, 2], [6, 2], [6, 2], [5, 2], [5, 2], [5, 2], [5, 2], [3, 7], [4, 7], [4, 7], [4, 7], [4, 7], [5, 7], [6, 7], [6, 7], [6, 7], [6, 6], [6, 6], [6, 6], [3, 4], [3, 4], [3, 4], [3, 4], [3, 3], [3, 3], [3, 3], [3, 3], [3, 3], [3, 3], [3, 3], [3, 4], [3, 3], [3, 3], [3, 3], [3, 3], [4, 6], [5, 6], [6, 6], [6, 6], [6, 5], [7, 5], [7, 5], [7, 5], [7, 4], [7, 4], [2, 3], [2, 3], [2, 3], [2, 4], [2, 4], [3, 4], [3, 4]], "spawn_a": [2, 3], "spawn_b": [5, 3]}