{"pos": [[2, 4], [5, 4], [2, 3], [5, 3], [2, 2], [4, 3], [2, 1], [3, 3], [2, 5], [3, 2], [3, 5], [3, 1], [3, 4], [3, 3], [4, 4], [5, 3], [4, 5], [5, 5], [4, 6], [6, 5], [3, 6], [6, 4], [3, 7], [7, 4], [4, 7], [7, 3], [5, 7], [7, 2], [3, 7], [6, 2], [3, 7], [5, 2], [3, 4], [4, 2], [4, 4], [4, 1], [5, 4], [4, 2], [5, 3], [4, 3], [6, 3], [4, 1], [6, 5], [4, 2], [5, 5], [4, 2], [5, 6], [6, 2], [5, 6], [7, 2], [5, 6], [7, 4], [5, 5], [6, 4], [5, 4], [6, 4], [4, 4], [5, 4], [4, 5], [5, 4], [4, 4], [5, 4], [4, 6], [5, 3], [4, 6], [6, 3], [4, 5], [5, 3], [4, 4], [4, 3], [3, 4], [3, 3], [4, 4], [2, 3], [4, 3], [2, 2], [3, 3], [2, 1], [3, 2], [3, 1]], "a_points": [1, 1, 2, 2, 3, 3, 4, 4, 10, 10, 10, 10, 11, 11, 12, 12, 13, 13, 13, 13, 14, 14, 15, 15, 16, 16, 17, 17, 19, 19, 23, 23, 27, 27, 26, 26, 26, 26, 26, 26, 26, 26, 28, 28, 28, 28, 28, 28, 26, 26, 24, 24, 25, 25, 25, 25, 25, 25, 25, 25, 26, 26, 28, 28, 32, 32, 32, 32, 32, 32, 32, 32, 32, 32, 32, 32, 32, 32, 32, 32], "b_points": [0, 1, 1, 2, 2, 3, 3, 4, 4, 5, 5, 6, 6, 8, 8, 10, 10, 12, 12, 12, 12, 13, 13, 14, 14, 15, 15, 16, 16, 17, 17, 18, 18, 19, 19, 19, 19, 20, 20, 21, 21, 23, 23, 23, 23, 21, 21, 23, 23, 22, 22, 24, 24, 24, 24, 22, 22, 22, 22, 20, 20, 18, 18, 18, 18, 18, 18, 19, 19, 19, 19, 19, 19, 19, 19, 19, 19, 19, 19, 20], "a_turns_left": [39, 39, 38, 38, 37, 37, 36, 36, 35, 35, 34, 34, 33, 33, 32, 32, 31, 31, 30, 30, 29, 29, 28, 28, 27, 27, 26, 26, 25, 25, 24, 24, 23, 23, 22, 22, 21, 21, 20, 20, 19, 19, 18, 18, 17, 17, 16, 16, 15, 15, 14, 14, 13, 13, 12, 12, 11, 11, 10, 10, 9, 9, 8, 8, 7, 7, 6, 6, 5, 5, 4, 4, 3, 3, 2, 2, 1, 1, 0, 0], "b_turns_left": [40, 39, 39, 38, 38, 37, 37, 36, 36, 35, 35, 34, 34, 33, 33, 32, 32, 31, 31, 30, 30, 29, 29, 28, 28, 27, 27, 26, 26, 25, 25, 24, 24, 23, 23, 22, 22, 21, 21, 20, 20, 19, 19, 18, 18, 17, 17, 16, 16, 15, 15, 14, 14, 13, 13, 12, 12, 11, 11, 10, 10, 9, 9, 8, 8, 7, 7, 6, 6, 5, 5, 4, 4, 3, 3, 2, 2, 1, 1, 0], "a_time_left": [236.30844041705132, 236.30844041705132, 232.6069877501577, 232.6069877501577, 228.90897045913152, 228.90897045913152, 225.2085597512778, 225.2085597512778, 221.49887304240838, 221.49887304240838, 217.79038983443752, 217.79038983443752, 214.06703262543306, 214.06703262543306, 210.36801212537102, 210.36801212537102, 206.6763161253184, 206.6763161253184, 202.98340466734953, 202.98340466734953, 199.2729176261928, 199.2729176261928, 195.481521417154, 195.481521417154, 191.78301520901732, 191.78301520901732, 188.07161145890132, 188.07161145890132, 184.36304620909505, 184.36304620909505, 180.66436766809784, 180.66436766809784, 176.96516662603244, 176.96516662603244, 173.273133876035, 173.273133876035, 169.57533316803165, 169.57533316803165, 165.88431191793643, 165.88431191793643, 162.1900482098572, 162.1900482098572, 158.48960329289548, 158.48960329289548, 154.79712600097992, 154.79712600097992, 151.10577470902354, 151.10577470902354, 147.40463775093667, 147.40463775093667, 143.69507900089957, 143.69507900089957, 140.0051625838969, 140.0051625838969, 136.30819312576205, 136.30819312576205, 132.60303645883687, 132.60303645883687, 128.90700949984603, 128.90700949984603, 125.20682191685773, 125.20682191685773, 121.51746412483044, 121.51746412483044, 117.81594045786187, 117.81594045786187, 114.11508099874482, 114.11508099874482, 110.42004308267497, 110.42004308267497, 106.72928374959156, 106.72928374959156, 103.03958679060452, 103.03958679060452, 99.32862016558647, 99.32862016558647, 95.64175937371328, 95.64175937371328, 91.95624312385917, 91.95624312385917], "b_time_left": [240, 236.29653704096563, 236.29653704096563, 232.60025733197108, 232.60025733197108, 228.89507291582413, 228.89507291582413, 225.18973216577433, 225.18973216577433, 221.49208641587757, 221.49208641587757, 217.77383891586214, 217.77383891586214, 214.02521129092202, 214.02521129092202, 210.33390716603026, 210.33390716603026, 206.64010187401436, 206.64010187401436, 202.94230883289129, 202.94230883289129, 199.24360079178587, 199.24360079178587, 195.54771899990737, 195.54771899990737, 191.84907895792276, 191.84907895792276, 188.1538961660117, 188.1538961660117, 184.45750466617756, 184.45750466617756, 180.75840800022706, 180.75840800022706, 177.06348308338784, 177.06348308338784, 173.3694043753203, 173.3694043753203, 169.67072633327916, 169.67072633327916, 165.9715981662739, 165.9715981662739, 162.2741166241467, 162.2741166241467, 158.57531537418254, 158.57531537418254, 154.87965933210216, 154.87965933210216, 151.17849554121494, 151.17849554121494, 147.49182866630144, 147.49182866630144, 143.79389212513342, 143.79389212513342, 140.082004457945, 140.082004457945, 136.3870385410264, 136.3870385410264, 132.68898866605014, 132.68898866605014, 128.9939053331036, 128.9939053331036, 125.30095312511548, 125.30095312511548, 121.60805425024591, 121.60805425024591, 117.92005162523128, 117.92005162523128, 114.21995583432727, 114.21995583432727, 110.5234620012343, 110.5234620012343, 106.83189250133, 106.83189250133, 103.07778920931742, 103.07778920931742, 99.38984241848812, 99.38984241848812, 95.70260958536528, 95.70260958536528, 92.01789037627168], "rat_caught": [false, false, false, false, false, false, false, false, false, false, false, false, false, false, false, false, false, false, false, false, false, false, false, false, false, false, false, false, false, false, true, false, false, false, false, false, false, false, false, false, false, false, false, false, false, false, false, false, false, false, false, false, false, false, false, false, false, false, false, false, false, false, false, false, true, false, false, false, false, false, false, false, false, false, false, false, false, false, false, false], "left_behind": ["prime", "prime", "prime", "prime", "prime", "prime", "prime", "prime", "carpet", "prime", "plain", "prime", "prime", "carpet", "prime", "carpet", "prime", "carpet", "plain", "plain", "prime", "prime", "prime", "prime", "prime", "prime", "prime", "prime", "carpet", "prime", "search", "prime", "carpet", "prime", "carpet", "plain", "plain", "prime", "plain", "prime", "plain", "carpet", "carpet", "plain", "plain", "search", "plain", "carpet", "search", "carpet", "search", "carpet", "prime", "plain", "plain", "search", "plain", "plain", "plain", "search", "prime", "search", "carpet", "plain", "search", "plain", "plain", "prime", "plain", "plain", "plain", "plain", "plain", "plain", "plain", "plain", "plain", "plain", "plain", "prime"], "errlog_a": "turns=40, last_best_rat_prob=0.381, last_search_target=(7, 2), last_eval=199.99, last_depth=124, search_miss_streak=0, search_gain=-1000000003.00, board_gain=-78.72, opp_threat=1.00, opp_setup_threat=0.55, search_threshold=0.560", "errlog_b": "turns=40, last_best_rat_prob=0.467, last_search_target=(7, 1), last_eval=-199.03, last_depth=650, search_miss_streak=4, search_gain=-1000000022.00, board_gain=-12.23, opp_threat=0.00, opp_setup_threat=0.35, search_threshold=0.480", "start_time": 240, "start_moves": 80, "turn_count": 80, "result": 0, "reason": "POINTS", "trapdoors": [[7, 4], [7, 4], [6, 4], [6, 3], [6, 2], [6, 2], [6, 1], [5, 1], [5, 1], [5, 1], [5, 1], [5, 1], [5, 1], [5, 1], [5, 1], [4, 1], [4, 1], [4, 0], [4, 0], [4, 0], [4, 0], [4, 0], [4, 0], [4, 1], [5, 1], [4, 1], [4, 1], [4, 1], [4, 1], [4, 1], [4, 2], [0, 6], [0, 6], [0, 6], [0, 6], [0, 6], [0, 6], [0, 6], [0, 5], [0, 5], [0, 5], [0, 4], [0, 4], [1, 4], [1, 4], [2, 4], [3, 4], [4, 4], [4, 5], [4, 6], [4, 7], [4, 7], [5, 7], [6, 7], [6, 7], [6, 7], [7, 7], [7, 6], [7, 6], [7, 5], [7, 4], [6, 4], [6, 4], [6, 4], [6, 4], [7, 1], [7, 2], [7, 2], [7, 2], [7, 2], [7, 2], [7, 2], [7, 2], [7, 2], [7, 2], [6, 2], [6, 1], [6, 1], [6, 2], [6, 1], [6, 2]], "spawn_a": [2, 5], "spawn_b": [5, 5]}