{"pos": [[3, 4], [4, 4], [3, 3], [5, 4], [4, 3], [6, 4], [4, 4], [6, 3], [4, 5], [6, 2], [3, 5], [5, 2], [3, 6], [4, 2], [3, 7], [4, 3], [3, 3], [4, 4], [3, 4], [4, 2], [3, 3], [3, 2], [2, 3], [3, 2], [2, 2], [4, 2], [2, 1], [4, 1], [2, 2], [4, 2], [2, 4], [6, 2], [1, 4], [6, 2], [1, 5], [5, 2], [0, 5], [6, 2], [0, 4], [6, 4], [0, 5], [5, 4], [1, 5], [5, 5], [2, 5], [6, 5], [2, 6], [7, 5], [2, 6], [7, 5], [2, 7], [4, 5], [3, 7], [3, 5], [3, 7], [0, 5], [4, 7], [0, 4], [4, 6], [0, 3], [4, 7], [1, 3], [4, 6], [1, 3], [4, 5], [2, 3], [5, 5], [2, 3], [5, 4], [2, 2], [5, 4], [2, 3], [5, 3], [2, 1], [5, 3], [2, 0], [4, 3], [3, 0], [3, 3], [3, 0]], "a_points": [1, 1, 2, 2, 3, 3, 2, 2, 2, 2, 3, 3, 4, 4, 5, 5, 11, 11, 11, 11, 11, 11, 11, 11, 12, 12, 12, 12, 13, 13, 15, 15, 15, 15, 16, 16, 16, 16, 16, 16, 17, 17, 18, 18, 19, 19, 20, 20, 18, 18, 19, 19, 20, 20, 24, 24, 25, 25, 26, 26, 25, 25, 25, 25, 26, 26, 26, 26, 26, 26, 30, 30, 30, 30, 34, 34, 35, 35, 35, 35], "b_points": [0, 0, 0, 1, 1, 2, 2, 3, 3, 4, 4, 5, 5, 6, 6, 7, 7, 8, 8, 10, 10, 10, 10, 14, 14, 15, 15, 15, 15, 16, 16, 18, 18, 22, 22, 22, 22, 22, 22, 24, 24, 23, 23, 23, 23, 24, 24, 25, 25, 29, 29, 33, 33, 33, 33, 37, 37, 36, 36, 36, 36, 37, 37, 41, 41, 42, 42, 40, 40, 40, 40, 41, 41, 43, 43, 43, 43, 44, 44, 42], "a_turns_left": [39, 39, 38, 38, 37, 37, 36, 36, 35, 35, 34, 34, 33, 33, 32, 32, 31, 31, 30, 30, 29, 29, 28, 28, 27, 27, 26, 26, 25, 25, 24, 24, 23, 23, 22, 22, 21, 21, 20, 20, 19, 19, 18, 18, 17, 17, 16, 16, 15, 15, 14, 14, 13, 13, 12, 12, 11, 11, 10, 10, 9, 9, 8, 8, 7, 7, 6, 6, 5, 5, 4, 4, 3, 3, 2, 2, 1, 1, 0, 0], "b_turns_left": [40, 39, 39, 38, 38, 37, 37, 36, 36, 35, 35, 34, 34, 33, 33, 32, 32, 31, 31, 30, 30, 29, 29, 28, 28, 27, 27, 26, 26, 25, 25, 24, 24, 23, 23, 22, 22, 21, 21, 20, 20, 19, 19, 18, 18, 17, 17, 16, 16, 15, 15, 14, 14, 13, 13, 12, 12, 11, 11, 10, 10, 9, 9, 8, 8, 7, 7, 6, 6, 5, 5, 4, 4, 3, 3, 2, 2, 1, 1, 0], "a_time_left": [235.3857422908768, 235.3857422908768, 230.77534724981524, 230.77534724981524, 226.16217849985696, 226.16217849985696, 221.54689258267172, 221.54689258267172, 216.93516312446445, 216.93516312446445, 212.2838277076371, 212.2838277076371, 207.670122790616, 207.670122790616, 203.05619249958545, 203.05619249958545, 198.44636408262886, 198.44636408262886, 193.83851899951696, 193.83851899951696, 189.2276726665441, 189.2276726665441, 184.61812008358538, 184.61812008358538, 180.0059552085586, 180.0059552085586, 175.39806387550198, 175.39806387550198, 170.78409937536344, 170.78409937536344, 166.1728657092899, 166.1728657092899, 161.56423879228532, 161.56423879228532, 156.95438575046137, 156.95438575046137, 152.3457547086291, 152.3457547086291, 147.7278522925917, 147.7278522925917, 143.11583233438432, 143.11583233438432, 138.50386362639256, 138.50386362639256, 133.89313470944762, 133.89313470944762, 129.27634033444338, 129.27634033444338, 124.6672512923833, 124.6672512923833, 120.05262170941569, 120.05262170941569, 115.44025770947337, 115.44025770947337, 110.82958270935342, 110.82958270935342, 106.21698091737926, 106.21698091737926, 101.60338275018148, 101.60338275018148, 96.99339700024575, 96.99339700024575, 92.38555383333005, 92.38555383333005, 87.77159320842475, 87.77159320842475, 83.1542936253827, 83.1542936253827, 78.54198266752064, 78.54198266752064, 73.93154941755347, 73.93154941755347, 69.32122750161216, 69.32122750161216, 64.70452258456498, 64.70452258456498, 60.089351375587285, 60.089351375587285, 55.481527709634975, 55.481527709634975], "b_time_left": [240, 235.38764349999838, 235.38764349999838, 230.77097054105252, 230.77097054105252, 226.15787287405692, 226.15787287405692, 221.546175833093, 221.546175833093, 216.92662699893117, 216.92662699893117, 212.31515974877402, 212.31515974877402, 207.70456345798448, 207.70456345798448, 203.09200674900785, 203.09200674900785, 198.47624179092236, 198.47624179092236, 193.86694887490012, 193.86694887490012, 189.25360991689377, 189.25360991689377, 184.63055687583983, 184.63055687583983, 180.01826333487406, 180.01826333487406, 175.40809958497994, 175.40809958497994, 170.7903963769786, 170.7903963769786, 166.1829038350843, 166.1829038350843, 161.56756262714043, 161.56756262714043, 156.95705321012065, 156.95705321012065, 152.34753591823392, 152.34753591823392, 147.73760762624443, 147.73760762624443, 143.12647087639198, 143.12647087639198, 138.5153349172324, 138.5153349172324, 133.9042572514154, 133.9042572514154, 129.2952263355255, 129.2952263355255, 124.62559546041302, 124.62559546041302, 120.00923829432577, 120.00923829432577, 115.3994923364371, 115.3994923364371, 110.78877433645539, 110.78877433645539, 106.17936833645217, 106.17936833645217, 101.5649633363355, 101.5649633363355, 96.95556166954339, 96.95556166954339, 92.34306346136145, 92.34306346136145, 87.73370925337076, 87.73370925337076, 83.12106091948226, 83.12106091948226, 78.51320404466242, 78.51320404466242, 73.90439571067691, 73.90439571067691, 69.28021596069448, 69.28021596069448, 64.65335321077146, 64.65335321077146, 60.03992046089843, 60.03992046089843, 55.42123633576557], "rat_caught": [false, false, false, false, false, false, false, false, false, false, false, false, false, false, false, false, false, false, false, false, false, false, false, true, false, false, false, false, false, false, false, false, false, true, false, false, false, false, false, false, false, false, false, false, false, false, false, false, false, true, false, false, false, false, true, false, false, false, false, false, false, false, false, true, false, false, false, false, false, false, true, false, false, false, true, false, false, false, false, false], "left_behind": ["prime", "plain", "prime", "prime", "prime", "prime", "carpet", "prime", "plain", "prime", "prime", "prime", "prime", "prime", "prime", "prime", "carpet", "prime", "plain", "carpet", "plain", "plain", "plain", "search", "prime", "prime", "plain", "plain", "prime", "prime", "carpet", "carpet", "plain", "search", "prime", "plain", "plain", "plain", "plain", "carpet", "prime", "carpet", "prime", "plain", "prime", "prime", "prime", "prime", "search", "search", "prime", "carpet", "prime", "plain", "search", "carpet", "prime", "carpet", "prime", "plain", "carpet", "prime", "plain", "search", "prime", "prime", "plain", "search", "plain", "plain", "search", "prime", "plain", "carpet", "search", "plain", "prime", "prime", "plain", "search"], "errlog_a": "turns=40, last_best_rat_prob=0.420, last_search_target=(7, 3), last_eval=-212.69, last_depth=180, search_miss_streak=0, search_gain=-1000000004.00, board_gain=-33.88, opp_threat=1.00, opp_setup_threat=3.70, search_threshold=0.460", "errlog_b": "turns=40, last_best_rat_prob=0.867, last_search_target=(2, 7), last_eval=119.88, last_depth=858, search_miss_streak=1, search_gain=119.88, board_gain=108.35, opp_threat=0.00, opp_setup_threat=2.70, search_threshold=0.500", "start_time": 240, "start_moves": 80, "turn_count": 80, "result": 1, "reason": "POINTS", "trapdoors": [[7, 3], [7, 3], [7, 3], [7, 4], [7, 5], [7, 5], [7, 5], [7, 5], [7, 5], [7, 5], [7, 6], [7, 6], [7, 6], [7, 6], [7, 6], [7, 6], [7, 7], [7, 7], [6, 7], [6, 7], [5, 7], [4, 7], [4, 7], [4, 7], [7, 3], [7, 4], [7, 4], [7, 5], [6, 5], [6, 6], [6, 6], [6, 7], [6, 7], [5, 7], [7, 3], [7, 4], [7, 4], [7, 3], [7, 4], [7, 5], [7, 5], [7, 5], [7, 4], [7, 3], [7, 3], [7, 4], [7, 4], [7, 5], [7, 5], [7, 5], [0, 6], [0, 5], [0, 5], [0, 5], [0, 4], [1, 1], [1, 1], [1, 1], [1, 1], [1, 1], [1, 1], [1, 1], [1, 1], [1, 1], [7, 0], [7, 0], [7, 1], [7, 1], [7, 1], [7, 1], [7, 1], [0, 5], [0, 6], [0, 5], [0, 5], [7, 3], [7, 3], [7, 3], [7, 3], [7, 3], [7, 3]], "spawn_a": [2, 4], "spawn_b": [5, 4]}