{"pos": [[2, 4], [5, 4], [1, 4], [4, 4], [3, 4], [4, 3], [3, 3], [5, 3], [3, 2], [6, 3], [3, 3], [4, 3], [2, 3], [4, 4], [1, 3], [3, 4], [1, 2], [3, 2], [1, 3], [3, 3], [2, 3], [3, 4], [1, 3], [3, 5], [0, 3], [4, 5], [0, 4], [5, 5], [1, 4], [6, 5], [1, 5], [7, 5], [1, 2], [7, 4], [2, 2], [7, 3], [3, 2], [7, 3], [3, 1], [7, 5], [4, 1], [3, 5], [4, 0], [3, 5], [4, 1], [3, 5], [5, 1], [3, 4], [3, 1], [4, 4], [3, 2], [5, 4], [3, 2], [6, 4], [4, 2], [5, 4], [5, 2], [5, 3], [4, 2], [6, 3], [3, 2], [7, 3], [5, 2], [7, 4], [5, 3], [5, 4], [7, 3], [4, 4], [7, 4], [4, 5], [7, 4], [4, 6], [7, 4], [3, 6], [6, 4], [2, 6], [5, 4], [2, 5], [6, 4], [2, 4]], "a_points": [1, 1, 2, 2, 4, 4, 4, 4, 4, 4, 5, 5, 6, 6, 7, 7, 7, 7, 8, 8, 7, 7, 7, 7, 8, 8, 9, 9, 10, 10, 11, 11, 15, 15, 15, 15, 16, 16, 16, 16, 17, 17, 17, 17, 18, 18, 19, 19, 21, 21, 21, 21, 25, 25, 25, 25, 25, 25, 26, 26, 27, 27, 29, 29, 29, 29, 31, 31, 31, 31, 29, 29, 33, 33, 33, 33, 33, 33, 33, 33], "b_points": [0, 0, 0, 0, 0, 1, 1, 2, 2, 3, 3, 5, 5, 4, 4, 4, 4, 6, 6, 6, 6, 6, 6, 6, 6, 7, 7, 8, 8, 9, 9, 10, 10, 11, 11, 12, 12, 10, 10, 12, 12, 18, 18, 16, 16, 20, 20, 20, 20, 20, 20, 20, 20, 20, 20, 21, 21, 22, 22, 22, 22, 23, 23, 24, 24, 26, 26, 26, 26, 26, 26, 26, 26, 27, 27, 28, 28, 29, 29, 30], "a_turns_left": [39, 39, 38, 38, 37, 37, 36, 36, 35, 35, 34, 34, 33, 33, 32, 32, 31, 31, 30, 30, 29, 29, 28, 28, 27, 27, 26, 26, 25, 25, 24, 24, 23, 23, 22, 22, 21, 21, 20, 20, 19, 19, 18, 18, 17, 17, 16, 16, 15, 15, 14, 14, 13, 13, 12, 12, 11, 11, 10, 10, 9, 9, 8, 8, 7, 7, 6, 6, 5, 5, 4, 4, 3, 3, 2, 2, 1, 1, 0, 0], "b_turns_left": [40, 39, 39, 38, 38, 37, 37, 36, 36, 35, 35, 34, 34, 33, 33, 32, 32, 31, 31, 30, 30, 29, 29, 28, 28, 27, 27, 26, 26, 25, 25, 24, 24, 23, 23, 22, 22, 21, 21, 20, 20, 19, 19, 18, 18, 17, 17, 16, 16, 15, 15, 14, 14, 13, 13, 12, 12, 11, 11, 10, 10, 9, 9, 8, 8, 7, 7, 6, 6, 5, 5, 4, 4, 3, 3, 2, 2, 1, 1, 0], "a_time_left": [235.38846987485886, 235.38846987485886, 230.71007629181258, 230.71007629181258, 226.09412208385766, 226.09412208385766, 221.48447691672482, 221.48447691672482, 216.87182008381933, 216.87182008381933, 212.25904383370653, 212.25904383370653, 207.64886837569065, 207.64886837569065, 203.03969100071117, 203.03969100071117, 198.42792379157618, 198.42792379157618, 193.81992745841853, 193.81992745841853, 189.2113489995245, 189.2113489995245, 184.60087212454528, 184.60087212454528, 179.98461345862597, 179.98461345862597, 175.3754876255989, 175.3754876255989, 170.7659075835254, 170.7659075835254, 166.15416595852003, 166.15416595852003, 161.5368182505481, 161.5368182505481, 156.92731620860286, 156.92731620860286, 152.31793987564743, 152.31793987564743, 147.70802804268897, 147.70802804268897, 143.09688816778362, 143.09688816778362, 138.4805950007867, 138.4805950007867, 133.83312229276635, 133.83312229276635, 129.20464925072156, 129.20464925072156, 124.5960872087162, 124.5960872087162, 119.9841542087961, 119.9841542087961, 115.36407929169945, 115.36407929169945, 110.74922774964944, 110.74922774964944, 106.05588295869529, 106.05588295869529, 101.44434429262765, 101.44434429262765, 96.83434391766787, 96.83434391766787, 92.21674745879136, 92.21674745879136, 87.60541904182173, 87.60541904182173, 82.99754670774564, 82.99754670774564, 78.39216820779257, 78.39216820779257, 73.78391379187815, 73.78391379187815, 69.1718278338667, 69.1718278338667, 64.56583529198542, 64.56583529198542, 59.949069500900805, 59.949069500900805, 55.33464766689576, 55.33464766689576], "b_time_left": [240, 235.38898558309302, 235.38898558309302, 230.74773016595282, 230.74773016595282, 226.1364346658811, 226.1364346658811, 221.5295061657671, 221.5295061657671, 216.92136845784262, 216.92136845784262, 212.31300024990924, 212.31300024990924, 207.7010239160154, 207.7010239160154, 203.0909901240375, 203.0909901240375, 198.48188645695336, 198.48188645695336, 193.87309474893846, 193.87309474893846, 189.26341762393713, 189.26341762393713, 184.65648645698093, 184.65648645698093, 180.0464999990072, 180.0464999990072, 175.4376302899327, 175.4376302899327, 170.82719470676966, 170.82719470676966, 166.21635720669292, 166.21635720669292, 161.60339374863543, 161.60339374863543, 156.99027195759118, 156.99027195759118, 152.37052612449042, 152.37052612449042, 147.75993474945426, 147.75993474945426, 143.14371099951677, 143.14371099951677, 138.5288730824832, 138.5288730824832, 133.8834733744152, 133.8834733744152, 129.2628550415393, 129.2628550415393, 124.65562399965711, 124.65562399965711, 120.0485561657697, 120.0485561657697, 115.35492633283138, 115.35492633283138, 110.74134458275512, 110.74134458275512, 106.1203155417461, 106.1203155417461, 101.43425766681321, 101.43425766681321, 96.82040199986659, 96.82040199986659, 92.20870095794089, 92.20870095794089, 87.59694429091178, 87.59694429091178, 82.98837437480688, 82.98837437480688, 78.38055979181081, 78.38055979181081, 73.773117874749, 73.773117874749, 69.16288270778023, 69.16288270778023, 64.55354287475348, 64.55354287475348, 59.94689537468366, 59.94689537468366, 55.295668583828956], "rat_caught": [false, false, false, false, false, false, false, false, false, false, false, false, false, false, false, false, false, false, false, false, false, false, false, false, false, false, false, false, false, false, false, false, false, false, false, false, false, false, false, false, false, false, false, false, false, true, false, false, false, false, false, false, true, false, false, false, false, false, false, false, false, false, false, false, false, false, false, false, false, false, false, false, true, false, false, false, false, false, false, false], "left_behind": ["prime", "plain", "prime", "plain", "carpet", "prime", "plain", "prime", "plain", "prime", "prime", "carpet", "prime", "carpet", "prime", "plain", "plain", "carpet", "prime", "plain", "carpet", "plain", "plain", "plain", "prime", "prime", "prime", "prime", "prime", "prime", "prime", "prime", "carpet", "prime", "plain", "prime", "prime", "search", "plain", "carpet", "prime", "carpet", "plain", "search", "prime", "search", "prime", "plain", "carpet", "plain", "plain", "plain", "search", "plain", "plain", "prime", "plain", "prime", "prime", "plain", "prime", "prime", "carpet", "prime", "plain", "carpet", "carpet", "plain", "plain", "plain", "search", "plain", "search", "prime", "plain", "prime", "plain", "prime", "plain", "prime"], "errlog_a": "turns=40, last_best_rat_prob=0.382, last_search_target=(7, 1), last_eval=53.31, last_depth=104, search_miss_streak=0, search_gain=-1000000002.50, board_gain=-13.79, opp_threat=1.00, opp_setup_threat=3.70, search_threshold=0.560", "errlog_b": "turns=40, last_best_rat_prob=0.438, last_search_target=(7, 1), last_eval=-14.03, last_depth=153, search_miss_streak=0, search_gain=39.32, board_gain=50.84, opp_threat=0.00, opp_setup_threat=0.00, search_threshold=0.410", "start_time": 240, "start_moves": 80, "turn_count": 80, "result": 0, "reason": "POINTS", "trapdoors": [[1, 7], [0, 7], [0, 6], [0, 6], [0, 5], [0, 5], [0, 4], [0, 3], [0, 3], [0, 3], [0, 3], [0, 2], [0, 2], [0, 2], [0, 2], [0, 2], [0, 1], [0, 1], [0, 1], [0, 0], [1, 0], [1, 0], [2, 0], [2, 0], [2, 0], [2, 0], [2, 0], [2, 0], [3, 0], [2, 0], [2, 0], [2, 0], [2, 0], [2, 0], [3, 0], [3, 0], [3, 0], [3, 0], [3, 0], [3, 0], [3, 0], [3, 1], [3, 1], [3, 2], [3, 1], [3, 1], [7, 1], [7, 1], [7, 1], [7, 1], [7, 0], [7, 0], [7, 0], [1, 0], [1, 0], [2, 0], [2, 0], [2, 0], [3, 0], [4, 0], [4, 0], [3, 0], [3, 1], [3, 1], [4, 1], [4, 1], [4, 1], [4, 1], [4, 0], [4, 0], [4, 0], [4, 0], [4, 0], [7, 1], [7, 1], [7, 1], [7, 1], [7, 1], [7, 1], [7, 1], [7, 1]], "spawn_a": [3, 4], "spawn_b": [4, 4]}