{"pos": [[3, 4], [4, 4], [3, 3], [4, 3], [2, 3], [4, 2], [1, 3], [4, 3], [1, 4], [5, 3], [4, 4], [2, 3], [4, 5], [2, 2], [3, 5], [1, 2], [2, 5], [1, 3], [1, 5], [1, 4], [4, 5], [1, 5], [5, 5], [1, 2], [6, 5], [0, 2], [6, 4], [0, 3], [6, 3], [0, 4], [5, 3], [0, 5], [5, 4], [0, 5], [5, 3], [1, 5], [5, 3], [2, 5], [5, 2], [0, 5], [6, 2], [0, 5], [7, 2], [0, 2], [4, 2], [1, 2], [5, 2], [1, 3], [5, 5], [1, 3], [4, 5], [2, 3], [4, 6], [2, 3], [4, 7], [3, 3], [4, 6], [3, 4], [3, 6], [3, 3], [3, 7], [3, 2], [2, 7], [3, 1], [2, 7], [3, 1], [2, 6], [4, 1], [2, 5], [4, 2], [2, 7], [5, 2], [2, 6], [5, 2], [4, 6], [6, 2], [4, 5], [7, 2], [4, 5], [7, 2]], "a_points": [1, 1, 2, 2, 3, 3, 4, 4, 4, 4, 8, 8, 8, 8, 9, 9, 10, 10, 11, 11, 15, 15, 15, 15, 16, 16, 17, 17, 18, 18, 19, 19, 19, 19, 20, 20, 24, 24, 25, 25, 26, 26, 27, 27, 31, 31, 31, 31, 35, 35, 35, 35, 35, 35, 35, 35, 36, 36, 37, 37, 38, 38, 39, 39, 37, 37, 38, 38, 39, 39, 41, 41, 41, 41, 43, 43, 43, 43, 41, 41], "b_points": [0, 0, 0, 1, 1, 1, 1, 2, 2, 3, 3, 7, 7, 7, 7, 8, 8, 9, 9, 10, 10, 11, 11, 15, 15, 15, 15, 16, 16, 17, 17, 18, 18, 16, 16, 17, 17, 18, 18, 20, 20, 18, 18, 22, 22, 22, 22, 22, 22, 26, 26, 26, 26, 24, 24, 24, 24, 24, 24, 24, 24, 24, 24, 25, 25, 29, 29, 30, 30, 31, 31, 31, 31, 29, 29, 29, 29, 29, 29, 27], "a_turns_left": [39, 39, 38, 38, 37, 37, 36, 36, 35, 35, 34, 34, 33, 33, 32, 32, 31, 31, 30, 30, 29, 29, 28, 28, 27, 27, 26, 26, 25, 25, 24, 24, 23, 23, 22, 22, 21, 21, 20, 20, 19, 19, 18, 18, 17, 17, 16, 16, 15, 15, 14, 14, 13, 13, 12, 12, 11, 11, 10, 10, 9, 9, 8, 8, 7, 7, 6, 6, 5, 5, 4, 4, 3, 3, 2, 2, 1, 1, 0, 0], "b_turns_left": [40, 39, 39, 38, 38, 37, 37, 36, 36, 35, 35, 34, 34, 33, 33, 32, 32, 31, 31, 30, 30, 29, 29, 28, 28, 27, 27, 26, 26, 25, 25, 24, 24, 23, 23, 22, 22, 21, 21, 20, 20, 19, 19, 18, 18, 17, 17, 16, 16, 15, 15, 14, 14, 13, 13, 12, 12, 11, 11, 10, 10, 9, 9, 8, 8, 7, 7, 6, 6, 5, 5, 4, 4, 3, 3, 2, 2, 1, 1, 0], "a_time_left": [236.30761604197323, 236.30761604197323, 232.61481604212895, 232.61481604212895, 228.91977404197678, 228.91977404197678, 225.20894654188305, 225.20894654188305, 221.5057246258948, 221.5057246258948, 217.78925991686992, 217.78925991686992, 214.084853250999, 214.084853250999, 210.39238150091842, 210.39238150091842, 206.68629904300906, 206.68629904300906, 202.98331000190228, 202.98331000190228, 199.27860487694852, 199.27860487694852, 195.5822811271064, 195.5822811271064, 191.8860153350979, 191.8860153350979, 188.1705188350752, 188.1705188350752, 184.4343607102055, 184.4343607102055, 180.73518216912635, 180.73518216912635, 177.04456337820739, 177.04456337820739, 173.3424545871094, 173.3424545871094, 169.63489012909122, 169.63489012909122, 165.94124458706938, 165.94124458706938, 162.16442746203393, 162.16442746203393, 158.46746662911028, 158.46746662911028, 154.77451204601675, 154.77451204601675, 151.07475962885655, 151.07475962885655, 147.38758946279995, 147.38758946279995, 143.6939721298404, 143.6939721298404, 139.99988021375611, 139.99988021375611, 136.30036771367304, 136.30036771367304, 132.61120608844794, 132.61120608844794, 128.90844558854587, 128.90844558854587, 125.21487004752271, 125.21487004752271, 121.50799833866768, 121.50799833866768, 117.80950788059272, 117.80950788059272, 114.11614500568248, 114.11614500568248, 110.40758983860724, 110.40758983860724, 106.714897838654, 106.714897838654, 103.02161829662509, 103.02161829662509, 99.32591733871959, 99.32591733871959, 95.63238721364178, 95.63238721364178, 91.94075300451368, 91.94075300451368], "b_time_left": [240, 236.30714687495492, 236.30714687495492, 232.61418883386068, 232.61418883386068, 228.91810608375818, 228.91810608375818, 225.2180832917802, 225.2180832917802, 221.5172754167579, 221.5172754167579, 217.81136016664095, 217.81136016664095, 214.10713916667737, 214.10713916667737, 210.40571508347057, 210.40571508347057, 206.71300541749224, 206.71300541749224, 203.00564045854844, 203.00564045854844, 199.30458229151554, 199.30458229151554, 195.52497025066987, 195.52497025066987, 191.82158595859073, 191.82158595859073, 188.1283302505035, 188.1283302505035, 184.43335166736506, 184.43335166736506, 180.72467841720209, 180.72467841720209, 177.03095187526196, 177.03095187526196, 173.34032629127614, 173.34032629127614, 169.64372374932282, 169.64372374932282, 165.947995249182, 165.947995249182, 162.24402191513218, 162.24402191513218, 158.55101824807934, 158.55101824807934, 154.85920845717192, 154.85920845717192, 151.16590637434274, 151.16590637434274, 147.46239516627975, 147.46239516627975, 143.76336066634394, 143.76336066634394, 140.05615933216177, 140.05615933216177, 136.3539037492592, 136.3539037492592, 132.66308241616935, 132.66308241616935, 128.968461625278, 128.968461625278, 125.26486095832661, 125.26486095832661, 121.56343916733749, 121.56343916733749, 117.86072354228236, 117.86072354228236, 114.1528019583784, 114.1528019583784, 110.46051095845178, 110.46051095845178, 106.76137500046752, 106.76137500046752, 103.06780045852065, 103.06780045852065, 99.37178641650826, 99.37178641650826, 95.6790419165045, 95.6790419165045, 91.98961083265021], "rat_caught": [false, false, false, false, false, false, false, false, false, false, false, false, false, false, false, false, false, false, false, false, false, false, false, false, false, false, false, false, false, false, false, false, false, false, false, false, true, false, false, false, false, false, false, false, false, false, false, false, false, true, false, false, false, false, false, false, false, false, false, false, false, false, false, false, false, true, false, false, false, false, false, false, false, false, false, false, false, false, false, false], "left_behind": ["prime", "plain", "prime", "prime", "prime", "plain", "prime", "prime", "plain", "prime", "carpet", "carpet", "plain", "plain", "prime", "prime", "prime", "prime", "prime", "prime", "carpet", "prime", "plain", "carpet", "prime", "plain", "prime", "prime", "prime", "prime", "prime", "prime", "plain", "search", "prime", "prime", "search", "prime", "prime", "carpet", "prime", "search", "prime", "carpet", "carpet", "plain", "plain", "plain", "carpet", "search", "plain", "plain", "plain", "search", "plain", "plain", "prime", "plain", "prime", "plain", "prime", "plain", "prime", "prime", "search", "search", "prime", "prime", "prime", "prime", "carpet", "plain", "plain", "search", "carpet", "plain", "plain", "plain", "search", "search"], "errlog_a": "turns=40, last_best_rat_prob=0.643, last_search_target=(7, 3), last_eval=65.95, last_depth=108, search_miss_streak=1, search_gain=65.95, board_gain=22.39, opp_threat=1.00, opp_setup_threat=6.80, search_threshold=0.560", "errlog_b": "turns=40, last_best_rat_prob=0.622, last_search_target=(7, 5), last_eval=57.12, last_depth=686, search_miss_streak=1, search_gain=57.12, board_gain=-1.82, opp_threat=0.00, opp_setup_threat=0.00, search_threshold=0.480", "start_time": 240, "start_moves": 80, "turn_count": 80, "result": 0, "reason": "POINTS", "trapdoors": [[4, 5], [4, 5], [4, 5], [4, 5], [5, 5], [5, 5], [5, 4], [5, 5], [5, 5], [5, 4], [5, 5], [5, 4], [5, 4], [5, 4], [5, 5], [5, 5], [5, 5], [6, 5], [6, 5], [6, 5], [6, 4], [6, 3], [6, 3], [6, 3], [6, 3], [6, 2], [6, 2], [6, 2], [5, 2], [4, 2], [4, 3], [4, 3], [3, 3], [3, 3], [3, 3], [4, 3], [4, 3], [4, 5], [4, 5], [4, 5], [4, 6], [3, 6], [2, 6], [1, 6], [1, 6], [1, 6], [0, 6], [0, 7], [0, 7], [0, 7], [3, 2], [2, 2], [2, 3], [2, 3], [2, 4], [2, 4], [2, 4], [2, 4], [2, 4], [2, 4], [2, 4], [2, 5], [2, 5], [2, 5], [3, 5], [3, 6], [5, 4], [5, 4], [5, 4], [5, 4], [5, 5], [5, 5], [6, 5], [7, 5], [7, 4], [7, 4], [7, 4], [7, 4], [7, 4], [7, 4], [7, 3]], "spawn_a": [2, 4], "spawn_b": [5, 4]}