{"pos": [[2, 3], [5, 3], [2, 4], [5, 4], [2, 4], [5, 5], [2, 5], [5, 6], [2, 5], [5, 7], [2, 6], [5, 2], [2, 6], [6, 2], [2, 7], [6, 3], [2, 7], [6, 4], [3, 7], [6, 5], [3, 7], [6, 2], [3, 7], [7, 2], [4, 7], [7, 3], [5, 7], [7, 3], [5, 7], [7, 4], [5, 7], [7, 4], [5, 7], [7, 5], [5, 7], [7, 5], [2, 7], [7, 2], [2, 7], [6, 2], [2, 2], [5, 2], [1, 2], [5, 2], [1, 2], [5, 2], [1, 2], [4, 2], [1, 2], [4, 2], [1, 3], [4, 3], [2, 3], [3, 3], [2, 3], [3, 4], [3, 3], [3, 5], [3, 2], [3, 3], [3, 1], [3, 4], [3, 1], [4, 4], [3, 1], [4, 4], [3, 1], [4, 4], [4, 1], [4, 2], [4, 1], [4, 2], [4, 0], [4, 2], [4, 0], [4, 2], [3, 0], [3, 2], [3, 0], [4, 2]], "a_points": [1, 1, 2, 2, 6, 6, 7, 7, 11, 11, 12, 12, 16, 16, 17, 17, 21, 21, 22, 22, 20, 20, 24, 24, 25, 25, 26, 26, 24, 24, 22, 22, 20, 20, 18, 18, 22, 22, 26, 26, 36, 36, 36, 36, 34, 34, 32, 32, 30, 30, 31, 31, 32, 32, 30, 30, 30, 30, 31, 31, 32, 32, 30, 30, 28, 28, 26, 26, 27, 27, 25, 25, 26, 26, 24, 24, 24, 24, 22, 22], "b_points": [0, 1, 1, 2, 2, 3, 3, 4, 4, 5, 5, 15, 15, 15, 15, 16, 16, 17, 17, 18, 18, 22, 22, 22, 22, 23, 23, 21, 21, 22, 22, 20, 20, 21, 21, 25, 25, 29, 29, 29, 29, 29, 29, 27, 27, 25, 25, 25, 25, 29, 29, 30, 30, 31, 31, 31, 31, 32, 32, 34, 34, 34, 34, 34, 34, 32, 32, 30, 30, 32, 32, 30, 30, 28, 28, 26, 26, 25, 25, 25], "a_turns_left": [39, 39, 38, 38, 37, 37, 36, 36, 35, 35, 34, 34, 33, 33, 32, 32, 31, 31, 30, 30, 29, 29, 28, 28, 27, 27, 26, 26, 25, 25, 24, 24, 23, 23, 22, 22, 21, 21, 20, 20, 19, 19, 18, 18, 17, 17, 16, 16, 15, 15, 14, 14, 13, 13, 12, 12, 11, 11, 10, 10, 9, 9, 8, 8, 7, 7, 6, 6, 5, 5, 4, 4, 3, 3, 2, 2, 1, 1, 0, 0], "b_turns_left": [40, 39, 39, 38, 38, 37, 37, 36, 36, 35, 35, 34, 34, 33, 33, 32, 32, 31, 31, 30, 30, 29, 29, 28, 28, 27, 27, 26, 26, 25, 25, 24, 24, 23, 23, 22, 22, 21, 21, 20, 20, 19, 19, 18, 18, 17, 17, 16, 16, 15, 15, 14, 14, 13, 13, 12, 12, 11, 11, 10, 10, 9, 9, 8, 8, 7, 7, 6, 6, 5, 5, 4, 4, 3, 3, 2, 2, 1, 1, 0], "a_time_left": [358.19972166698426, 358.19972166698426, 356.3994756247848, 356.3994756247848, 356.3993870827835, 356.3993870827835, 354.5982224578038, 354.5982224578038, 354.5981297076214, 354.5981297076214, 352.7968708325643, 352.7968708325643, 352.79678316554055, 352.79678316554055, 350.9955187065061, 350.9955187065061, 350.9954231646843, 350.9954231646843, 349.19419258181006, 349.19419258181006, 349.19409849867225, 349.19409849867225, 349.1939949146472, 349.1939949146472, 347.3924743735697, 347.3924743735697, 345.59215945750475, 345.59215945750475, 345.5920714153908, 345.5920714153908, 345.5919869155623, 345.5919869155623, 345.5919116656296, 345.5919116656296, 345.591838124441, 345.591838124441, 343.7906451243907, 343.7906451243907, 343.79054974927567, 343.79054974927567, 341.98916187440045, 341.98916187440045, 340.1887937495485, 340.1887937495485, 340.1887059577275, 340.1887059577275, 340.1886147495825, 340.1886147495825, 340.1885296246037, 340.1885296246037, 338.3873084576335, 338.3873084576335, 336.5870274165645, 336.5870274165645, 336.5869373753667, 336.5869373753667, 334.7866334593855, 334.7866334593855, 332.9863570423331, 332.9863570423331, 331.18609325028956, 331.18609325028956, 331.1859982502647, 331.1859982502647, 331.185910000233, 331.185910000233, 331.18582566734403, 331.18582566734403, 329.3855502922088, 329.3855502922088, 329.38519716705196, 329.38519716705196, 327.58494795905426, 327.58494795905426, 327.58484270912595, 327.58484270912595, 325.78398408391513, 325.78398408391513, 325.77879129280336, 325.77879129280336], "b_time_left": [360, 359.99483166704886, 359.99483166704886, 359.990017416887, 359.990017416887, 359.9830042917747, 359.9830042917747, 359.9785808757879, 359.9785808757879, 359.9739049177151, 359.9739049177151, 359.97137216781266, 359.97137216781266, 359.9687607088126, 359.9687607088126, 359.96663512592204, 359.96663512592204, 359.96218470996246, 359.96218470996246, 359.95891929301433, 359.95891929301433, 359.95646241819486, 359.95646241819486, 359.95375516824424, 359.95375516824424, 359.9513668352738, 359.9513668352738, 359.951260501286, 359.951260501286, 359.9491249602288, 359.9491249602288, 359.94904766837135, 359.94904766837135, 359.94700675131753, 359.94700675131753, 359.94692858541384, 359.94692858541384, 359.9440808354411, 359.9440808354411, 359.94197296048515, 359.94197296048515, 359.93877162761055, 359.93877162761055, 359.93866421072744, 359.93866421072744, 359.9385717106052, 359.9385717106052, 359.93706754455343, 359.93706754455343, 359.93698654463515, 359.93698654463515, 359.93016446148977, 359.93016446148977, 359.92567150248215, 359.92567150248215, 359.92157591949217, 359.92157591949217, 359.9160919615533, 359.9160919615533, 359.91304400237277, 359.91304400237277, 359.91058929427527, 359.91058929427527, 359.90796183538623, 359.90796183538623, 359.9078780435957, 359.9078780435957, 359.90778191853315, 359.90778191853315, 359.9039160856046, 359.9039160856046, 359.90381104452536, 359.90381104452536, 359.9036967116408, 359.9036967116408, 359.903597753495, 359.903597753495, 359.89137400337495, 359.89137400337495, 359.88973312824965], "rat_caught": [false, false, false, false, true, false, false, false, true, false, false, false, true, false, false, false, true, false, false, false, false, false, true, false, false, false, false, false, false, false, false, false, false, false, false, true, false, false, true, false, false, false, false, false, false, false, false, false, false, true, false, false, false, false, false, false, false, false, false, false, false, false, false, false, false, false, false, false, false, false, false, false, false, false, false, false, false, false, false, false], "left_behind": ["prime", "prime", "prime", "prime", "search", "prime", "prime", "prime", "search", "prime", "prime", "carpet", "search", "plain", "prime", "prime", "search", "prime", "prime", "prime", "search", "carpet", "search", "plain", "prime", "prime", "prime", "search", "search", "prime", "search", "search", "search", "prime", "search", "search", "carpet", "carpet", "search", "plain", "carpet", "plain", "plain", "search", "search", "search", "search", "plain", "search", "search", "prime", "prime", "prime", "prime", "search", "plain", "plain", "prime", "prime", "carpet", "prime", "plain", "search", "plain", "search", "search", "search", "search", "prime", "carpet", "search", "search", "prime", "search", "search", "search", "plain", "carpet", "search", "plain"], "errlog_a": "turns=40, last_best_rat_prob=0.515, last_search_target=(7, 4), last_eval=1.09, last_depth=0", "errlog_b": "turns=40, last_best_rat_prob=0.195, last_search_target=(2, 7), last_eval=121.02", "start_time": 360, "start_moves": 80, "turn_count": 80, "result": 1, "reason": "POINTS", "trapdoors": [[7, 1], [6, 1], [6, 1], [6, 0], [7, 0], [1, 5], [1, 5], [1, 5], [1, 4], [6, 1], [7, 1], [7, 1], [7, 1], [7, 3], [7, 3], [7, 3], [7, 3], [2, 0], [3, 0], [3, 0], [3, 0], [4, 0], [4, 0], [5, 0], [5, 0], [5, 0], [6, 0], [7, 0], [7, 0], [7, 0], [7, 1], [7, 1], [6, 1], [6, 1], [7, 1], [7, 1], [4, 1], [4, 1], [4, 1], [4, 0], [4, 0], [4, 1], [5, 1], [5, 1], [5, 1], [5, 1], [5, 1], [5, 1], [5, 1], [5, 1], [7, 0], [7, 0], [7, 0], [7, 1], [7, 1], [6, 1], [6, 1], [5, 1], [6, 1], [6, 2], [6, 3], [6, 3], [6, 3], [5, 3], [5, 3], [5, 3], [5, 4], [5, 4], [5, 5], [5, 5], [5, 5], [5, 5], [5, 5], [5, 5], [5, 5], [5, 5], [5, 6], [5, 6], [5, 6], [5, 6], [5, 6]], "spawn_a": [2, 2], "spawn_b": [5, 2]}