{"pos": [[2, 4], [4, 3], [2, 5], [4, 4], [2, 6], [4, 5], [2, 6], [4, 6], [2, 7], [4, 6], [2, 3], [4, 7], [2, 3], [4, 3], [3, 3], [4, 3], [3, 2], [4, 2], [3, 1], [5, 2], [3, 3], [5, 1], [3, 4], [5, 0], [3, 5], [5, 3], [3, 5], [5, 4], [3, 6], [6, 4], [3, 7], [6, 4], [3, 4], [7, 4], [2, 4], [7, 4], [2, 4], [7, 3], [2, 4], [7, 2], [2, 4], [7, 4], [1, 4], [5, 4], [1, 3], [5, 5], [1, 3], [6, 5], [1, 2], [6, 5], [0, 2], [7, 5], [0, 3], [5, 5], [0, 4], [6, 5], [0, 5], [6, 5], [1, 5], [6, 5], [1, 2], [7, 5], [0, 2], [6, 5], [0, 2], [6, 4], [0, 2], [6, 3], [0, 5], [6, 2], [0, 5], [6, 2], [0, 4], [7, 2], [0, 5], [7, 3], [1, 5], [7, 4], [1, 5], [7, 4]], "a_points": [1, 1, 2, 2, 3, 3, 7, 7, 8, 8, 14, 14, 18, 18, 18, 18, 19, 19, 20, 20, 22, 22, 22, 22, 23, 23, 27, 27, 28, 28, 29, 29, 33, 33, 33, 33, 31, 31, 35, 35, 39, 39, 39, 39, 40, 40, 44, 44, 45, 45, 46, 46, 47, 47, 48, 48, 49, 49, 50, 50, 54, 54, 53, 53, 57, 57, 61, 61, 65, 65, 63, 63, 63, 63, 63, 63, 63, 63, 61, 61], "b_points": [0, 1, 1, 2, 2, 3, 3, 4, 4, 8, 8, 9, 9, 15, 15, 19, 19, 19, 19, 20, 20, 21, 21, 22, 22, 26, 26, 26, 26, 27, 27, 31, 31, 32, 32, 30, 30, 31, 31, 32, 32, 34, 34, 36, 36, 36, 36, 37, 37, 35, 35, 36, 36, 38, 38, 38, 38, 36, 36, 40, 40, 40, 40, 41, 41, 41, 41, 41, 41, 42, 42, 46, 46, 47, 47, 48, 48, 48, 48, 46], "a_turns_left": [39, 39, 38, 38, 37, 37, 36, 36, 35, 35, 34, 34, 33, 33, 32, 32, 31, 31, 30, 30, 29, 29, 28, 28, 27, 27, 26, 26, 25, 25, 24, 24, 23, 23, 22, 22, 21, 21, 20, 20, 19, 19, 18, 18, 17, 17, 16, 16, 15, 15, 14, 14, 13, 13, 12, 12, 11, 11, 10, 10, 9, 9, 8, 8, 7, 7, 6, 6, 5, 5, 4, 4, 3, 3, 2, 2, 1, 1, 0, 0], "b_turns_left": [40, 39, 39, 38, 38, 37, 37, 36, 36, 35, 35, 34, 34, 33, 33, 32, 32, 31, 31, 30, 30, 29, 29, 28, 28, 27, 27, 26, 26, 25, 25, 24, 24, 23, 23, 22, 22, 21, 21, 20, 20, 19, 19, 18, 18, 17, 17, 16, 16, 15, 15, 14, 14, 13, 13, 12, 12, 11, 11, 10, 10, 9, 9, 8, 8, 7, 7, 6, 6, 5, 5, 4, 4, 3, 3, 2, 2, 1, 1, 0], "a_time_left": [358.1993375828024, 358.1993375828024, 356.39908491587266, 356.39908491587266, 354.59851066581905, 354.59851066581905, 354.5983949988149, 354.5983949988149, 352.7972139157355, 352.7972139157355, 350.9959875405766, 350.9959875405766, 350.9958932904992, 350.9958932904992, 349.19466549833305, 349.19466549833305, 347.39342687348835, 347.39342687348835, 345.59319262369536, 345.59319262369536, 343.7929819568526, 343.7929819568526, 341.9926679569762, 341.9926679569762, 340.1922938739881, 340.1922938739881, 340.1921756239608, 340.1921756239608, 338.3909951657988, 338.3909951657988, 336.5907309576869, 336.5907309576869, 334.78947341558523, 334.78947341558523, 332.98928304063156, 332.98928304063156, 332.9891963736154, 332.9891963736154, 332.98911254061386, 332.98911254061386, 332.9880277905613, 332.9880277905613, 331.18685487355106, 331.18685487355106, 329.38661949848756, 329.38661949848756, 329.3864717904944, 329.3864717904944, 327.58525383262895, 327.58525383262895, 325.78507354063913, 325.78507354063913, 323.984783207532, 323.984783207532, 322.18445179145783, 322.18445179145783, 320.384087375598, 320.384087375598, 318.58385708462447, 318.58385708462447, 316.7825977515895, 316.7825977515895, 314.98218321055174, 314.98218321055174, 314.98185800155625, 314.98185800155625, 314.9807829596102, 314.9807829596102, 313.17935383459553, 313.17935383459553, 313.1792557926383, 313.1792557926383, 311.3780883345753, 311.3780883345753, 309.572529543424, 309.572529543424, 307.7720930024516, 307.7720930024516, 307.7719482104294, 307.7719482104294], "b_time_left": [360, 359.99174725008197, 359.99174725008197, 359.9866109159775, 359.9866109159775, 359.9757441240363, 359.9757441240363, 359.97115024900995, 359.97115024900995, 359.97104654088616, 359.97104654088616, 359.96707741566934, 359.96707741566934, 359.96391679067165, 359.96391679067165, 359.9638112485409, 359.9638112485409, 359.9595236654859, 359.9595236654859, 359.955303957453, 359.955303957453, 359.95193379046395, 359.95193379046395, 359.94787724944763, 359.94787724944763, 359.9443815825507, 359.9443815825507, 359.9404175404925, 359.9404175404925, 359.9360735404771, 359.9360735404771, 359.9359659573529, 359.9359659573529, 359.9323591233697, 359.9323591233697, 359.9322552063968, 359.9322552063968, 359.9301348312292, 359.9301348312292, 359.9265126232058, 359.9265126232058, 359.9240523732733, 359.9240523732733, 359.92250466533005, 359.92250466533005, 359.919693331467, 359.919693331467, 359.91488783154637, 359.91488783154637, 359.91477274755016, 359.91477274755016, 359.9126898725517, 359.9126898725517, 359.9111752065364, 359.9111752065364, 359.9094223724678, 359.9094223724678, 359.9093014555983, 359.9093014555983, 359.90918149775825, 359.90918149775825, 359.90617245575413, 359.90617245575413, 359.90390841383487, 359.90390841383487, 359.90163628873415, 359.90163628873415, 359.89908337173983, 359.89908337173983, 359.89691853756085, 359.89691853756085, 359.89683291246183, 359.89683291246183, 359.8940006203484, 359.8940006203484, 359.8875307873823, 359.8875307873823, 359.88567599630915, 359.88567599630915, 359.88558912137523], "rat_caught": [false, false, false, false, false, false, true, false, false, true, false, false, true, false, false, true, false, false, false, false, false, false, false, false, false, false, true, false, false, false, false, true, false, false, false, false, false, false, true, false, true, false, false, false, false, false, true, false, false, false, false, false, false, false, false, false, false, false, false, true, false, false, false, false, true, false, true, false, false, false, false, true, false, false, false, false, false, false, false, false], "left_behind": ["prime", "prime", "prime", "prime", "prime", "prime", "search", "prime", "prime", "search", "carpet", "prime", "search", "carpet", "plain", "search", "prime", "plain", "prime", "prime", "carpet", "prime", "plain", "prime", "prime", "carpet", "search", "plain", "prime", "prime", "prime", "search", "carpet", "prime", "plain", "search", "search", "prime", "search", "prime", "search", "carpet", "plain", "carpet", "prime", "plain", "search", "prime", "prime", "search", "prime", "prime", "prime", "carpet", "prime", "plain", "prime", "search", "prime", "search", "carpet", "plain", "carpet", "prime", "search", "plain", "search", "plain", "carpet", "prime", "search", "search", "plain", "prime", "plain", "prime", "plain", "plain", "search", "search"], "errlog_a": "turns=40, last_best_rat_prob=0.415, last_search_target=(0, 1), last_eval=0.49, last_depth=0", "errlog_b": "turns=40, last_best_rat_prob=0.376, last_search_target=(1, 2), last_eval=-252.65", "start_time": 360, "start_moves": 80, "turn_count": 80, "result": 0, "reason": "POINTS", "trapdoors": [[4, 7], [3, 7], [3, 7], [2, 7], [1, 7], [0, 7], [0, 7], [4, 4], [4, 4], [4, 5], [1, 6], [1, 5], [1, 5], [1, 7], [0, 7], [0, 7], [6, 7], [6, 7], [6, 7], [6, 7], [5, 7], [5, 7], [4, 7], [4, 7], [3, 7], [3, 7], [3, 7], [7, 6], [7, 6], [7, 7], [7, 7], [6, 7], [6, 5], [6, 4], [6, 5], [6, 5], [6, 5], [6, 5], [6, 6], [1, 5], [1, 4], [3, 1], [3, 0], [4, 0], [4, 0], [4, 0], [4, 0], [3, 5], [3, 5], [3, 5], [4, 5], [3, 5], [3, 5], [2, 5], [2, 5], [2, 5], [2, 6], [2, 6], [2, 6], [2, 6], [5, 7], [4, 7], [5, 7], [5, 7], [5, 7], [1, 3], [1, 3], [2, 7], [1, 7], [0, 7], [0, 7], [0, 7], [1, 3], [1, 3], [1, 3], [1, 4], [1, 4], [1, 4], [0, 4], [0, 3], [0, 3]], "spawn_a": [2, 3], "spawn_b": [5, 3]}