{"pos": [[2, 3], [5, 3], [4, 3], [5, 2], [4, 4], [5, 1], [5, 4], [5, 3], [5, 4], [6, 3], [5, 4], [6, 3], [6, 4], [7, 3], [7, 4], [6, 3], [4, 4], [5, 3], [3, 4], [7, 3], [3, 5], [7, 4], [3, 5], [7, 5], [4, 5], [6, 5], [5, 5], [6, 4], [5, 5], [6, 4], [5, 5], [5, 4], [3, 5], [5, 5], [2, 5], [4, 5], [2, 4], [7, 5], [2, 4], [6, 5], [2, 4], [6, 4], [2, 3], [5, 4], [2, 2], [5, 4], [2, 5], [5, 3], [1, 5], [4, 3], [1, 5], [4, 2], [1, 5], [3, 2], [1, 5], [2, 2], [1, 4], [1, 2], [1, 4], [0, 2], [1, 3], [0, 2], [1, 3], [0, 2], [1, 2], [0, 2], [1, 2], [0, 2], [4, 2], [0, 2], [4, 2], [0, 2], [4, 1], [0, 2], [4, 0], [0, 2], [3, 0], [0, 2], [3, 1], [0, 2]], "a_points": [1, 1, 3, 3, 3, 3, 4, 4, 2, 2, 0, 0, 1, 1, 2, 2, 6, 6, 6, 6, 7, 7, 11, 11, 12, 12, 13, 13, 11, 11, 15, 15, 17, 17, 17, 17, 18, 18, 16, 16, 20, 20, 21, 21, 22, 22, 26, 26, 26, 26, 30, 30, 28, 28, 26, 26, 27, 27, 31, 31, 32, 32, 36, 36, 35, 35, 33, 33, 37, 37, 35, 35, 35, 35, 36, 36, 37, 37, 38, 38], "b_points": [0, 1, 1, 2, 2, 3, 3, 5, 5, 5, 5, 9, 9, 9, 9, 10, 10, 11, 11, 13, 13, 13, 13, 14, 14, 15, 15, 16, 16, 20, 20, 20, 20, 20, 20, 21, 21, 25, 25, 25, 25, 25, 25, 25, 25, 29, 29, 29, 29, 29, 29, 29, 29, 30, 30, 31, 31, 32, 32, 33, 33, 31, 31, 29, 29, 27, 27, 25, 25, 23, 23, 21, 21, 25, 25, 23, 23, 21, 21, 19], "a_turns_left": [39, 39, 38, 38, 37, 37, 36, 36, 35, 35, 34, 34, 33, 33, 32, 32, 31, 31, 30, 30, 29, 29, 28, 28, 27, 27, 26, 26, 25, 25, 24, 24, 23, 23, 22, 22, 21, 21, 20, 20, 19, 19, 18, 18, 17, 17, 16, 16, 15, 15, 14, 14, 13, 13, 12, 12, 11, 11, 10, 10, 9, 9, 8, 8, 7, 7, 6, 6, 5, 5, 4, 4, 3, 3, 2, 2, 1, 1, 0, 0], "b_turns_left": [40, 39, 39, 38, 38, 37, 37, 36, 36, 35, 35, 34, 34, 33, 33, 32, 32, 31, 31, 30, 30, 29, 29, 28, 28, 27, 27, 26, 26, 25, 25, 24, 24, 23, 23, 22, 22, 21, 21, 20, 20, 19, 19, 18, 18, 17, 17, 16, 16, 15, 15, 14, 14, 13, 13, 12, 12, 11, 11, 10, 10, 9, 9, 8, 8, 7, 7, 6, 6, 5, 5, 4, 4, 3, 3, 2, 2, 1, 1, 0], "a_time_left": [358.19976175017655, 358.19976175017655, 356.39954858412966, 356.39954858412966, 354.5992932510562, 354.5992932510562, 352.7990501669701, 352.7990501669701, 352.7989570419304, 352.7989570419304, 352.79887329181656, 352.79887329181656, 350.99760129186325, 350.99760129186325, 349.1972904999275, 349.1972904999275, 347.3970867500175, 347.3970867500175, 345.59678070805967, 345.59678070805967, 343.7965472082142, 343.7965472082142, 343.7963843753096, 343.7963843753096, 341.99519587541, 341.99519587541, 340.19488875055686, 340.19488875055686, 340.1946786674671, 340.1946786674671, 340.1933997515589, 340.1933997515589, 338.3920320435427, 338.3920320435427, 336.5917935844045, 336.5917935844045, 334.7914983765222, 334.7914983765222, 334.79139620950446, 334.79139620950446, 334.7913067515474, 334.7913067515474, 332.98993920953944, 332.98993920953944, 331.18968933448195, 331.18968933448195, 329.3883654186502, 329.3883654186502, 327.58808604371734, 327.58808604371734, 327.58797966875136, 327.58797966875136, 327.5868437527679, 327.5868437527679, 327.586752086645, 327.586752086645, 325.78648012760095, 325.78648012760095, 325.78632866963744, 325.78632866963744, 323.984871044755, 323.984871044755, 323.9847610867582, 323.9847610867582, 322.1834531708155, 322.1834531708155, 322.18335542082787, 322.18335542082787, 320.38306912896223, 320.38306912896223, 320.3829618790187, 320.3829618790187, 318.58267146209255, 318.58267146209255, 316.78127816994675, 316.78127816994675, 314.9810454198159, 314.9810454198159, 313.18084941990674, 313.18084941990674], "b_time_left": [360, 359.99373912485316, 359.99373912485316, 359.9909797918517, 359.9909797918517, 359.9881855417043, 359.9881855417043, 359.9850243336987, 359.9850243336987, 359.98330641677603, 359.98330641677603, 359.9832207087893, 359.9832207087893, 359.9798705417197, 359.9798705417197, 359.9786897508893, 359.9786897508893, 359.97710287594236, 359.97710287594236, 359.97552675101906, 359.97552675101906, 359.97357725095935, 359.97357725095935, 359.9694680010434, 359.9694680010434, 359.96696762600914, 359.96696762600914, 359.96461433405057, 359.96461433405057, 359.96450312505476, 359.96450312505476, 359.9617254580371, 359.9617254580371, 359.9595824161079, 359.9595824161079, 359.9570297910832, 359.9570297910832, 359.95297108311206, 359.95297108311206, 359.95148175000213, 359.95148175000213, 359.94839687482454, 359.94839687482454, 359.9455969168339, 359.9455969168339, 359.9454856668599, 359.9454856668599, 359.94322458375245, 359.94322458375245, 359.9409812085796, 359.9409812085796, 359.93648187466897, 359.93648187466897, 359.93133012461476, 359.93133012461476, 359.9266168747563, 359.9266168747563, 359.9219181248918, 359.9219181248918, 359.9163752498571, 359.9163752498571, 359.91624720883556, 359.91624720883556, 359.91497583384626, 359.91497583384626, 359.91486566793174, 359.91486566793174, 359.914771751035, 359.914771751035, 359.91465383418836, 359.91465383418836, 359.91452437615953, 359.91452437615953, 359.9144104591105, 359.9144104591105, 359.9130588762928, 359.9130588762928, 359.91290012630634, 359.91290012630634, 359.91277729324065], "rat_caught": [false, false, false, false, false, false, false, false, false, false, false, true, false, false, false, false, false, false, false, false, false, false, true, false, false, false, false, false, false, true, true, false, false, false, false, false, false, false, false, false, true, false, false, false, false, true, false, false, false, false, true, false, false, false, false, false, false, false, true, false, false, false, true, false, false, false, false, false, false, false, false, false, false, true, false, false, false, false, false, false], "left_behind": ["prime", "prime", "carpet", "prime", "plain", "prime", "prime", "carpet", "search", "plain", "search", "search", "prime", "plain", "prime", "prime", "carpet", "prime", "plain", "carpet", "prime", "plain", "search", "prime", "prime", "prime", "prime", "prime", "search", "search", "search", "plain", "carpet", "plain", "plain", "prime", "prime", "carpet", "search", "plain", "search", "plain", "prime", "plain", "prime", "search", "carpet", "plain", "plain", "plain", "search", "plain", "search", "prime", "search", "prime", "prime", "prime", "search", "prime", "prime", "search", "search", "search", "carpet", "search", "search", "search", "carpet", "search", "search", "search", "plain", "search", "prime", "search", "prime", "search", "prime", "search"], "errlog_a": "turns=40, last_best_rat_prob=0.322, last_search_target=(2, 6), last_eval=236.30, last_depth=4384", "errlog_b": "turns=40, last_best_rat_prob=0.400, last_search_target=(1, 3), last_eval=115.72", "start_time": 360, "start_moves": 80, "turn_count": 80, "result": 0, "reason": "POINTS", "trapdoors": [[5, 5], [5, 5], [5, 5], [5, 6], [5, 6], [5, 5], [5, 5], [5, 5], [5, 5], [5, 5], [5, 5], [5, 5], [2, 3], [2, 2], [2, 2], [2, 2], [2, 2], [2, 2], [2, 2], [2, 2], [2, 3], [2, 3], [2, 3], [5, 3], [5, 3], [5, 3], [5, 4], [5, 4], [5, 4], [5, 4], [5, 4], [1, 3], [1, 3], [1, 3], [1, 3], [1, 2], [1, 3], [1, 3], [1, 2], [1, 3], [2, 3], [3, 2], [3, 1], [3, 1], [3, 2], [3, 2], [1, 4], [0, 4], [0, 4], [0, 3], [0, 2], [6, 5], [6, 4], [6, 3], [7, 3], [7, 3], [7, 3], [7, 2], [7, 2], [0, 3], [0, 3], [0, 2], [0, 2], [5, 5], [5, 5], [5, 5], [5, 5], [5, 5], [5, 5], [5, 5], [5, 5], [5, 5], [5, 5], [6, 5], [0, 3], [0, 3], [0, 4], [0, 4], [0, 4], [0, 4], [0, 4]], "spawn_a": [3, 3], "spawn_b": [4, 3]}