{"pos": [[2, 3], [4, 4], [2, 2], [4, 5], [2, 2], [3, 5], [3, 2], [2, 5], [2, 2], [2, 3], [1, 2], [1, 3], [0, 2], [1, 2], [0, 3], [1, 2], [0, 3], [3, 2], [0, 4], [4, 2], [0, 5], [4, 3], [1, 5], [5, 3], [2, 5], [6, 3], [4, 5], [4, 3], [3, 5], [3, 3], [3, 5], [3, 4], [2, 5], [3, 4], [3, 5], [2, 4], [0, 5], [2, 4], [0, 2], [2, 4], [0, 2], [5, 4], [0, 2], [6, 4], [0, 3], [6, 4], [1, 3], [6, 4], [1, 4], [6, 4], [2, 4], [6, 3], [2, 5], [6, 3], [2, 6], [6, 3], [2, 7], [6, 2], [2, 7], [7, 2], [3, 7], [7, 2], [4, 7], [7, 2], [5, 7], [7, 3], [5, 7], [7, 3], [5, 6], [7, 4], [5, 5], [7, 4], [5, 4], [7, 4], [5, 7], [7, 4], [5, 7], [7, 2], [5, 7], [7, 3]], "a_points": [1, 1, 2, 2, 6, 6, 6, 6, 7, 7, 8, 8, 9, 9, 10, 10, 14, 14, 15, 15, 16, 16, 17, 17, 18, 18, 20, 20, 20, 20, 18, 18, 18, 18, 19, 19, 23, 23, 27, 27, 25, 25, 23, 23, 23, 23, 23, 23, 24, 24, 25, 25, 25, 25, 25, 25, 26, 26, 30, 30, 31, 31, 32, 32, 33, 33, 31, 31, 32, 32, 33, 33, 34, 34, 38, 38, 36, 36, 40, 40], "b_points": [0, 1, 1, 2, 2, 3, 3, 4, 4, 6, 6, 6, 6, 5, 5, 3, 3, 5, 5, 5, 5, 6, 6, 7, 7, 8, 8, 10, 10, 10, 10, 11, 11, 9, 9, 10, 10, 8, 8, 6, 6, 10, 10, 10, 10, 8, 8, 6, 6, 4, 4, 5, 5, 3, 3, 7, 7, 8, 8, 9, 9, 7, 7, 11, 11, 12, 12, 16, 16, 17, 17, 15, 15, 13, 13, 11, 11, 13, 13, 13], "a_turns_left": [39, 39, 38, 38, 37, 37, 36, 36, 35, 35, 34, 34, 33, 33, 32, 32, 31, 31, 30, 30, 29, 29, 28, 28, 27, 27, 26, 26, 25, 25, 24, 24, 23, 23, 22, 22, 21, 21, 20, 20, 19, 19, 18, 18, 17, 17, 16, 16, 15, 15, 14, 14, 13, 13, 12, 12, 11, 11, 10, 10, 9, 9, 8, 8, 7, 7, 6, 6, 5, 5, 4, 4, 3, 3, 2, 2, 1, 1, 0, 0], "b_turns_left": [40, 39, 39, 38, 38, 37, 37, 36, 36, 35, 35, 34, 34, 33, 33, 32, 32, 31, 31, 30, 30, 29, 29, 28, 28, 27, 27, 26, 26, 25, 25, 24, 24, 23, 23, 22, 22, 21, 21, 20, 20, 19, 19, 18, 18, 17, 17, 16, 16, 15, 15, 14, 14, 13, 13, 12, 12, 11, 11, 10, 10, 9, 9, 8, 8, 7, 7, 6, 6, 5, 5, 4, 4, 3, 3, 2, 2, 1, 1, 0], "a_time_left": [235.35394620895386, 235.35394620895386, 230.75341420876794, 230.75341420876794, 230.75326533359475, 230.75326533359475, 226.15196375059895, 226.15196375059895, 221.55130741745234, 221.55130741745234, 216.95094337547198, 216.95094337547198, 212.3496788344346, 212.3496788344346, 207.74791916832328, 207.74791916832328, 207.7475672524888, 207.7475672524888, 203.14552121050656, 203.14552121050656, 198.54257546039298, 198.54257546039298, 193.94226829335093, 193.94226829335093, 189.34168425225653, 189.34168425225653, 184.74139608629048, 184.74139608629048, 180.14109242032282, 180.14109242032282, 180.14099021232687, 180.14099021232687, 175.54037979640998, 175.54037979640998, 170.93992617120966, 170.93992617120966, 166.3396005462855, 166.3396005462855, 161.73850721330382, 161.73850721330382, 161.73773813038133, 161.73773813038133, 161.73763983836398, 161.73763983836398, 157.13733346317895, 157.13733346317895, 152.53691775514744, 152.53691775514744, 147.9365728800185, 147.9365728800185, 143.33524196315557, 143.33524196315557, 138.7349412550684, 138.7349412550684, 134.13451254717074, 134.13451254717074, 129.53311871318147, 129.53311871318147, 129.5325841291342, 129.5325841291342, 124.93113417108543, 124.93113417108543, 120.33074183715507, 120.33074183715507, 115.72944379528053, 115.72944379528053, 115.72907333727926, 115.72907333727926, 111.12774137943052, 111.12774137943052, 106.5271925884299, 106.5271925884299, 101.92697071353905, 101.92697071353905, 97.32670875568874, 97.32670875568874, 97.32660267176107, 97.32660267176107, 97.32651004684158, 97.32651004684158], "b_time_left": [240, 239.99168466613628, 239.99168466613628, 239.98718824912794, 239.98718824912794, 239.9809912070632, 239.9809912070632, 239.97462624800391, 239.97462624800391, 239.97170083108358, 239.97170083108358, 239.96937203919515, 239.96937203919515, 239.96042687329464, 239.96042687329464, 239.95781133137643, 239.95781133137643, 239.95492445654236, 239.95492445654236, 239.95129637350328, 239.95129637350328, 239.9482556656003, 239.9482556656003, 239.94229170656763, 239.94229170656763, 239.93874295661226, 239.93874295661226, 239.93599812244065, 239.93599812244065, 239.93338587251492, 239.93338587251492, 239.92987733054906, 239.92987733054906, 239.92755733057857, 239.92755733057857, 239.92518278956413, 239.92518278956413, 239.92458637361415, 239.92458637361415, 239.9228965814691, 239.9228965814691, 239.9202082066331, 239.9202082066331, 239.9188559986651, 239.9188559986651, 239.91824908251874, 239.91824908251874, 239.91813374962658, 239.91813374962658, 239.91778133274056, 239.91778133274056, 239.91459308285266, 239.91459308285266, 239.91421579080634, 239.91421579080634, 239.9140282489825, 239.9140282489825, 239.90873183310032, 239.90873183310032, 239.904487749096, 239.904487749096, 239.90407362394035, 239.90407362394035, 239.90391474892385, 239.90391474892385, 239.89761691493914, 239.89761691493914, 239.89721449906938, 239.89721449906938, 239.8855132900644, 239.8855132900644, 239.88539170706645, 239.88539170706645, 239.88520120712928, 239.88520120712928, 239.88509595696814, 239.88509595696814, 239.88403749885038, 239.88403749885038, 239.88255708292127], "rat_caught": [false, false, false, false, true, false, false, false, false, false, false, false, false, false, false, false, true, false, false, false, false, false, false, false, false, false, false, false, false, false, false, false, false, false, false, false, false, false, false, false, false, false, false, false, false, false, false, false, false, false, false, false, false, false, false, true, false, false, true, false, false, false, false, true, false, false, false, true, false, false, false, false, false, false, false, false, false, false, true, false], "left_behind": ["prime", "prime", "prime", "prime", "search", "prime", "plain", "prime", "prime", "carpet", "prime", "plain", "prime", "carpet", "prime", "search", "search", "carpet", "prime", "plain", "prime", "prime", "prime", "prime", "prime", "prime", "carpet", "carpet", "plain", "plain", "search", "prime", "plain", "search", "prime", "prime", "carpet", "search", "carpet", "search", "search", "carpet", "search", "plain", "plain", "search", "plain", "search", "prime", "search", "prime", "prime", "plain", "search", "plain", "search", "prime", "prime", "search", "prime", "prime", "search", "prime", "search", "prime", "prime", "search", "search", "prime", "prime", "prime", "search", "prime", "search", "carpet", "search", "search", "carpet", "search", "plain"], "errlog_a": "turns=40, last_best_rat_prob=0.742, last_search_target=(7, 7), last_eval=2.45, last_depth=0, search_miss_streak=2", "errlog_b": "turns=40, last_best_rat_prob=0.265, last_search_target=(1, 7), last_eval=-452.64", "start_time": 240, "start_moves": 80, "turn_count": 80, "result": 0, "reason": "POINTS", "trapdoors": [[7, 5], [7, 5], [7, 5], [7, 5], [7, 6], [4, 0], [4, 0], [4, 0], [4, 0], [4, 0], [4, 0], [4, 0], [4, 0], [5, 0], [5, 0], [6, 0], [7, 0], [5, 0], [5, 0], [5, 0], [5, 0], [5, 0], [5, 0], [6, 0], [6, 0], [6, 1], [6, 1], [6, 1], [6, 1], [6, 2], [6, 3], [6, 4], [6, 5], [6, 5], [6, 6], [6, 6], [6, 6], [6, 7], [6, 7], [5, 7], [4, 7], [4, 7], [4, 7], [4, 7], [4, 7], [4, 7], [4, 7], [4, 6], [4, 6], [4, 6], [4, 6], [4, 7], [4, 7], [3, 7], [2, 7], [2, 7], [4, 7], [3, 7], [2, 7], [7, 1], [7, 1], [7, 1], [7, 2], [7, 2], [0, 4], [0, 3], [0, 3], [0, 3], [7, 4], [7, 4], [7, 5], [7, 5], [7, 6], [7, 6], [7, 6], [7, 7], [7, 7], [7, 7], [7, 7], [2, 7], [1, 7]], "spawn_a": [2, 4], "spawn_b": [5, 4]}