{"pos": [[3, 4], [5, 5], [2, 4], [5, 4], [2, 5], [5, 4], [1, 5], [5, 4], [0, 5], [5, 5], [4, 5], [5, 4], [4, 5], [4, 4], [4, 5], [4, 3], [4, 5], [3, 3], [4, 6], [3, 3], [3, 6], [3, 2], [2, 6], [3, 2], [4, 6], [3, 2], [4, 6], [3, 2], [4, 6], [3, 1], [4, 6], [3, 0], [4, 7], [3, 4], [3, 7], [5, 4], [2, 7], [5, 3], [2, 6], [5, 3], [2, 5], [5, 3], [2, 5], [6, 3], [2, 7], [7, 3], [4, 7], [7, 3], [5, 7], [5, 3], [5, 7], [5, 2], [5, 6], [5, 1], [5, 5], [5, 1], [5, 7], [5, 0], [5, 6], [5, 0], [5, 5], [4, 0], [5, 4], [3, 0], [5, 3], [5, 0], [5, 1], [4, 0], [5, 1], [4, 1], [5, 1], [4, 2], [5, 1], [4, 3], [4, 1], [5, 3], [4, 1], [4, 3], [4, 2], [3, 3]], "a_points": [1, 1, 2, 2, 3, 3, 4, 4, 5, 5, 11, 11, 9, 9, 7, 7, 5, 5, 5, 5, 6, 6, 7, 7, 9, 9, 7, 7, 5, 5, 9, 9, 9, 9, 10, 10, 11, 11, 12, 12, 13, 13, 17, 17, 19, 19, 21, 21, 21, 21, 25, 25, 26, 26, 27, 27, 29, 29, 29, 29, 29, 29, 29, 29, 29, 29, 31, 31, 35, 35, 39, 39, 43, 43, 42, 42, 46, 46, 45, 45], "b_points": [0, 1, 1, 2, 2, 6, 6, 10, 10, 9, 9, 9, 9, 10, 10, 11, 11, 11, 11, 9, 9, 10, 10, 8, 8, 6, 6, 10, 10, 11, 11, 12, 12, 18, 18, 20, 20, 20, 20, 18, 18, 16, 16, 17, 17, 18, 18, 22, 22, 24, 24, 24, 24, 25, 25, 23, 23, 24, 24, 28, 28, 29, 29, 30, 30, 32, 32, 32, 32, 32, 32, 33, 33, 34, 34, 34, 34, 34, 34, 35], "a_turns_left": [39, 39, 38, 38, 37, 37, 36, 36, 35, 35, 34, 34, 33, 33, 32, 32, 31, 31, 30, 30, 29, 29, 28, 28, 27, 27, 26, 26, 25, 25, 24, 24, 23, 23, 22, 22, 21, 21, 20, 20, 19, 19, 18, 18, 17, 17, 16, 16, 15, 15, 14, 14, 13, 13, 12, 12, 11, 11, 10, 10, 9, 9, 8, 8, 7, 7, 6, 6, 5, 5, 4, 4, 3, 3, 2, 2, 1, 1, 0, 0], "b_turns_left": [40, 39, 39, 38, 38, 37, 37, 36, 36, 35, 35, 34, 34, 33, 33, 32, 32, 31, 31, 30, 30, 29, 29, 28, 28, 27, 27, 26, 26, 25, 25, 24, 24, 23, 23, 22, 22, 21, 21, 20, 20, 19, 19, 18, 18, 17, 17, 16, 16, 15, 15, 14, 14, 13, 13, 12, 12, 11, 11, 10, 10, 9, 9, 8, 8, 7, 7, 6, 6, 5, 5, 4, 4, 3, 3, 2, 2, 1, 1, 0], "a_time_left": [359.9955102079548, 359.9955102079548, 359.96512708300725, 359.96512708300725, 359.95858358289115, 359.95858358289115, 359.9529388740193, 359.9529388740193, 359.9482375411317, 359.9482375411317, 359.94673629128374, 359.94673629128374, 359.94664316624403, 359.94664316624403, 359.946555333212, 359.946555333212, 359.9464692911133, 359.9464692911133, 359.9427508742083, 359.9427508742083, 359.9369799993001, 359.9369799993001, 359.9324191242922, 359.9324191242922, 359.9290059581399, 359.9290059581399, 359.92892841622233, 359.92892841622233, 359.92782704136334, 359.92782704136334, 359.9277420414146, 359.9277420414146, 359.9232662913855, 359.9232662913855, 359.9210846244823, 359.9210846244823, 359.918593082577, 359.918593082577, 359.9162735824939, 359.9162735824939, 359.913874624297, 359.913874624297, 359.9137995822821, 359.9137995822821, 359.9105695823673, 359.9105695823673, 359.90956995729357, 359.90956995729357, 359.9071407071315, 359.9071407071315, 359.90705408202484, 359.90705408202484, 359.90390728996135, 359.90390728996135, 359.9016674978193, 359.9016674978193, 359.8997549149208, 359.8997549149208, 359.89912049798295, 359.89912049798295, 359.89729191479273, 359.89729191479273, 359.89553212281317, 359.89553212281317, 359.89405678980984, 359.89405678980984, 359.8928412068635, 359.8928412068635, 359.89276828989387, 359.89276828989387, 359.8915642898064, 359.8915642898064, 359.8876183726825, 359.8876183726825, 359.88510433165357, 359.88510433165357, 359.8850202898029, 359.8850202898029, 359.88325762283057, 359.88325762283057], "b_time_left": [360, 359.99360937508754, 359.99360937508754, 359.9845660000574, 359.9845660000574, 359.9844720000401, 359.9844720000401, 359.98332941695116, 359.98332941695116, 359.9795843749307, 359.9795843749307, 359.978148791939, 359.978148791939, 359.9745179170277, 359.9745179170277, 359.97193929203786, 359.97193929203786, 359.9675081251189, 359.9675081251189, 359.96742679108866, 359.96742679108866, 359.961532416055, 359.961532416055, 359.9614406658802, 359.9614406658802, 359.961354915984, 359.961354915984, 359.96124958316796, 359.96124958316796, 359.95676600025035, 359.95676600025035, 359.9523248751648, 359.9523248751648, 359.9491597081069, 359.9491597081069, 359.94718083320186, 359.94718083320186, 359.94466183311306, 359.94466183311306, 359.9445760000963, 359.9445760000963, 359.9444987499155, 359.9444987499155, 359.9394647500012, 359.9394647500012, 359.9369470831007, 359.9369470831007, 359.9368627911899, 359.9368627911899, 359.9340762081556, 359.9340762081556, 359.93144683307037, 359.93144683307037, 359.92668170807883, 359.92668170807883, 359.9266023330856, 359.9266023330856, 359.92508408310823, 359.92508408310823, 359.92501016613096, 359.92501016613096, 359.92219191626646, 359.92219191626646, 359.9195502072107, 359.9195502072107, 359.91779358219355, 359.91779358219355, 359.9173249981832, 359.9173249981832, 359.91534079029225, 359.91534079029225, 359.91223720717244, 359.91223720717244, 359.9085988739971, 359.9085988739971, 359.90506999893114, 359.90506999893114, 359.90249974885955, 359.90249974885955, 359.9021380406339], "rat_caught": [false, false, false, false, false, true, false, true, false, false, false, false, false, false, false, false, false, false, false, false, false, false, false, false, false, false, false, true, false, false, true, false, false, false, false, false, false, false, false, false, false, false, true, false, false, false, false, true, false, false, true, false, false, false, false, false, false, false, false, true, false, false, false, false, false, false, false, false, true, false, true, false, true, false, false, false, true, false, false, false], "left_behind": ["prime", "prime", "prime", "prime", "prime", "search", "prime", "search", "prime", "carpet", "carpet", "plain", "search", "prime", "search", "prime", "search", "plain", "plain", "search", "prime", "prime", "prime", "search", "carpet", "search", "search", "search", "search", "prime", "search", "prime", "plain", "carpet", "prime", "carpet", "prime", "plain", "prime", "search", "prime", "search", "search", "prime", "carpet", "prime", "carpet", "search", "plain", "carpet", "search", "plain", "prime", "prime", "prime", "search", "carpet", "prime", "plain", "search", "plain", "prime", "plain", "prime", "plain", "carpet", "carpet", "plain", "search", "plain", "search", "prime", "search", "prime", "carpet", "plain", "search", "plain", "carpet", "prime"], "errlog_a": "turns=40, last_best_rat_prob=0.189, last_search_target=(7, 5), last_eval=131.55", "errlog_b": "turns=40, last_best_rat_prob=0.233, last_search_target=(2, 0), last_eval=-143.35", "start_time": 360, "start_moves": 80, "turn_count": 80, "result": 0, "reason": "POINTS", "trapdoors": [[1, 2], [1, 2], [1, 1], [1, 0], [2, 0], [2, 0], [0, 2], [0, 1], [3, 4], [3, 4], [3, 4], [3, 3], [3, 3], [3, 2], [4, 2], [3, 2], [3, 2], [3, 2], [3, 1], [3, 1], [4, 1], [5, 1], [5, 1], [5, 1], [5, 1], [5, 2], [5, 2], [5, 2], [3, 6], [4, 6], [4, 6], [0, 3], [0, 4], [0, 4], [0, 4], [0, 3], [1, 3], [1, 2], [1, 2], [1, 2], [1, 2], [2, 2], [2, 2], [6, 5], [6, 5], [6, 5], [6, 5], [6, 5], [5, 0], [6, 0], [6, 0], [4, 0], [4, 0], [5, 0], [6, 0], [7, 0], [7, 0], [7, 0], [7, 1], [7, 1], [1, 3], [1, 3], [1, 3], [1, 3], [1, 3], [1, 3], [1, 3], [1, 3], [1, 3], [0, 6], [0, 6], [6, 1], [6, 1], [4, 0], [4, 0], [4, 0], [4, 0], [1, 6], [1, 6], [1, 6], [1, 5]], "spawn_a": [3, 5], "spawn_b": [4, 5]}