{"pos": [[2, 5], [4, 4], [2, 6], [4, 3], [3, 6], [4, 2], [4, 6], [4, 2], [4, 3], [4, 1], [3, 3], [4, 0], [2, 3], [4, 0], [1, 3], [4, 0], [1, 3], [4, 0], [0, 3], [4, 0], [3, 3], [4, 0], [3, 3], [4, 0], [3, 2], [4, 0], [3, 3], [4, 0], [2, 3], [4, 2], [2, 4], [4, 2], [3, 4], [5, 2], [3, 3], [5, 3], [3, 6], [5, 4], [4, 6], [5, 4], [4, 6], [5, 5], [4, 6], [5, 5], [4, 6], [5, 5], [5, 6], [5, 5], [5, 6], [5, 2], [5, 7], [6, 2], [5, 7], [6, 3], [4, 7], [6, 4], [4, 7], [7, 4], [3, 7], [7, 3], [3, 7], [7, 2], [3, 7], [7, 2], [3, 7], [7, 4], [3, 6], [7, 4], [3, 6], [6, 4], [5, 6], [6, 2], [5, 7], [6, 2], [3, 7], [6, 2], [3, 7], [7, 2], [2, 7], [7, 2]], "a_points": [1, 1, 2, 2, 3, 3, 4, 4, 8, 8, 8, 8, 9, 9, 10, 10, 8, 8, 9, 9, 13, 13, 11, 11, 11, 11, 12, 12, 12, 12, 12, 12, 13, 13, 14, 14, 18, 18, 18, 18, 16, 16, 14, 14, 12, 12, 13, 13, 17, 17, 18, 18, 22, 22, 23, 23, 27, 27, 28, 28, 26, 26, 24, 24, 22, 22, 23, 23, 27, 27, 29, 29, 28, 28, 30, 30, 34, 34, 34, 34], "b_points": [0, 1, 1, 2, 2, 3, 3, 1, 1, 2, 2, 3, 3, 1, 1, -1, -1, -3, -3, -5, -5, -7, -7, -9, -9, -11, -11, -13, -13, -11, -11, -7, -7, -7, -7, -6, -6, -5, -5, -7, -7, -6, -6, -8, -8, -10, -10, -6, -6, -2, -2, -2, -2, -1, -1, 0, 0, 1, 1, 2, 2, 3, 3, 7, 7, 9, 9, 7, 7, 6, 6, 8, 8, 12, 12, 10, 10, 10, 10, 8], "a_turns_left": [39, 39, 38, 38, 37, 37, 36, 36, 35, 35, 34, 34, 33, 33, 32, 32, 31, 31, 30, 30, 29, 29, 28, 28, 27, 27, 26, 26, 25, 25, 24, 24, 23, 23, 22, 22, 21, 21, 20, 20, 19, 19, 18, 18, 17, 17, 16, 16, 15, 15, 14, 14, 13, 13, 12, 12, 11, 11, 10, 10, 9, 9, 8, 8, 7, 7, 6, 6, 5, 5, 4, 4, 3, 3, 2, 2, 1, 1, 0, 0], "b_turns_left": [40, 39, 39, 38, 38, 37, 37, 36, 36, 35, 35, 34, 34, 33, 33, 32, 32, 31, 31, 30, 30, 29, 29, 28, 28, 27, 27, 26, 26, 25, 25, 24, 24, 23, 23, 22, 22, 21, 21, 20, 20, 19, 19, 18, 18, 17, 17, 16, 16, 15, 15, 14, 14, 13, 13, 12, 12, 11, 11, 10, 10, 9, 9, 8, 8, 7, 7, 6, 6, 5, 5, 4, 4, 3, 3, 2, 2, 1, 1, 0], "a_time_left": [358.199376540957, 358.199376540957, 356.3990448329132, 356.3990448329132, 354.5979644579347, 354.5979644579347, 352.79649983299896, 352.79649983299896, 350.99610795802437, 350.99610795802437, 349.1957022079732, 349.1957022079732, 347.39543641591445, 347.39543641591445, 345.595061250031, 345.595061250031, 345.5947050000541, 345.5947050000541, 343.7943952078931, 343.7943952078931, 341.99407579074614, 341.99407579074614, 341.9939436658751, 341.9939436658751, 340.19367591594346, 340.19367591594346, 338.3934228750877, 338.3934228750877, 336.59311500005424, 336.59311500005424, 334.7928390840534, 334.7928390840534, 332.99143037502654, 332.99143037502654, 331.1911752501037, 331.1911752501037, 329.3908778340556, 329.3908778340556, 327.5905798750464, 327.5905798750464, 327.5904459999874, 327.5904459999874, 327.5903387919534, 327.5903387919534, 327.5902495009359, 327.5902495009359, 325.78999970899895, 325.78999970899895, 325.7889587089885, 325.7889587089885, 323.98779787519015, 323.98779787519015, 323.9877002912108, 323.9877002912108, 322.18652116623707, 322.18652116623707, 322.1864264162723, 322.1864264162723, 320.3852144163102, 320.3852144163102, 320.38506070734, 320.38506070734, 320.38496883236803, 320.38496883236803, 320.38394712330773, 320.38394712330773, 318.58373562339693, 318.58373562339693, 318.5836333313491, 318.5836333313491, 316.7824774563778, 316.7824774563778, 314.9822783314157, 314.9822783314157, 313.18101504049264, 313.18101504049264, 313.18092583236285, 313.18092583236285, 311.37979724933393, 311.37979724933393], "b_time_left": [360, 359.99585037492216, 359.99585037492216, 359.9906145830173, 359.9906145830173, 359.98249508300796, 359.98249508300796, 359.9823758751154, 359.9823758751154, 359.9775001660455, 359.9775001660455, 359.9724811660126, 359.9724811660126, 359.97224583197385, 359.97224583197385, 359.97212158190086, 359.97212158190086, 359.97203091485426, 359.97203091485426, 359.97192474873737, 359.97192474873737, 359.97172516561113, 359.97172516561113, 359.9716321658343, 359.9716321658343, 359.97151545784436, 359.97151545784436, 359.9714018749073, 359.9714018749073, 359.9694232917391, 359.9694232917391, 359.9692349168472, 359.9692349168472, 359.96579595888034, 359.96579595888034, 359.9629324169364, 359.9629324169364, 359.95936695788987, 359.95936695788987, 359.95918099884875, 359.95918099884875, 359.9553379579447, 359.9553379579447, 359.9552392489277, 359.9552392489277, 359.9551652490627, 359.9551652490627, 359.9550633318722, 359.9550633318722, 359.9522392898798, 359.9522392898798, 359.9499294979032, 359.9499294979032, 359.9459289149381, 359.9459289149381, 359.9420124979224, 359.9420124979224, 359.9376974559855, 359.9376974559855, 359.93549520592205, 359.93549520592205, 359.93333670590073, 359.93333670590073, 359.9332548310049, 359.9332548310049, 359.9308200390078, 359.9308200390078, 359.9306951640174, 359.9306951640174, 359.9287987058051, 359.9287987058051, 359.92748195584863, 359.92748195584863, 359.92617483087815, 359.92617483087815, 359.92509958078153, 359.92509958078153, 359.9228786227759, 359.9228786227759, 359.9227538728155], "rat_caught": [false, false, false, false, false, false, false, false, false, false, false, false, false, false, false, false, false, false, false, false, false, false, false, false, false, false, false, false, false, false, false, true, false, false, false, false, false, false, false, false, false, false, false, false, false, false, false, true, true, false, false, false, true, false, false, false, true, false, false, false, false, false, false, true, false, false, false, false, true, false, false, false, false, true, false, false, true, false, false, false], "left_behind": ["prime", "prime", "prime", "prime", "prime", "prime", "prime", "search", "carpet", "prime", "plain", "prime", "prime", "search", "prime", "search", "search", "search", "prime", "search", "carpet", "search", "search", "search", "plain", "search", "prime", "search", "plain", "carpet", "plain", "search", "prime", "plain", "prime", "prime", "carpet", "prime", "plain", "search", "search", "prime", "search", "search", "search", "search", "prime", "search", "search", "carpet", "prime", "plain", "search", "prime", "prime", "prime", "search", "prime", "prime", "prime", "search", "prime", "search", "search", "search", "carpet", "prime", "search", "search", "carpet", "carpet", "carpet", "carpet", "search", "carpet", "search", "search", "plain", "plain", "search"], "errlog_a": "turns=40, last_best_rat_prob=0.227, last_search_target=(2, 2), last_eval=383.55, last_depth=4191", "errlog_b": "turns=40, last_best_rat_prob=0.770, last_search_target=(2, 6), last_eval=-415.27", "start_time": 360, "start_moves": 80, "turn_count": 80, "result": 0, "reason": "POINTS", "trapdoors": [[5, 3], [5, 3], [6, 3], [5, 3], [5, 3], [5, 3], [6, 3], [6, 2], [6, 2], [6, 2], [6, 3], [6, 3], [6, 3], [6, 3], [6, 2], [6, 2], [6, 2], [6, 2], [6, 2], [6, 2], [5, 2], [5, 2], [5, 2], [4, 2], [4, 2], [5, 2], [5, 2], [5, 1], [5, 1], [5, 1], [5, 1], [5, 1], [4, 7], [3, 7], [3, 7], [3, 7], [3, 7], [3, 7], [3, 7], [3, 7], [3, 7], [4, 7], [4, 7], [5, 7], [6, 7], [6, 7], [6, 6], [5, 6], [5, 5], [4, 7], [4, 7], [4, 7], [5, 7], [4, 2], [4, 2], [5, 2], [5, 2], [0, 5], [0, 5], [0, 5], [0, 5], [0, 6], [0, 6], [1, 6], [2, 4], [1, 4], [1, 5], [1, 6], [1, 6], [5, 2], [5, 2], [5, 3], [5, 3], [5, 3], [2, 7], [2, 7], [2, 7], [1, 5], [1, 5], [1, 5], [1, 6]], "spawn_a": [3, 5], "spawn_b": [4, 5]}