{"pos": [[3, 6], [4, 6], [3, 7], [4, 7], [3, 5], [4, 5], [2, 5], [4, 4], [2, 5], [4, 3], [2, 4], [4, 2], [2, 3], [4, 1], [2, 2], [4, 0], [2, 1], [4, 4], [2, 0], [4, 4], [2, 5], [5, 4], [2, 5], [5, 5], [2, 5], [5, 6], [2, 6], [5, 6], [2, 7], [5, 7], [2, 7], [5, 4], [2, 7], [5, 3], [2, 7], [5, 2], [2, 7], [5, 1], [2, 7], [5, 1], [3, 7], [5, 0], [4, 7], [5, 3], [4, 7], [6, 3], [5, 7], [6, 4], [5, 7], [6, 5], [5, 7], [6, 5], [2, 7], [7, 5], [2, 7], [7, 4], [2, 7], [7, 3], [2, 7], [7, 5], [3, 7], [6, 5], [3, 6], [6, 5], [3, 5], [6, 3], [3, 5], [7, 3], [3, 4], [6, 3], [3, 4], [5, 3], [3, 4], [4, 3], [3, 4], [3, 3], [3, 5], [3, 2], [3, 5], [3, 2]], "a_points": [1, 1, 2, 2, 4, 4, 4, 4, 8, 8, 9, 9, 10, 10, 11, 11, 12, 12, 13, 13, 23, 23, 21, 21, 19, 19, 19, 19, 20, 20, 18, 18, 22, 22, 26, 26, 24, 24, 22, 22, 23, 23, 24, 24, 28, 28, 29, 29, 27, 27, 25, 25, 29, 29, 33, 33, 31, 31, 35, 35, 35, 35, 35, 35, 35, 35, 39, 39, 39, 39, 37, 37, 35, 35, 39, 39, 40, 40, 38, 38], "b_points": [0, 1, 1, 2, 2, 4, 4, 4, 4, 5, 5, 6, 6, 7, 7, 8, 8, 14, 14, 18, 18, 18, 18, 19, 19, 20, 20, 24, 24, 25, 25, 29, 29, 29, 29, 30, 30, 31, 31, 35, 35, 36, 36, 40, 40, 40, 40, 41, 41, 42, 42, 46, 46, 47, 47, 48, 48, 49, 49, 51, 51, 50, 50, 54, 54, 56, 56, 56, 56, 57, 57, 57, 57, 57, 57, 57, 57, 58, 58, 56], "a_turns_left": [39, 39, 38, 38, 37, 37, 36, 36, 35, 35, 34, 34, 33, 33, 32, 32, 31, 31, 30, 30, 29, 29, 28, 28, 27, 27, 26, 26, 25, 25, 24, 24, 23, 23, 22, 22, 21, 21, 20, 20, 19, 19, 18, 18, 17, 17, 16, 16, 15, 15, 14, 14, 13, 13, 12, 12, 11, 11, 10, 10, 9, 9, 8, 8, 7, 7, 6, 6, 5, 5, 4, 4, 3, 3, 2, 2, 1, 1, 0, 0], "b_turns_left": [40, 39, 39, 38, 38, 37, 37, 36, 36, 35, 35, 34, 34, 33, 33, 32, 32, 31, 31, 30, 30, 29, 29, 28, 28, 27, 27, 26, 26, 25, 25, 24, 24, 23, 23, 22, 22, 21, 21, 20, 20, 19, 19, 18, 18, 17, 17, 16, 16, 15, 15, 14, 14, 13, 13, 12, 12, 11, 11, 10, 10, 9, 9, 8, 8, 7, 7, 6, 6, 5, 5, 4, 4, 3, 3, 2, 2, 1, 1, 0], "a_time_left": [358.1997097500134, 358.1997097500134, 356.3995013751555, 356.3995013751555, 354.59925387520343, 354.59925387520343, 352.7988522502128, 352.7988522502128, 352.7987419583369, 352.7987419583369, 350.99754787446, 350.99754787446, 349.1972159163561, 349.1972159163561, 347.3969569164328, 347.3969569164328, 345.5967040823307, 345.5967040823307, 343.7964685403276, 343.7964685403276, 341.9951147483662, 341.9951147483662, 341.99483995721675, 341.99483995721675, 341.99472966534086, 341.99472966534086, 340.18999187345617, 340.18999187345617, 338.3872085392941, 338.3872085392941, 338.3871074563358, 338.3871074563358, 338.38701087329537, 338.38701087329537, 338.38587199826725, 338.38587199826725, 338.3847321232315, 338.3847321232315, 338.38464441429824, 338.38464441429824, 336.5833199142944, 336.5833199142944, 334.78305966430344, 334.78305966430344, 334.78296216437593, 334.78296216437593, 332.9816912054084, 332.9816912054084, 332.9815499554388, 332.9815499554388, 332.9814548303839, 332.9814548303839, 331.1801359974779, 331.1801359974779, 331.1800367895048, 331.1800367895048, 331.1789235805627, 331.1789235805627, 331.17883087159134, 331.17883087159134, 329.3774946627673, 329.3774946627673, 327.5771959547419, 327.5771959547419, 325.77464057994075, 325.77464057994075, 325.770999455126, 325.770999455126, 323.9696876220405, 323.9696876220405, 323.9695851630531, 323.9695851630531, 323.96949499612674, 323.96949499612674, 323.9694095382001, 323.9694095382001, 322.1682033292018, 322.1682033292018, 322.1680984131526, 322.1680984131526], "b_time_left": [360, 359.9939556249883, 359.9939556249883, 359.9909248750191, 359.9909248750191, 359.9882693749387, 359.9882693749387, 359.9864605420735, 359.9864605420735, 359.9807275000494, 359.9807275000494, 359.974559500115, 359.974559500115, 359.9670640830882, 359.9670640830882, 359.96252650022507, 359.96252650022507, 359.9595831662882, 359.9595831662882, 359.9594727912918, 359.9594727912918, 359.9538951662835, 359.9538951662835, 359.94909891625866, 359.94909891625866, 359.94577662437223, 359.94577662437223, 359.94279016624205, 359.94279016624205, 359.938873707084, 359.938873707084, 359.93675099825487, 359.93675099825487, 359.93284199829213, 359.93284199829213, 359.9273464982398, 359.9273464982398, 359.92422095732763, 359.92422095732763, 359.9241333324462, 359.9241333324462, 359.91972683230415, 359.91972683230415, 359.91749654035084, 359.91749654035084, 359.91327237454243, 359.91327237454243, 359.9106509576086, 359.9106509576086, 359.9072082915809, 359.9072082915809, 359.9071232075803, 359.9071232075803, 359.90400979155675, 359.90400979155675, 359.90149729163386, 359.90149729163386, 359.9001558746677, 359.9001558746677, 359.898173999507, 359.898173999507, 359.89711412461475, 359.89711412461475, 359.89699033275247, 359.89699033275247, 359.8940607486293, 359.8940607486293, 359.89116612356156, 359.89116612356156, 359.8893059566617, 359.8893059566617, 359.8869454986416, 359.8869454986416, 359.8846957066562, 359.8846957066562, 359.881269706646, 359.881269706646, 359.8773354566656, 359.8773354566656, 359.87724145664833], "rat_caught": [false, false, false, false, false, false, false, false, true, false, false, false, false, false, false, false, false, false, false, true, false, false, false, false, false, false, false, true, false, false, false, false, true, false, true, false, false, false, false, true, false, false, false, false, true, false, false, false, false, false, false, true, false, false, true, false, false, false, true, false, false, false, false, true, false, false, true, false, false, false, false, false, false, false, true, false, false, false, false, false], "left_behind": ["prime", "prime", "prime", "prime", "carpet", "carpet", "plain", "plain", "search", "prime", "prime", "prime", "prime", "prime", "prime", "prime", "prime", "carpet", "prime", "search", "carpet", "plain", "search", "prime", "search", "prime", "plain", "search", "prime", "prime", "search", "carpet", "search", "plain", "search", "prime", "search", "prime", "search", "search", "prime", "prime", "prime", "carpet", "search", "plain", "prime", "prime", "search", "prime", "search", "search", "carpet", "prime", "search", "prime", "search", "prime", "search", "carpet", "plain", "carpet", "plain", "search", "plain", "carpet", "search", "plain", "plain", "prime", "search", "plain", "search", "plain", "search", "plain", "prime", "prime", "search", "search"], "errlog_a": "turns=40, last_best_rat_prob=0.499, last_search_target=(2, 6), last_eval=0.99, last_depth=0", "errlog_b": "turns=40, last_best_rat_prob=0.349, last_search_target=(1, 6), last_eval=362.61", "start_time": 360, "start_moves": 80, "turn_count": 80, "result": 1, "reason": "POINTS", "trapdoors": [[4, 5], [4, 4], [4, 4], [3, 4], [2, 4], [2, 4], [2, 4], [2, 4], [2, 4], [6, 2], [6, 1], [5, 1], [5, 1], [5, 1], [6, 1], [6, 1], [6, 1], [6, 1], [5, 1], [5, 1], [3, 7], [2, 7], [2, 7], [3, 7], [3, 7], [3, 7], [4, 7], [4, 7], [6, 1], [6, 1], [6, 1], [6, 0], [6, 0], [5, 2], [5, 2], [5, 1], [5, 1], [4, 1], [4, 1], [4, 1], [4, 5], [5, 5], [5, 5], [5, 5], [5, 5], [5, 1], [4, 1], [3, 1], [3, 2], [3, 3], [3, 4], [3, 4], [3, 1], [3, 1], [4, 1], [4, 5], [4, 5], [4, 5], [4, 4], [3, 3], [3, 4], [3, 4], [3, 4], [3, 4], [2, 4], [2, 4], [2, 4], [4, 2], [4, 2], [4, 2], [4, 2], [4, 2], [4, 2], [4, 2], [4, 2], [1, 5], [1, 6], [1, 7], [2, 7], [3, 7], [4, 7]], "spawn_a": [3, 5], "spawn_b": [4, 5]}