{"pos": [[2, 2], [4, 3], [1, 2], [3, 3], [0, 2], [3, 2], [0, 2], [3, 2], [0, 3], [0, 2], [1, 3], [1, 2], [2, 3], [2, 2], [2, 3], [3, 2], [3, 3], [3, 1], [3, 4], [4, 1], [3, 5], [4, 1], [3, 6], [4, 0], [3, 7], [4, 3], [3, 3], [4, 4], [3, 3], [4, 5], [3, 3], [4, 6], [0, 3], [4, 7], [0, 3], [4, 4], [0, 4], [4, 4], [0, 5], [5, 4], [1, 5], [5, 5], [1, 4], [5, 6], [2, 4], [5, 6], [2, 5], [5, 7], [2, 5], [5, 4], [2, 6], [5, 4], [2, 6], [5, 4], [2, 6], [5, 4], [2, 7], [5, 4], [3, 7], [5, 4], [4, 7], [5, 4], [4, 7], [5, 4], [4, 7], [5, 4], [5, 7], [5, 4], [2, 7], [5, 4], [2, 4], [6, 4], [2, 3], [6, 4], [2, 4], [6, 4], [1, 4], [6, 3], [2, 4], [6, 3]], "a_points": [1, 1, 2, 2, 3, 3, 1, 1, 2, 2, 3, 3, 4, 4, 2, 2, 3, 3, 4, 4, 5, 5, 6, 6, 7, 7, 13, 13, 17, 17, 15, 15, 19, 19, 23, 23, 23, 23, 24, 24, 25, 25, 26, 26, 27, 27, 28, 28, 26, 26, 27, 27, 25, 25, 23, 23, 24, 24, 25, 25, 26, 26, 24, 24, 22, 22, 23, 23, 27, 27, 31, 31, 31, 31, 31, 31, 30, 30, 30, 30], "b_points": [0, 1, 1, 2, 2, 1, 1, 5, 5, 9, 9, 9, 9, 9, 9, 9, 9, 9, 9, 10, 10, 14, 14, 15, 15, 19, 19, 19, 19, 20, 20, 21, 21, 22, 22, 26, 26, 30, 30, 30, 30, 31, 31, 32, 32, 36, 36, 37, 37, 41, 41, 39, 39, 37, 37, 35, 35, 33, 33, 31, 31, 29, 29, 27, 27, 25, 25, 23, 23, 21, 21, 21, 21, 19, 19, 17, 17, 18, 18, 16], "a_turns_left": [39, 39, 38, 38, 37, 37, 36, 36, 35, 35, 34, 34, 33, 33, 32, 32, 31, 31, 30, 30, 29, 29, 28, 28, 27, 27, 26, 26, 25, 25, 24, 24, 23, 23, 22, 22, 21, 21, 20, 20, 19, 19, 18, 18, 17, 17, 16, 16, 15, 15, 14, 14, 13, 13, 12, 12, 11, 11, 10, 10, 9, 9, 8, 8, 7, 7, 6, 6, 5, 5, 4, 4, 3, 3, 2, 2, 1, 1, 0, 0], "b_turns_left": [40, 39, 39, 38, 38, 37, 37, 36, 36, 35, 35, 34, 34, 33, 33, 32, 32, 31, 31, 30, 30, 29, 29, 28, 28, 27, 27, 26, 26, 25, 25, 24, 24, 23, 23, 22, 22, 21, 21, 20, 20, 19, 19, 18, 18, 17, 17, 16, 16, 15, 15, 14, 14, 13, 13, 12, 12, 11, 11, 10, 10, 9, 9, 8, 8, 7, 7, 6, 6, 5, 5, 4, 4, 3, 3, 2, 2, 1, 1, 0], "a_time_left": [355.39857583283447, 355.39857583283447, 350.79758762498386, 350.79758762498386, 346.19724008301273, 346.19724008301273, 346.19699354097247, 346.19699354097247, 341.5954862488434, 341.5954862488434, 336.9941404568963, 336.9941404568963, 332.3934295398649, 332.3934295398649, 332.39284324878827, 332.39284324878827, 327.79259133175947, 327.79259133175947, 323.192316706758, 323.192316706758, 318.5918099146802, 318.5918099146802, 313.9903499567881, 313.9903499567881, 309.38988449866883, 309.38988449866883, 304.78934316453524, 304.78934316453524, 304.7891834976617, 304.7891834976617, 304.78811587253585, 304.78811587253585, 300.18786849756725, 300.18786849756725, 300.1877575814724, 300.1877575814724, 295.5864517893642, 295.5864517893642, 290.98518778942525, 290.98518778942525, 286.3837797064334, 286.3837797064334, 281.78318066429347, 281.78318066429347, 277.1823435393162, 277.1823435393162, 272.58085687225685, 272.58085687225685, 272.5805558303837, 272.5805558303837, 267.980297913542, 267.980297913542, 267.98019324662164, 267.98019324662164, 267.9801019546576, 267.9801019546576, 263.37985232961364, 263.37985232961364, 258.77932399557903, 258.77932399557903, 254.17881103651598, 254.17881103651598, 254.1783042442985, 254.1783042442985, 254.17818907741457, 254.17818907741457, 249.5779345354531, 249.5779345354531, 244.97763241059147, 244.97763241059147, 240.37692286865786, 240.37692286865786, 235.77639807667583, 235.77639807667583, 231.1762046176009, 231.1762046176009, 226.57601974275894, 226.57601974275894, 221.97585953469388, 221.97585953469388], "b_time_left": [360, 359.99496320821345, 359.99496320821345, 359.9909291660879, 359.9909291660879, 359.98679745802656, 359.98679745802656, 359.9866909580305, 359.9866909580305, 359.98003154201433, 359.98003154201433, 359.97812054213136, 359.97812054213136, 359.97427704231814, 359.97427704231814, 359.97269354225136, 359.97269354225136, 359.97025816724636, 359.97025816724636, 359.96422341722064, 359.96422341722064, 359.96126354229636, 359.96126354229636, 359.95504587632604, 359.95504587632604, 359.9488900844008, 359.9488900844008, 359.94722766825, 359.94722766825, 359.94289058516733, 359.94289058516733, 359.93914233520627, 359.93914233520627, 359.9365356271155, 359.9365356271155, 359.9336698350962, 359.9336698350962, 359.93348587700166, 359.93348587700166, 359.930348793976, 359.930348793976, 359.9193255850114, 359.9193255850114, 359.9135615020059, 359.9135615020059, 359.91026095999405, 359.91026095999405, 359.9046262099873, 359.9046262099873, 359.9024582100101, 359.9024582100101, 359.90235204296187, 359.90235204296187, 359.9022576678544, 359.9022576678544, 359.9021759596653, 359.9021759596653, 359.9017758765258, 359.9017758765258, 359.8995054184925, 359.8995054184925, 359.89894425147213, 359.89894425147213, 359.8988549176138, 359.8988549176138, 359.898767584702, 359.898767584702, 359.8985600427259, 359.8985600427259, 359.89649145887233, 359.89649145887233, 359.8942613748368, 359.8942613748368, 359.89414904196747, 359.89414904196747, 359.89404200110584, 359.89404200110584, 359.89099812624045, 359.89099812624045, 359.8857400843408], "rat_caught": [false, false, false, false, false, false, false, true, false, false, false, false, false, false, false, false, false, false, false, false, false, true, false, false, false, false, false, false, true, false, false, false, false, false, true, false, false, true, false, false, false, false, false, false, false, true, false, false, false, false, false, false, false, false, false, false, false, false, false, false, false, false, false, false, false, false, false, false, false, false, false, false, false, false, false, false, false, false, false, false], "left_behind": ["prime", "prime", "prime", "prime", "prime", "carpet", "search", "search", "prime", "carpet", "prime", "plain", "prime", "plain", "search", "plain", "prime", "plain", "prime", "prime", "prime", "search", "prime", "prime", "prime", "carpet", "carpet", "plain", "search", "prime", "search", "prime", "carpet", "prime", "search", "carpet", "plain", "search", "prime", "plain", "prime", "prime", "prime", "prime", "prime", "search", "prime", "prime", "search", "carpet", "prime", "search", "search", "search", "search", "search", "prime", "search", "prime", "search", "prime", "search", "search", "search", "search", "search", "prime", "search", "carpet", "search", "carpet", "plain", "plain", "search", "plain", "search", "carpet", "prime", "plain", "search"], "errlog_a": "turns=40, last_best_rat_prob=0.677, last_search_target=(5, 3), last_eval=149.64, last_depth=7897, search_miss_streak=5", "errlog_b": "turns=40, last_best_rat_prob=0.525, last_search_target=(4, 7), last_eval=-133.47", "start_time": 360, "start_moves": 80, "turn_count": 80, "result": 0, "reason": "POINTS", "trapdoors": [[3, 0], [3, 0], [3, 0], [3, 1], [3, 1], [3, 1], [3, 1], [3, 1], [3, 6], [3, 5], [3, 5], [3, 5], [3, 5], [3, 6], [3, 6], [3, 6], [3, 6], [3, 6], [3, 6], [3, 6], [3, 6], [3, 6], [7, 7], [7, 7], [7, 7], [7, 7], [7, 6], [7, 5], [7, 5], [3, 1], [3, 2], [3, 2], [3, 2], [3, 2], [3, 2], [0, 5], [0, 5], [0, 5], [7, 2], [7, 2], [6, 2], [6, 1], [6, 1], [5, 1], [4, 1], [4, 1], [4, 5], [4, 5], [4, 4], [4, 3], [5, 3], [6, 3], [7, 3], [7, 2], [7, 1], [7, 1], [7, 0], [6, 0], [5, 0], [5, 0], [4, 0], [4, 0], [5, 0], [5, 0], [5, 0], [5, 0], [5, 0], [5, 0], [5, 0], [5, 0], [5, 0], [5, 0], [4, 0], [3, 0], [3, 0], [3, 0], [3, 1], [3, 1], [3, 1], [3, 1], [3, 1]], "spawn_a": [3, 2], "spawn_b": [4, 2]}